年级,style,钩子,标签,原图url,文件名,url
一年级,1,神奇的小石子,一年级★超好玩,https://cdn-private.sm.cn/souti-imgs-lasting/cover_gm_aa97019f500d84f857f2b69442b3ac1c.jpg,5194ddc690444e619960deb57faf5874.png,https://cdn-private.sm.cn/souti-imgs-lasting/5194ddc690444e619960deb57faf5874.png
一年级,1,百以内数怎么组？,一年级★超好玩,https://cdn-private.sm.cn/souti-imgs-lasting/cover_gm_c86ddb7b825bcdb60a0f9866819e767c.jpg,df55e2a920584f8d9fa70ccdd6dd26c7.png,https://cdn-private.sm.cn/souti-imgs-lasting/df55e2a920584f8d9fa70ccdd6dd26c7.png
一年级,1,数字宝宝有几种分？,一年级★超好玩,https://cdn-private.sm.cn/souti-imgs-lasting/cover_gm_ae62d7b29f965020859cb62de2827233.jpg,859fa4010d234f5c814cef883ae9c563.png,https://cdn-private.sm.cn/souti-imgs-lasting/859fa4010d234f5c814cef883ae9c563.png
一年级,1,数字宝宝排排队！,一年级★超好玩,https://cdn-private.sm.cn/souti-imgs-lasting/cover_gm_653536d7f2779e14d52e07f074cb7d00.jpg,13b5df0b7a234790b7023cd4d25e9de0.png,https://cdn-private.sm.cn/souti-imgs-lasting/13b5df0b7a234790b7023cd4d25e9de0.png
一年级,1,数字拔河比力气！,一年级★超好玩,https://cdn-private.sm.cn/souti-imgs-lasting/cover_gm_e51b7bae473c7f00eeb3dccafea4e695.jpg,d77d004861b04249ab67c560c309a52b.png,https://cdn-private.sm.cn/souti-imgs-lasting/d77d004861b04249ab67c560c309a52b.png
一年级,1,位数相同怎么比？,一年级★超好玩,https://cdn-private.sm.cn/souti-imgs-lasting/cover_gm_a4e2505fa1d6bb6f5b9d6fa7b8a49cf3.jpg,528945942bd0481a8f0c6e0037b33a5c.png,https://cdn-private.sm.cn/souti-imgs-lasting/528945942bd0481a8f0c6e0037b33a5c.png
一年级,1,告别手指头算加减,一年级★数学启蒙,https://cdn-private.sm.cn/souti-imgs-lasting/cover_gm_35133b77b33b0479aee07150370c4cc0.jpg,72aa906cd4a848feb30a02dfc8053e9d.png,https://cdn-private.sm.cn/souti-imgs-lasting/72aa906cd4a848feb30a02dfc8053e9d.png
一年级,1,99后面是100,一年级★数学启蒙,https://cdn-private.sm.cn/souti-imgs-lasting/cover_gm_e4154e110788ec7b883d67d43c386670.jpg,57b5bc7bfcd741b6b0db4b35541df7f2.png,https://cdn-private.sm.cn/souti-imgs-lasting/57b5bc7bfcd741b6b0db4b35541df7f2.png
一年级,1,整十数退位算！,一年级★数学启蒙,https://cdn-private.sm.cn/souti-imgs-lasting/cover_gm_954fd7ce1d31da2258d9f594fcd8187e.jpg,392a73e8afb2464085800c520980a6a8.png,https://cdn-private.sm.cn/souti-imgs-lasting/392a73e8afb2464085800c520980a6a8.png
一年级,1,退位的借位思维,一年级★数学启蒙,https://cdn-private.sm.cn/souti-imgs-lasting/cover_gm_899820656ed95fc490068de082b32a72.jpg,08dd9a63e00b4f83a6e24d20bfb00ba5.png,https://cdn-private.sm.cn/souti-imgs-lasting/08dd9a63e00b4f83a6e24d20bfb00ba5.png
一年级,1,凑整法快速加！,一年级★数学启蒙,https://cdn-private.sm.cn/souti-imgs-lasting/cover_gm_d5aba9b3be87e6dcd01d3e5eb0a9c685.jpg,fee08c4382604c0d987732b12fd3a3f3.png,https://cdn-private.sm.cn/souti-imgs-lasting/fee08c4382604c0d987732b12fd3a3f3.png
一年级,1,进位的小红点！,一年级★数学启蒙,https://cdn-private.sm.cn/souti-imgs-lasting/cover_gm_8ffbee795f5a27504288a57ac47c364f.jpg,52a30992755645d292c12d2977f8eae4.png,https://cdn-private.sm.cn/souti-imgs-lasting/52a30992755645d292c12d2977f8eae4.png
一年级,1,看图列出小算式,一年级★数学启蒙,https://cdn-private.sm.cn/souti-imgs-lasting/cover_gm_aa175341ff6b3720ac4e72bba9a228fa.jpg,6f9f66ff3b4f42d5b92db7b031364eaa.png,https://cdn-private.sm.cn/souti-imgs-lasting/6f9f66ff3b4f42d5b92db7b031364eaa.png
一年级,1,竖式减法借小1,一年级★数学启蒙,https://cdn-private.sm.cn/souti-imgs-lasting/cover_gm_f9bc110725aec05989ee35bda0f7088e.jpg,fb51b1fe77444747bcf90af03fcd081f.png,https://cdn-private.sm.cn/souti-imgs-lasting/fb51b1fe77444747bcf90af03fcd081f.png
一年级,1,竖式加法指挥棒,一年级★数学启蒙,https://cdn-private.sm.cn/souti-imgs-lasting/cover_gm_acf56261fc0034e67169105e71701666.jpg,a59e4f80782644018db2d0c564226cdf.png,https://cdn-private.sm.cn/souti-imgs-lasting/a59e4f80782644018db2d0c564226cdf.png
一年级,1,拆数的小帮手！,二年级★近期要学,https://cdn-private.sm.cn/souti-imgs-lasting/cover_gm_c83842bc895ec39b3467cf38e39b522d.jpg,ce78c553e578436793355fcfa4bc09c7.png,https://cdn-private.sm.cn/souti-imgs-lasting/ce78c553e578436793355fcfa4bc09c7.png
一年级,1,十几减几找口诀！,二年级★近期要学,https://cdn-private.sm.cn/souti-imgs-lasting/cover_gm_2aa904d543943460cd295a708c6cc55a.jpg,3739d578a49d4a5fbee1d1b1459ff0c7.png,https://cdn-private.sm.cn/souti-imgs-lasting/3739d578a49d4a5fbee1d1b1459ff0c7.png
一年级,1,十几减9的速算！,二年级★近期要学,https://cdn-private.sm.cn/souti-imgs-lasting/cover_gm_cf9f8b6cce58bd97a3a65e591f31843d.jpg,0f3edf63197d40fe9fa96f5d836e6c28.png,https://cdn-private.sm.cn/souti-imgs-lasting/0f3edf63197d40fe9fa96f5d836e6c28.png
一年级,1,看图列出小算式,一年级★超好玩,https://cdn-private.sm.cn/souti-imgs-lasting/cover_gm_2f61cb25687daf47b5c085ec41129cb3.jpg,95d2cffb5daa4191ae4dbb12cf9cbf70.png,https://cdn-private.sm.cn/souti-imgs-lasting/95d2cffb5daa4191ae4dbb12cf9cbf70.png
一年级,1,比多比少用加减？,一年级★超好玩,https://cdn-private.sm.cn/souti-imgs-lasting/cover_gm_d61a97af8ccbf6e5e8d6b8ed4b84d0f3.jpg,c0c9578eb2c44ba9a596a53e2fa255cf.png,https://cdn-private.sm.cn/souti-imgs-lasting/c0c9578eb2c44ba9a596a53e2fa255cf.png
一年级,1,应用题剥洋葱！,一年级★超好玩,https://cdn-private.sm.cn/souti-imgs-lasting/cover_gm_feb528ef0ecff4171bbd54de86fddbb1.jpg,aa3aa95c6f50465789b6af23b43eeead.png,https://cdn-private.sm.cn/souti-imgs-lasting/aa3aa95c6f50465789b6af23b43eeead.png
一年级,1,加减法变形金刚！,一年级★超好玩,https://cdn-private.sm.cn/souti-imgs-lasting/cover_gm_ceb4e781326fca505d1c5ff4efca6c82.jpg,535a5b9137114861af57143b39979197.png,https://cdn-private.sm.cn/souti-imgs-lasting/535a5b9137114861af57143b39979197.png
一年级,1,超市价格小算盘！,一年级★超好玩,https://cdn-private.sm.cn/souti-imgs-lasting/cover_gm_a9b52905068e700c2b2422ccb57932ea.jpg,7cf98389cb854298b2b8299824ec2e66.png,https://cdn-private.sm.cn/souti-imgs-lasting/7cf98389cb854298b2b8299824ec2e66.png
一年级,1,课本外思维游戏,一年级★超好玩,https://cdn-private.sm.cn/souti-imgs-lasting/cover_gm_80da1df79af2da85f3a56327bcaa10ba.jpg,5191112e7abc478c9e00d40a0367216e.png,https://cdn-private.sm.cn/souti-imgs-lasting/5191112e7abc478c9e00d40a0367216e.png
一年级,1,七块板拼万千图！,一年级★数学启蒙,https://cdn-private.sm.cn/souti-imgs-lasting/cover_gm_fd59ca0ed8ca067abc87256209442b71.jpg,8d1e1db89b9e46c09be0300aefffeb20.png,https://cdn-private.sm.cn/souti-imgs-lasting/8d1e1db89b9e46c09be0300aefffeb20.png
一年级,1,图形组合大魔法！,一年级★数学启蒙,https://cdn-private.sm.cn/souti-imgs-lasting/cover_gm_528a3ce56c05f63a93301fdc1b4d01bf.jpg,6e1f5c73524f4d04a0810abd4996cfad.png,https://cdn-private.sm.cn/souti-imgs-lasting/6e1f5c73524f4d04a0810abd4996cfad.png
一年级,1,图形家族大集合！,二年级★数学启蒙,https://cdn-private.sm.cn/souti-imgs-lasting/cover_gm_5aeee5320fa484221ab2ce021be31449.jpg,2a0d59fe17384c5b81b7213a5dc3076d.png,https://cdn-private.sm.cn/souti-imgs-lasting/2a0d59fe17384c5b81b7213a5dc3076d.png
二年级,1,千的世界真大！,二年级★数学启蒙,https://cdn-private.sm.cn/souti-imgs-lasting/cover_gm_58e65777679f21e71667548763023723.jpg,c831ea44386a48efb9b4f65648ef7eac.png,https://cdn-private.sm.cn/souti-imgs-lasting/c831ea44386a48efb9b4f65648ef7eac.png
二年级,1,谁是数字大王？,二年级★数学启蒙,https://cdn-private.sm.cn/souti-imgs-lasting/cover_gm_eec11130bdbbd78967b47b8e72948a82.jpg,63106da9586c4860861c951c4c6b9c5b.png,https://cdn-private.sm.cn/souti-imgs-lasting/63106da9586c4860861c951c4c6b9c5b.png
二年级,1,大数字拼拼乐！,二年级★数学启蒙,https://cdn-private.sm.cn/souti-imgs-lasting/cover_gm_bdcb0ab114cbe8205830d7cd2eec152f.jpg,d210b2299d3b4b56b6e1abedd5939b79.png,https://cdn-private.sm.cn/souti-imgs-lasting/d210b2299d3b4b56b6e1abedd5939b79.png
二年级,1,大数字会说话！,二年级★数学启蒙,https://cdn-private.sm.cn/souti-imgs-lasting/cover_gm_fd0854198d5031d317f3e7c8b7fd0f5b.jpg,bd19448b3d86454a94cb24cc91d449b6.png,https://cdn-private.sm.cn/souti-imgs-lasting/bd19448b3d86454a94cb24cc91d449b6.png
二年级,1,加减好朋友！,二年级★认知启蒙,https://cdn-private.sm.cn/souti-imgs-lasting/cover_gm_e827f033f35777fa5ceb5c99873b6a69.jpg,eca1c2278647438cb029816ea4cf8fb3.png,https://cdn-private.sm.cn/souti-imgs-lasting/eca1c2278647438cb029816ea4cf8fb3.png
二年级,1,珠子会算数！,二年级★数学启蒙,https://cdn-private.sm.cn/souti-imgs-lasting/cover_gm_d909b3ff3aa41508f1dbb3ee9fdf7699.jpg,2cc7ce31db5247408b405580a4c93322.png,https://cdn-private.sm.cn/souti-imgs-lasting/2cc7ce31db5247408b405580a4c93322.png
二年级,1,万是个大家族！,二年级★数学启蒙,https://cdn-private.sm.cn/souti-imgs-lasting/cover_gm_7e1562e66ba26c96a478231b09003c34.jpg,7de38e6d9a554714a42d4c589e27d909.png,https://cdn-private.sm.cn/souti-imgs-lasting/7de38e6d9a554714a42d4c589e27d909.png
二年级,1,千是个大数字！,二年级★数学启蒙,https://cdn-private.sm.cn/souti-imgs-lasting/cover_gm_acf1a11fb73d523345b3bf287a641e37.jpg,29668363d5ac48ef9e8a2295f3009133.png,https://cdn-private.sm.cn/souti-imgs-lasting/29668363d5ac48ef9e8a2295f3009133.png
二年级,1,大约是多少呢？,二年级★超好玩,https://cdn-private.sm.cn/souti-imgs-lasting/cover_gm_e0c8fb14be9695aaa1961094448caf0a.jpg,c3f529075f0b488db8b072f8a772f88d.png,https://cdn-private.sm.cn/souti-imgs-lasting/c3f529075f0b488db8b072f8a772f88d.png
二年级,1,满十啦！快搬家！,二年级★超好玩,https://cdn-private.sm.cn/souti-imgs-lasting/cover_gm_341bd9d893b767603e2aa18a92633f2b.jpg,b8524f9af9cd47e8bd811f74c28e7f9d.png,https://cdn-private.sm.cn/souti-imgs-lasting/b8524f9af9cd47e8bd811f74c28e7f9d.png
二年级,1,借一个十来帮忙！,二年级★超好玩,https://cdn-private.sm.cn/souti-imgs-lasting/cover_gm_9751ca091e3dd38895c4e2a3a1b91f30.jpg,71e45eb6bbe240d08c3234ae8235c3f0.png,https://cdn-private.sm.cn/souti-imgs-lasting/71e45eb6bbe240d08c3234ae8235c3f0.png
二年级,1,减法三兄弟！,二年级★超好玩,https://cdn-private.sm.cn/souti-imgs-lasting/cover_gm_94b79718d53f826dc400fa50a6aba9fb.jpg,6ec2aebe2fdb4b5796ef421cff0871ea.png,https://cdn-private.sm.cn/souti-imgs-lasting/6ec2aebe2fdb4b5796ef421cff0871ea.png
二年级,1,加法三兄弟！,二年级★超好玩,https://cdn-private.sm.cn/souti-imgs-lasting/cover_gm_60228452cd5fbfcbbb8a8284702c1644.jpg,105c21d21a804bcd9153d121b0e4134c.png,https://cdn-private.sm.cn/souti-imgs-lasting/105c21d21a804bcd9153d121b0e4134c.png
二年级,1,数字宝宝找房间！,二年级★超好玩,https://cdn-private.sm.cn/souti-imgs-lasting/cover_gm_c0d8a47cff18df660a03f49385982d79.jpg,9213eaa6bc69453bb0f981e948d9400c.png,https://cdn-private.sm.cn/souti-imgs-lasting/9213eaa6bc69453bb0f981e948d9400c.png
二年级,1,猜一猜大约多少？,二年级★超好玩,https://cdn-private.sm.cn/souti-imgs-lasting/cover_gm_e37e018f50ac6a215991da35e634f2f9.jpg,19c8d58421cc41ec89956894f8ce4556.png,https://cdn-private.sm.cn/souti-imgs-lasting/19c8d58421cc41ec89956894f8ce4556.png
二年级,1,连续满十搬家！,二年级★近期要学,https://cdn-private.sm.cn/souti-imgs-lasting/cover_gm_02b925806ead62f0d22fb7492c38852c.jpg,18a8f28e3cfa4f30ac14ddc926f02514.png,https://cdn-private.sm.cn/souti-imgs-lasting/18a8f28e3cfa4f30ac14ddc926f02514.png
二年级,1,连续借位大冒险！,二年级★近期要学,https://cdn-private.sm.cn/souti-imgs-lasting/cover_gm_3ff30530d8d238c37002f5bdd958d533.jpg,567c9e616d1a45cc9d19d884ea3abce4.png,https://cdn-private.sm.cn/souti-imgs-lasting/567c9e616d1a45cc9d19d884ea3abce4.png
二年级,1,倍是什么魔法？,二年级★近期要学,https://cdn-private.sm.cn/souti-imgs-lasting/cover_gm_d522fef96d4702c174389ac0c69d3700.jpg,2af2bbd6bdda4b6b9d5174d91d8abc30.png,https://cdn-private.sm.cn/souti-imgs-lasting/2af2bbd6bdda4b6b9d5174d91d8abc30.png
二年级,1,翻倍魔法棒！,二年级★近期要学,https://cdn-private.sm.cn/souti-imgs-lasting/cover_gm_673211411e6ba648d5e37aa0b699356e.jpg,e5c61c14ed4e48bfa21103e405654edf.png,https://cdn-private.sm.cn/souti-imgs-lasting/e5c61c14ed4e48bfa21103e405654edf.png
二年级,1,线索够了吗？,二年级★近期要学,https://cdn-private.sm.cn/souti-imgs-lasting/cover_gm_b112be4ebb38cb57e4b4606a8c3c0a3e.jpg,5d0729fb2b40449e935429092375c1b8.png,https://cdn-private.sm.cn/souti-imgs-lasting/5d0729fb2b40449e935429092375c1b8.png
二年级,1,缺了什么线索？,二年级★近期要学,https://cdn-private.sm.cn/souti-imgs-lasting/cover_gm_c9abe6f36cb81f62ce3ea8596329621e.jpg,1626286d260e42d0ae6055713f73f886.png,https://cdn-private.sm.cn/souti-imgs-lasting/1626286d260e42d0ae6055713f73f886.png
二年级,1,你是我的几倍？,二年级★近期要学,https://cdn-private.sm.cn/souti-imgs-lasting/cover_gm_8a2eaa1cd2ba3605bc0313305a239364.jpg,fb3af2e945a043a48bbb1d642494b87c.png,https://cdn-private.sm.cn/souti-imgs-lasting/fb3af2e945a043a48bbb1d642494b87c.png
二年级,1,翻几倍变多少？,二年级★近期要学,https://cdn-private.sm.cn/souti-imgs-lasting/cover_gm_f5801e5fd6a1c5b545e46c4ad336644c.jpg,3bf1db61cfe54515af7ba2b7b06dc413.png,https://cdn-private.sm.cn/souti-imgs-lasting/3bf1db61cfe54515af7ba2b7b06dc413.png
二年级,1,一步接一步！,二年级★认知启蒙,https://cdn-private.sm.cn/souti-imgs-lasting/cover_gm_32b0d43ba550fe2a18a617220d9135bc.jpg,d6d858c446d648bd90c07ad9c24cd785.png,https://cdn-private.sm.cn/souti-imgs-lasting/d6d858c446d648bd90c07ad9c24cd785.png
二年级,1,我的一天真精彩！,二年级★认知启蒙,https://cdn-private.sm.cn/souti-imgs-lasting/cover_gm_430b8c8ac5702463a8cc217985ff0e90.jpg,b3ca96f839aa4b1e9876c8c2bc33eb3e.png,https://cdn-private.sm.cn/souti-imgs-lasting/b3ca96f839aa4b1e9876c8c2bc33eb3e.png
二年级,1,时间小书翻翻看！,二年级★认知启蒙,https://cdn-private.sm.cn/souti-imgs-lasting/cover_gm_95c2cd012061eca71a06ebe21f1c80e5.jpg,773657fe4ec940dd939d14bdc0937c10.png,https://cdn-private.sm.cn/souti-imgs-lasting/773657fe4ec940dd939d14bdc0937c10.png
二年级,1,时间去哪了,二年级★认知启蒙,https://cdn-private.sm.cn/souti-imgs-lasting/cover_gm_1e8279b193288df34d9555cd1968f6b1.jpg,bce863097e424bb1a04838938a2002bf.png,https://cdn-private.sm.cn/souti-imgs-lasting/bce863097e424bb1a04838938a2002bf.png
二年级,1,时钟在说话！,二年级★认知启蒙,https://cdn-private.sm.cn/souti-imgs-lasting/cover_gm_22577bf6dbe26e251d2b337b1fdb1094.jpg,19b2e5ca3e024d1abdb30803fa1c4097.png,https://cdn-private.sm.cn/souti-imgs-lasting/19b2e5ca3e024d1abdb30803fa1c4097.png
二年级,1,余数比除数小！,二年级★近期要学,https://cdn-private.sm.cn/souti-imgs-lasting/cover_gm_9215051067ea004b1561b8a9f4060795.jpg,6dcb7289522a4f4581a07af6e37992bf.png,https://cdn-private.sm.cn/souti-imgs-lasting/6dcb7289522a4f4581a07af6e37992bf.png
二年级,1,剩下的怎么分？,二年级★近期要学,https://cdn-private.sm.cn/souti-imgs-lasting/cover_gm_164fd2703e47d8277a01a9b5f6f2011d.jpg,b4900215537544c7b1a4185d5e22a307.png,https://cdn-private.sm.cn/souti-imgs-lasting/b4900215537544c7b1a4185d5e22a307.png
二年级,1,除不尽？试试看！,二年级★近期要学,https://cdn-private.sm.cn/souti-imgs-lasting/cover_gm_0e13cf4fcd1bad73613f76771719b879.jpg,4d3bb752b80f4bc19bba52a2b32c6e75.png,https://cdn-private.sm.cn/souti-imgs-lasting/4d3bb752b80f4bc19bba52a2b32c6e75.png
二年级,1,竖式里的小秘密！,二年级★近期要学,https://cdn-private.sm.cn/souti-imgs-lasting/cover_gm_65d54e1ff1217e159885752048f113df.jpg,f9e2ad8480cb4d12bcb3902585f7da0b.png,https://cdn-private.sm.cn/souti-imgs-lasting/f9e2ad8480cb4d12bcb3902585f7da0b.png
二年级,1,规律在哪里？,二年级★近期要学,https://cdn-private.sm.cn/souti-imgs-lasting/cover_gm_2bfac5f1ee12502943063e01cb57395c.jpg,2648bfaf5a164d5aadb55797f8525286.png,https://cdn-private.sm.cn/souti-imgs-lasting/2648bfaf5a164d5aadb55797f8525286.png
二年级,1,分不完怎么办？,三年级★近期要学,https://cdn-private.sm.cn/souti-imgs-lasting/cover_gm_ed33997cc7a12a7be02edfc28bd2b9dc.jpg,6bb9fd170b484cb5929fb721cb580cb1.png,https://cdn-private.sm.cn/souti-imgs-lasting/6bb9fd170b484cb5929fb721cb580cb1.png
三年级,1,生活里的面积单位,三年级★数学启蒙,https://cdn-private.sm.cn/souti-imgs-lasting/cover_gm_a6be29b095254adb21efbe0d1070f365.jpg,64e79af0d364454b8f966f6858ee7b33.png,https://cdn-private.sm.cn/souti-imgs-lasting/64e79af0d364454b8f966f6858ee7b33.png
三年级,1,长乘宽就是面积,三年级★数学启蒙,https://cdn-private.sm.cn/souti-imgs-lasting/cover_gm_5e25f7bf8dcdfe95a12d29fdbdcc668c.jpg,3db6318936ed47848c61ded9a2410ae6.png,https://cdn-private.sm.cn/souti-imgs-lasting/3db6318936ed47848c61ded9a2410ae6.png
三年级,1,铺地砖里的算式,三年级★超好玩,https://cdn-private.sm.cn/souti-imgs-lasting/cover_gm_451855464526b2a47d7185d112314d83.jpg,035cdb9254ed40b6b626fc164f8b25ba.png,https://cdn-private.sm.cn/souti-imgs-lasting/035cdb9254ed40b6b626fc164f8b25ba.png
三年级,1,进率为何是100？,三年级★超好玩,https://cdn-private.sm.cn/souti-imgs-lasting/cover_gm_6558d37f6bab428a8babadde8d38ff69.jpg,ede93035efc8494ea705087d9a945337.png,https://cdn-private.sm.cn/souti-imgs-lasting/ede93035efc8494ea705087d9a945337.png
三年级,1,面积周长是一回事？,三年级★超好玩,https://cdn-private.sm.cn/souti-imgs-lasting/cover_gm_d60c6376229e4a4a0950a82ab122ec27.jpg,d05bafb8d08c49ec95e56a7ad7f8b02e.png,https://cdn-private.sm.cn/souti-imgs-lasting/d05bafb8d08c49ec95e56a7ad7f8b02e.png
三年级,1,小数位多就大吗？,三年级★数学启蒙,https://cdn-private.sm.cn/souti-imgs-lasting/cover_gm_3f793615d2fddc5704aff11691fe270f.jpg,e2f813cf5f464328b3bb9837449fcde9.png,https://cdn-private.sm.cn/souti-imgs-lasting/e2f813cf5f464328b3bb9837449fcde9.png
三年级,1,小数加减点对齐！,三年级★数学启蒙,https://cdn-private.sm.cn/souti-imgs-lasting/cover_gm_699a69db4f41d156bc010134cc633c3b.jpg,94f3bd33018443a78902d5e3800a6872.png,https://cdn-private.sm.cn/souti-imgs-lasting/94f3bd33018443a78902d5e3800a6872.png
三年级,1,0.5元和5角谁多？,三年级★超好玩,https://cdn-private.sm.cn/souti-imgs-lasting/cover_gm_d8e782556e2e31f779c288a15ad55d76.jpg,67f7ad2f1f654ff8ab2f9319e89511c2.png,https://cdn-private.sm.cn/souti-imgs-lasting/67f7ad2f1f654ff8ab2f9319e89511c2.png
三年级,1,24时vs12时,三年级★数学启蒙,https://cdn-private.sm.cn/souti-imgs-lasting/cover_gm_6b27a363dba0cf33b3d5627095d4a6b8.jpg,f916df933eb14d399b284df5b3dab350.png,https://cdn-private.sm.cn/souti-imgs-lasting/f916df933eb14d399b284df5b3dab350.png
三年级,1,为什么有28天？,三年级★数学启蒙,https://cdn-private.sm.cn/souti-imgs-lasting/cover_gm_ea20e495845b9a5669d85ff8fbff3e0f.jpg,38fd9506821d4f25a51d9a8c65642dc6.png,https://cdn-private.sm.cn/souti-imgs-lasting/38fd9506821d4f25a51d9a8c65642dc6.png
三年级,1,月份天数小规律,三年级★数学启蒙,https://cdn-private.sm.cn/souti-imgs-lasting/cover_gm_8c33756f8e5b0c1aff38b1ce98b7f0f4.jpg,016583ece8d44e8382aae76f43f9a21a.png,https://cdn-private.sm.cn/souti-imgs-lasting/016583ece8d44e8382aae76f43f9a21a.png
三年级,1,韦恩图神助攻！,三年级★数学启蒙,https://cdn-private.sm.cn/souti-imgs-lasting/cover_gm_1159968c163aecebf571388d87d75839.jpg,9a4c328387f54cf2a3773e3a5d064576.png,https://cdn-private.sm.cn/souti-imgs-lasting/9a4c328387f54cf2a3773e3a5d064576.png
三年级,1,神奇的统计表,三年级★数学启蒙,https://cdn-private.sm.cn/souti-imgs-lasting/cover_gm_ecb5242c0bc82777e1238e5e81531219.jpg,4235a7a1d77948269499c16506e9ff07.png,https://cdn-private.sm.cn/souti-imgs-lasting/4235a7a1d77948269499c16506e9ff07.png
三年级,1,杂乱数据变整齐,三年级★数学启蒙,https://cdn-private.sm.cn/souti-imgs-lasting/cover_gm_b34fb4b64a89ee7a263dae817dcdf8c9.jpg,e4e41e39d90e4bf68b9f1c6f9b4ba95f.png,https://cdn-private.sm.cn/souti-imgs-lasting/e4e41e39d90e4bf68b9f1c6f9b4ba95f.png
三年级,1,一张表装两组数,三年级★数学启蒙,https://cdn-private.sm.cn/souti-imgs-lasting/cover_gm_9bd5b03090460374ef2fe88ff064a41b.jpg,6318e45268a84698b478465c5b7ff674.png,https://cdn-private.sm.cn/souti-imgs-lasting/6318e45268a84698b478465c5b7ff674.png
三年级,1,一张纸变出几只蝶？,三年级★超好玩,https://cdn-private.sm.cn/souti-imgs-lasting/cover_gm_a516704667fd8c7886c579789823d0fd.jpg,45117b742b1b401385c6962c5d387663.png,https://cdn-private.sm.cn/souti-imgs-lasting/45117b742b1b401385c6962c5d387663.png
三年级,1,推拉门vs摩天轮,三年级★数学启蒙,https://cdn-private.sm.cn/souti-imgs-lasting/cover_gm_5771900d4e60e33ed7178b4b13657a77.jpg,56a632b354274b12b31a6826823007c9.png,https://cdn-private.sm.cn/souti-imgs-lasting/56a632b354274b12b31a6826823007c9.png
三年级,1,对折两边一样吗？,三年级★数学启蒙,https://cdn-private.sm.cn/souti-imgs-lasting/cover_gm_4e7c9770a44f9beb5d4ad019f69da622.jpg,57c34aff03a24070adaa0d821da493ed.png,https://cdn-private.sm.cn/souti-imgs-lasting/57c34aff03a24070adaa0d821da493ed.png
三年级,1,拼拼乐面积守恒？,三年级★数学启蒙,https://cdn-private.sm.cn/souti-imgs-lasting/cover_gm_1bb824484135952a077ddf2ad0783cd8.jpg,592d101c19f649728a82255c529167b8.png,https://cdn-private.sm.cn/souti-imgs-lasting/592d101c19f649728a82255c529167b8.png
三年级,1,靠墙围篱笆周长？,三年级★近期要学,https://cdn-private.sm.cn/souti-imgs-lasting/cover_gm_9a6795f01a2c00719e8b9acb91dac5a6.jpg,cf6ddc6810e54522bbf2016e1f84ed0e.png,https://cdn-private.sm.cn/souti-imgs-lasting/cf6ddc6810e54522bbf2016e1f84ed0e.png
三年级,1,绕操场到底多长？,三年级★数学启蒙,https://cdn-private.sm.cn/souti-imgs-lasting/cover_gm_c1d6359ec0ddaedcf929d49ce8873795.jpg,aa5493ae0a2048438457661a1e7a8859.png,https://cdn-private.sm.cn/souti-imgs-lasting/aa5493ae0a2048438457661a1e7a8859.png
三年级,1,四边形大家族,三年级★数学启蒙,https://cdn-private.sm.cn/souti-imgs-lasting/cover_gm_fc3c4c0f9d1b52b86acff73ebc9f0d45.jpg,108edc20876342d79316d6b288736bbe.png,https://cdn-private.sm.cn/souti-imgs-lasting/108edc20876342d79316d6b288736bbe.png
三年级,1,长加宽乘2哪来？,三年级★数学启蒙,https://cdn-private.sm.cn/souti-imgs-lasting/cover_gm_93e18c050191c5b17d5d94f291991b82.jpg,98ca99dc72ad48c18e93453d223533ba.png,https://cdn-private.sm.cn/souti-imgs-lasting/98ca99dc72ad48c18e93453d223533ba.png
三年级,1,分不完的尾巴,三年级★近期要学,https://cdn-private.sm.cn/souti-imgs-lasting/cover_gm_1dd350997f9c9b62df4d121fb41897dd.jpg,0737c9866ffc4e49bc22e3b09ac2fdf7.png,https://cdn-private.sm.cn/souti-imgs-lasting/0737c9866ffc4e49bc22e3b09ac2fdf7.png
三年级,1,从高位除起,三年级★近期要学,https://cdn-private.sm.cn/souti-imgs-lasting/cover_gm_f2b1c20b9d26b2925e21ab0f616c5822.jpg,557c184ccb8a4c27a6d12948a022f2a6.png,https://cdn-private.sm.cn/souti-imgs-lasting/557c184ccb8a4c27a6d12948a022f2a6.png
三年级,1,除法口算拆一拆,三年级★近期要学,https://cdn-private.sm.cn/souti-imgs-lasting/cover_gm_88488e443b4c7afbcb232a400fdcdd68.jpg,7e66dbe67fa546a6a8e5a3fd0bc441b6.png,https://cdn-private.sm.cn/souti-imgs-lasting/7e66dbe67fa546a6a8e5a3fd0bc441b6.png
三年级,1,末尾0是占位还是？,三年级★近期要学,https://cdn-private.sm.cn/souti-imgs-lasting/cover_gm_4fbfa1a05f2bfd6b38655632a25db70f.jpg,36990690cb364d46a7b1474afb14281c.png,https://cdn-private.sm.cn/souti-imgs-lasting/36990690cb364d46a7b1474afb14281c.png
三年级,1,商中间0能省吗？,三年级★近期要学,https://cdn-private.sm.cn/souti-imgs-lasting/cover_gm_9772f4113ddec147a57fbd28e4f6fe3b.jpg,6e31208274314611b243511cbc6f28f8.png,https://cdn-private.sm.cn/souti-imgs-lasting/6e31208274314611b243511cbc6f28f8.png
三年级,1,大概够分吗？,三年级★近期要学,https://cdn-private.sm.cn/souti-imgs-lasting/cover_gm_545061031194512005d990d11a64dc90.jpg,f4fca1fdb3ad4716ad3d01269be989b9.png,https://cdn-private.sm.cn/souti-imgs-lasting/f4fca1fdb3ad4716ad3d01269be989b9.png
四年级,2,两边和大于第三边？,四年级★高频考点,https://cdn-private.sm.cn/souti-imgs-lasting/cover_gm_0f868b9ed5ae1dc0fecfd15779f41f4c.jpg,14d483037c304cb79e473f9482af6380.png,https://cdn-private.sm.cn/souti-imgs-lasting/14d483037c304cb79e473f9482af6380.png
四年级,2,内角和到底多少？,四年级★思维进阶,https://cdn-private.sm.cn/souti-imgs-lasting/cover_gm_1f0782dc9c34a0e6143e66283a43ab1c.jpg,7e22382c2575424fb0e8384297b58419.png,https://cdn-private.sm.cn/souti-imgs-lasting/7e22382c2575424fb0e8384297b58419.png
四年级,2,三角形怎么分家？,四年级★高频考点,https://cdn-private.sm.cn/souti-imgs-lasting/cover_gm_befe5fb0dbcdc6c744bee2a1f883fd0a.jpg,3d0bf7b178f44a4186e15d6c4770a7ca.png,https://cdn-private.sm.cn/souti-imgs-lasting/3d0bf7b178f44a4186e15d6c4770a7ca.png
四年级,2,三角形为何最稳？,四年级★概念透视,https://cdn-private.sm.cn/souti-imgs-lasting/cover_gm_50ea8cac23b2811186277773973c5b2c.jpg,9171777dbd9e4be7889a8ad7f316cc25.png,https://cdn-private.sm.cn/souti-imgs-lasting/9171777dbd9e4be7889a8ad7f316cc25.png
四年级,2,十边形内角多少？,四年级★概念透视,https://cdn-private.sm.cn/souti-imgs-lasting/cover_gm_3d0dc812e5c3dfc91b81966095958150.jpg,a97dc803eaf5460a9d03f6ac7b6ed66e.png,https://cdn-private.sm.cn/souti-imgs-lasting/a97dc803eaf5460a9d03f6ac7b6ed66e.png
四年级,2,警示牌为何三角形？,四年级★概念透视,https://cdn-private.sm.cn/souti-imgs-lasting/cover_gm_53ccd94f11fe3a7d030a60070e0dfa2f.jpg,fba5ed8f10d241c3a58fdc10d874148c.png,https://cdn-private.sm.cn/souti-imgs-lasting/fba5ed8f10d241c3a58fdc10d874148c.png
四年级,2,乘除互为逆运算？,四年级★思维进阶,https://cdn-private.sm.cn/souti-imgs-lasting/cover_gm_f07a1719b4eed1f18870cd14290f887e.jpg,d96bf975dfd34251b060bb3ca7478da0.png,https://cdn-private.sm.cn/souti-imgs-lasting/d96bf975dfd34251b060bb3ca7478da0.png
四年级,2,加减互为逆运算？,四年级★思维进阶,https://cdn-private.sm.cn/souti-imgs-lasting/cover_gm_89e4c1af8927ec146a481f8f73f1f3d4.jpg,36c1020ea1a7461e8faba438677c22f5.png,https://cdn-private.sm.cn/souti-imgs-lasting/36c1020ea1a7461e8faba438677c22f5.png
四年级,2,"括号为何能""插队""？",四年级★思维进阶,https://cdn-private.sm.cn/souti-imgs-lasting/cover_gm_f801c6a72adeb1963be75ffae276858b.jpg,ff37386854f94457a71567d20e0e7b3a.png,https://cdn-private.sm.cn/souti-imgs-lasting/ff37386854f94457a71567d20e0e7b3a.png
四年级,2,0为何不能当除数？,四年级★概念透视,https://cdn-private.sm.cn/souti-imgs-lasting/cover_gm_14d8b47e190ba4d7cb1e848b6035bd43.jpg,5c42b0e8d8c047a1b40d5befad921482.png,https://cdn-private.sm.cn/souti-imgs-lasting/5c42b0e8d8c047a1b40d5befad921482.png
四年级,2,最优化方案怎么定？,四年级★思维进阶,https://cdn-private.sm.cn/souti-imgs-lasting/cover_gm_097df32acae1af4c10a7980ecb75b705.jpg,b3bdfa575fd043fcab5bd59944e9d12f.png,https://cdn-private.sm.cn/souti-imgs-lasting/b3bdfa575fd043fcab5bd59944e9d12f.png
四年级,2,小路被踩怎么算？,四年级★破解技巧,https://cdn-private.sm.cn/souti-imgs-lasting/cover_gm_8544375d4f21fc5befa8c5cd85715086.jpg,9fe86e83704446af8bbd75f52e7e4b6f.png,https://cdn-private.sm.cn/souti-imgs-lasting/9fe86e83704446af8bbd75f52e7e4b6f.png
四年级,2,推门关窗算平移？,四年级★破解技巧,https://cdn-private.sm.cn/souti-imgs-lasting/cover_gm_6f4ad8b78eb73df55fdc6230d777992e.jpg,a3c6a1f919f14077a0a38e1dd3152100.png,https://cdn-private.sm.cn/souti-imgs-lasting/a3c6a1f919f14077a0a38e1dd3152100.png
四年级,2,蝴蝶为何对称美？,四年级★概念透视,https://cdn-private.sm.cn/souti-imgs-lasting/cover_gm_45fb00df908c098e1c2f88b18375ac5f.jpg,8645cee800654d2c9264e51abbf75cbe.png,https://cdn-private.sm.cn/souti-imgs-lasting/8645cee800654d2c9264e51abbf75cbe.png
四年级,2,小数点对齐大作战,四年级★应试核心,https://cdn-private.sm.cn/souti-imgs-lasting/cover_gm_52bd721fae54bfdf0bc826ba45e50890.jpg,77194e8567d04750a07ed1e18e0b821f.png,https://cdn-private.sm.cn/souti-imgs-lasting/77194e8567d04750a07ed1e18e0b821f.png
四年级,2,1.1减1.02是正数？,四年级★思维进阶,https://cdn-private.sm.cn/souti-imgs-lasting/cover_gm_cc4d5675454c5d8570d9cd8bd78301ce.jpg,d2630f43c3cd408ba00b072599c81cf3.png,https://cdn-private.sm.cn/souti-imgs-lasting/d2630f43c3cd408ba00b072599c81cf3.png
四年级,2,跳水分怎么算？,四年级★概念透视,https://cdn-private.sm.cn/souti-imgs-lasting/cover_gm_2158bda052362cec81ecf88ad7a0afce.jpg,263b6a13c681419fbd1ef3baa9ac8e18.png,https://cdn-private.sm.cn/souti-imgs-lasting/263b6a13c681419fbd1ef3baa9ac8e18.png
四年级,2,整数律用在小数？,四年级★思维进阶,https://cdn-private.sm.cn/souti-imgs-lasting/cover_gm_6073359635f0a10c616875fdb1a7ffdf.jpg,7cfacf9dc73c4c22b0087adcaff10650.png,https://cdn-private.sm.cn/souti-imgs-lasting/7cfacf9dc73c4c22b0087adcaff10650.png
四年级,2,厘米米怎么互换？,四年级★高频考点,https://cdn-private.sm.cn/souti-imgs-lasting/cover_gm_10f3dc6477812be6756658d1bf209887.jpg,e643688834304429b2c7b17dad3500fc.png,https://cdn-private.sm.cn/souti-imgs-lasting/e643688834304429b2c7b17dad3500fc.png
四年级,2,秒分也是十进制？,四年级★思维进阶,https://cdn-private.sm.cn/souti-imgs-lasting/cover_gm_3ab79e20576459b1934588ee866268da.jpg,c121db42e25d414496de4f8c7d403bc8.png,https://cdn-private.sm.cn/souti-imgs-lasting/c121db42e25d414496de4f8c7d403bc8.png
四年级,2,小数点放大魔法,四年级★应试核心,https://cdn-private.sm.cn/souti-imgs-lasting/cover_gm_8608d083efaad7a62468f9b861f532a5.jpg,1ee388da4fe0440f90c142befc4aadf0.png,https://cdn-private.sm.cn/souti-imgs-lasting/1ee388da4fe0440f90c142befc4aadf0.png
四年级,2,零花钱放大10倍,四年级★应试核心,https://cdn-private.sm.cn/souti-imgs-lasting/cover_gm_ec218cff047bf8593dd51755b99cc485.jpg,dfed2422c7244b1fb989213ab65d8aa9.png,https://cdn-private.sm.cn/souti-imgs-lasting/dfed2422c7244b1fb989213ab65d8aa9.png
四年级,2,小数位多就大吗？,四年级★高频考点,https://cdn-private.sm.cn/souti-imgs-lasting/cover_gm_286a23ad8d900206e1d919ca4b96dc78.jpg,274d8097d4e441958a6cb822fd269fec.png,https://cdn-private.sm.cn/souti-imgs-lasting/274d8097d4e441958a6cb822fd269fec.png
四年级,2,小数末尾敢加0？,四年级★思维进阶,https://cdn-private.sm.cn/souti-imgs-lasting/cover_gm_f546182000807255775bd5604c6a56f9.jpg,256bcff30eca469faefcbcfed6bd1da7.png,https://cdn-private.sm.cn/souti-imgs-lasting/256bcff30eca469faefcbcfed6bd1da7.png
四年级,2,小数都是十进制？,四年级★高频考点,https://cdn-private.sm.cn/souti-imgs-lasting/cover_gm_ee82b0b40b457dbad6fc266a45fbb38d.jpg,97a384c8cf7d48c3b833ec9bf72173b3.png,https://cdn-private.sm.cn/souti-imgs-lasting/97a384c8cf7d48c3b833ec9bf72173b3.png
四年级,2,小数有最高位？,四年级★应试核心,https://cdn-private.sm.cn/souti-imgs-lasting/cover_gm_fd9c41524688b2cf3290a468db84010d.jpg,1a71018168b549db9e97b68e7843204e.png,https://cdn-private.sm.cn/souti-imgs-lasting/1a71018168b549db9e97b68e7843204e.png
四年级,2,小数怎么读对？,四年级★应试核心,https://cdn-private.sm.cn/souti-imgs-lasting/cover_gm_62588865e6bc552d0686612a821f0a03.jpg,70755d19abd64503be08b812de076d9a.png,https://cdn-private.sm.cn/souti-imgs-lasting/70755d19abd64503be08b812de076d9a.png
四年级,2,大数瘦身术,四年级★概念透视,https://cdn-private.sm.cn/souti-imgs-lasting/cover_gm_fc95b91a8cb7bc22293ce2365312d64f.jpg,133e332060334ec69aee23be82a666a9.png,https://cdn-private.sm.cn/souti-imgs-lasting/133e332060334ec69aee23be82a666a9.png
四年级,2,小数也四舍五入？,四年级★概念透视,https://cdn-private.sm.cn/souti-imgs-lasting/cover_gm_e4ee0a53f169ba5d53d27a623ddd2065.jpg,c9bcaa838e7e47118c7d533047343e4f.png,https://cdn-private.sm.cn/souti-imgs-lasting/c9bcaa838e7e47118c7d533047343e4f.png
四年级,2,统计图穿双色衫？,四年级★破解技巧,https://cdn-private.sm.cn/souti-imgs-lasting/cover_gm_d20ce4aea8592f40cdbdf130f05107f6.jpg,6cdda1f3319a492ea4f4b1f81ecf90c9.png,https://cdn-private.sm.cn/souti-imgs-lasting/6cdda1f3319a492ea4f4b1f81ecf90c9.png
四年级,2,100分提多少分？,四年级★概念透视,https://cdn-private.sm.cn/souti-imgs-lasting/cover_gm_78715daa14539d8cc23f51c35c2a5fe5.jpg,27000f819be34acab3662a93cdcc6987.png,https://cdn-private.sm.cn/souti-imgs-lasting/27000f819be34acab3662a93cdcc6987.png
四年级,2,笼子脚丫之谜,四年级★高频考点,https://cdn-private.sm.cn/souti-imgs-lasting/cover_gm_fdc66872f3867b981f9ee49161b9fc3e.jpg,db821d351c6745118e3e9d34dae56d2b.png,https://cdn-private.sm.cn/souti-imgs-lasting/db821d351c6745118e3e9d34dae56d2b.png
四年级,2,横看成岭侧成峰？,四年级★应试核心,https://cdn-private.sm.cn/souti-imgs-lasting/cover_gm_608082228bd335791924707d8b4b26bc.jpg,7a7f3a1a790946ac84dfdbe84ea78363.png,https://cdn-private.sm.cn/souti-imgs-lasting/7a7f3a1a790946ac84dfdbe84ea78363.png
四年级,2,鸟瞰图怎么看？,四年级★思维进阶,https://cdn-private.sm.cn/souti-imgs-lasting/cover_gm_804ac27600527c267e4205b540e55827.jpg,41e10ade4ace4b92aec6cdb1fbec765a.png,https://cdn-private.sm.cn/souti-imgs-lasting/41e10ade4ace4b92aec6cdb1fbec765a.png
四年级,2,乘法的分身术？,四年级★中考必会,https://cdn-private.sm.cn/souti-imgs-lasting/cover_gm_12e6a16b55d201309f8a2387b5e57b11.jpg,492aa6bfd59f4e029d8b9d2eb04b6be2.png,https://cdn-private.sm.cn/souti-imgs-lasting/492aa6bfd59f4e029d8b9d2eb04b6be2.png
四年级,2,乘法巧算秘籍,四年级★中考必会,https://cdn-private.sm.cn/souti-imgs-lasting/cover_gm_431fc5f7ee93a2aa2aa3ec3cce3111a5.jpg,b215b5040bf74969b7e2a04077f5f3c5.png,https://cdn-private.sm.cn/souti-imgs-lasting/b215b5040bf74969b7e2a04077f5f3c5.png
四年级,2,连减小妙招,四年级★思维进阶,https://cdn-private.sm.cn/souti-imgs-lasting/cover_gm_0789b7f4eb5090fb4513f86a294eb23d.jpg,432255f02e0a4ab7a036fb2b57542908.png,https://cdn-private.sm.cn/souti-imgs-lasting/432255f02e0a4ab7a036fb2b57542908.png
四年级,2,1加到100更快算,四年级★思维进阶,https://cdn-private.sm.cn/souti-imgs-lasting/cover_gm_41f6398fa981284f3c271d2d66035aa5.jpg,f8db0883aac64caa87280145b6047ec5.png,https://cdn-private.sm.cn/souti-imgs-lasting/f8db0883aac64caa87280145b6047ec5.png
四年级,2,读懂加法,四年级★高频考点,https://cdn-private.sm.cn/souti-imgs-lasting/cover_gm_a4d474235d2ee71222e12404b4c6169a.jpg,01e42a41e51e41f39f6b14a49375d6ba.png,https://cdn-private.sm.cn/souti-imgs-lasting/01e42a41e51e41f39f6b14a49375d6ba.png
四年级,2,25和4是好朋友？,四年级★高频考点,https://cdn-private.sm.cn/souti-imgs-lasting/cover_gm_d2de4f1a35ad319cc2415a5e544d6c62.jpg,ec020aca619d4bfdb5229914db640666.png,https://cdn-private.sm.cn/souti-imgs-lasting/ec020aca619d4bfdb5229914db640666.png
五年级,2,分数的隐形应用,五年级★应试核心,https://cdn-private.sm.cn/souti-imgs-lasting/cover_gm_96d186729b2aa91d8896f973d8b0e710.jpg,36cc8f269fcd4b1da9ef2ccef9b0085b.png,https://cdn-private.sm.cn/souti-imgs-lasting/36cc8f269fcd4b1da9ef2ccef9b0085b.png
五年级,2,分数混算交通规则,五年级★应试核心,https://cdn-private.sm.cn/souti-imgs-lasting/cover_gm_c74150fbc7e6e3116b29b52cd23b3762.jpg,3f25a98c8d05415f8ab59332321096bf.png,https://cdn-private.sm.cn/souti-imgs-lasting/3f25a98c8d05415f8ab59332321096bf.png
五年级,2,披萨切块怎么分？,五年级★概念透视,https://cdn-private.sm.cn/souti-imgs-lasting/cover_gm_492209587bf89ce4496938db25bb29a1.jpg,6d274821f6ae4987a47f0da096d2149a.png,https://cdn-private.sm.cn/souti-imgs-lasting/6d274821f6ae4987a47f0da096d2149a.png
五年级,2,分母不同怎么加？,五年级★应试核心,https://cdn-private.sm.cn/souti-imgs-lasting/cover_gm_3411e30abc66f07e71231aeae8ddfccd.jpg,0c46ca9ec96a4184a815f5975a7dd43c.png,https://cdn-private.sm.cn/souti-imgs-lasting/0c46ca9ec96a4184a815f5975a7dd43c.png
五年级,2,整数律给分数用？,五年级★中考必会,https://cdn-private.sm.cn/souti-imgs-lasting/cover_gm_3013f7a46f65c5de222edb4aeb6f401f.jpg,6cf0a088ea994fe39442f32efd776044.png,https://cdn-private.sm.cn/souti-imgs-lasting/6cf0a088ea994fe39442f32efd776044.png
五年级,2,7÷3带分数怎么写？,五年级★高频考点,https://cdn-private.sm.cn/souti-imgs-lasting/cover_gm_188c4ef3d13f944e8b6b34106d005b49.jpg,f6b53d52841f4ea4ad38b77aaa792f1d.png,https://cdn-private.sm.cn/souti-imgs-lasting/f6b53d52841f4ea4ad38b77aaa792f1d.png
五年级,2,1饼分4人怎么写？,五年级★高频考点,https://cdn-private.sm.cn/souti-imgs-lasting/cover_gm_3218688b469cb4696767ee57c5f3923b.jpg,70bcf0193c8341d0a6c2bfdd97848128.png,https://cdn-private.sm.cn/souti-imgs-lasting/70bcf0193c8341d0a6c2bfdd97848128.png
五年级,2,0.75和3/4谁大？,五年级★应试核心,https://cdn-private.sm.cn/souti-imgs-lasting/cover_gm_0d827d113041ad7a57da9ef2e8a728e9.jpg,ea68007c562c4bc18bf9b854b68ce2f0.png,https://cdn-private.sm.cn/souti-imgs-lasting/ea68007c562c4bc18bf9b854b68ce2f0.png
五年级,2,1不够分怎么办？,五年级★中考必会,https://cdn-private.sm.cn/souti-imgs-lasting/cover_gm_cf0d49965d9850714dc8eb99acfc4e8f.jpg,e2736d90a40b41db8eefb5ddd3264ae3.png,https://cdn-private.sm.cn/souti-imgs-lasting/e2736d90a40b41db8eefb5ddd3264ae3.png
五年级,2,分数能再化简吗？,五年级★应试核心,https://cdn-private.sm.cn/souti-imgs-lasting/cover_gm_8a82dd71886097f1bb498d4d14e88392.jpg,a4a9164675214f5c90afc1eabd5fc463.png,https://cdn-private.sm.cn/souti-imgs-lasting/a4a9164675214f5c90afc1eabd5fc463.png
五年级,2,有最小公因数吗？,五年级★中考必会,https://cdn-private.sm.cn/souti-imgs-lasting/cover_gm_2d9d309b97071c9f5e1176c47cdb0d86.jpg,d14a020dbc1641bca8f2da0321fac045.png,https://cdn-private.sm.cn/souti-imgs-lasting/d14a020dbc1641bca8f2da0321fac045.png
五年级,2,铺多少瓷砖？,五年级★应试核心,https://cdn-private.sm.cn/souti-imgs-lasting/cover_gm_f082f6115816f5ce41967227e1cbaaef.jpg,5a761b5b1ba0496f8716511c64c7e548.png,https://cdn-private.sm.cn/souti-imgs-lasting/5a761b5b1ba0496f8716511c64c7e548.png
五年级,2,有最大公倍数吗？,五年级★应试核心,https://cdn-private.sm.cn/souti-imgs-lasting/cover_gm_1cea92db1eb7fdad9b4c3d1fcdfcf680.jpg,221aa83e6d8942f18168de61f0f49dd2.png,https://cdn-private.sm.cn/souti-imgs-lasting/221aa83e6d8942f18168de61f0f49dd2.png
五年级,2,韩信点兵用倍数,五年级★应试核心,https://cdn-private.sm.cn/souti-imgs-lasting/cover_gm_1f112675cd398501e300ca109f52f94b.jpg,500811a728084049bb1555fb849b5019.png,https://cdn-private.sm.cn/souti-imgs-lasting/500811a728084049bb1555fb849b5019.png
五年级,2,10投3种，求分数,五年级★高频考点,https://cdn-private.sm.cn/souti-imgs-lasting/cover_gm_0e72f02e5228fd55ca15c772a5998f95.jpg,cf3d3238700643339e9841d600de1d9b.png,https://cdn-private.sm.cn/souti-imgs-lasting/cf3d3238700643339e9841d600de1d9b.png
五年级,2,假分数还算分数？,五年级★思维进阶,https://cdn-private.sm.cn/souti-imgs-lasting/cover_gm_df87f6810cc9291ccf8e79df5258f678.jpg,ab84c9453ca745feaa6dfa62d3b91a13.png,https://cdn-private.sm.cn/souti-imgs-lasting/ab84c9453ca745feaa6dfa62d3b91a13.png
五年级,2,约分会变大小吗？,五年级★破解技巧,https://cdn-private.sm.cn/souti-imgs-lasting/cover_gm_daf08142f5c105b22ee49ee578512551.jpg,4d5d2f510b9243abbf4b1cd9508e6aae.png,https://cdn-private.sm.cn/souti-imgs-lasting/4d5d2f510b9243abbf4b1cd9508e6aae.png
五年级,2,异分母分数直接比吗？,五年级★高频考点,https://cdn-private.sm.cn/souti-imgs-lasting/cover_gm_38b9ed4e872a13c127c440d1f3d61a6f.jpg,4443f78a5e5647298c74382a7741cb01.png,https://cdn-private.sm.cn/souti-imgs-lasting/4443f78a5e5647298c74382a7741cb01.png
五年级,2,2和5倍数共同点？,五年级★中考必会,https://cdn-private.sm.cn/souti-imgs-lasting/cover_gm_d9bbc5597564a6d37b63edc471f427fc.jpg,50e0d89c0f6740888e059f282cc2abb9.png,https://cdn-private.sm.cn/souti-imgs-lasting/50e0d89c0f6740888e059f282cc2abb9.png
五年级,2,3的倍数怎么找？,五年级★中考必会,https://cdn-private.sm.cn/souti-imgs-lasting/cover_gm_6e2be3965727e14d4ef24f8c45329771.jpg,3cc90bbd221d48bd9c76bedace83c033.png,https://cdn-private.sm.cn/souti-imgs-lasting/3cc90bbd221d48bd9c76bedace83c033.png
五年级,2,数字间的亲属关系？,五年级★破解技巧,https://cdn-private.sm.cn/souti-imgs-lasting/cover_gm_525258701da0319e0ba1d95a8c23155f.jpg,52254da8570745208b1e047cfb790fdb.png,https://cdn-private.sm.cn/souti-imgs-lasting/52254da8570745208b1e047cfb790fdb.png
五年级,2,2的倍数有多少个？,五年级★高频考点,https://cdn-private.sm.cn/souti-imgs-lasting/cover_gm_73587056c44ef00d0716c204fb5a5706.jpg,b7b2f346231f41fe94b6724babeb1351.png,https://cdn-private.sm.cn/souti-imgs-lasting/b7b2f346231f41fe94b6724babeb1351.png
五年级,2,奇数加奇数还是奇数吗？,五年级★高频考点,https://cdn-private.sm.cn/souti-imgs-lasting/cover_gm_7eca46050c418d6198e38f15d1473dff.jpg,05f17382374144bab5ae068cdeb7d566.png,https://cdn-private.sm.cn/souti-imgs-lasting/05f17382374144bab5ae068cdeb7d566.png
五年级,2,数字中的孤胆英雄,五年级★破解技巧,https://cdn-private.sm.cn/souti-imgs-lasting/cover_gm_f13ff56faa4582cd4c43b46bc4f44280.jpg,d6f88d27bbdf4a2c858dc52235937654.png,https://cdn-private.sm.cn/souti-imgs-lasting/d6f88d27bbdf4a2c858dc52235937654.png
五年级,2,方格上的华尔兹,五年级★破解技巧,https://cdn-private.sm.cn/souti-imgs-lasting/cover_gm_014acd26778fe8ecc5fd1d19786f79b3.jpg,f7f7fbd5dbba4445aab851c4d589bde1.png,https://cdn-private.sm.cn/souti-imgs-lasting/f7f7fbd5dbba4445aab851c4d589bde1.png
五年级,2,电梯风车一样动吗？,五年级★应试核心,https://cdn-private.sm.cn/souti-imgs-lasting/cover_gm_9b1cc94885a03c67a2362ab2e2b8ed35.jpg,3cdb1ac247b44529bb3d62e3d43e3741.png,https://cdn-private.sm.cn/souti-imgs-lasting/3cdb1ac247b44529bb3d62e3d43e3741.png
五年级,2,旋转三要素是什么？,五年级★概念透视,https://cdn-private.sm.cn/souti-imgs-lasting/cover_gm_ff4f121b54f91962efa7a6f8b5ac64c2.jpg,3b03f11dddb148af9a8ce6f6f9617212.png,https://cdn-private.sm.cn/souti-imgs-lasting/3b03f11dddb148af9a8ce6f6f9617212.png
五年级,2,通知扩散：1变2、2变4,五年级★思维进阶,https://cdn-private.sm.cn/souti-imgs-lasting/cover_gm_99398b68433ba03bf79d60035dac61b8.jpg,5b9c45a3c3eb47d19a018c73d9fac436.png,https://cdn-private.sm.cn/souti-imgs-lasting/5b9c45a3c3eb47d19a018c73d9fac436.png
五年级,2,温度变化心电图,五年级★概念透视,https://cdn-private.sm.cn/souti-imgs-lasting/cover_gm_6eda0733ed4efc8ce4356a780c6a9071.jpg,9f0ee367e2d24b5b885d61c96a7cb154.png,https://cdn-private.sm.cn/souti-imgs-lasting/9f0ee367e2d24b5b885d61c96a7cb154.png
五年级,2,两条线赛跑谁赢？,五年级★高频考点,https://cdn-private.sm.cn/souti-imgs-lasting/cover_gm_f25ccf9ac02690225c409a3d41c79d2f.jpg,8575911e3ec740c6bc90d70c1d418ae8.png,https://cdn-private.sm.cn/souti-imgs-lasting/8575911e3ec740c6bc90d70c1d418ae8.png
五年级,2,9里1次品怎么找？,五年级★思维进阶,https://cdn-private.sm.cn/souti-imgs-lasting/cover_gm_deee37bd44b4e4cce1444931147bcad3.jpg,dd0f80d2edba4c2fa64b076803dab4c2.png,https://cdn-private.sm.cn/souti-imgs-lasting/dd0f80d2edba4c2fa64b076803dab4c2.png
五年级,2,4里1次品怎么找？,五年级★破解技巧,https://cdn-private.sm.cn/souti-imgs-lasting/cover_gm_1b74414f03ceadeeab29f0be07e69d59.jpg,b022186c55d24cd0a5b0a1a0fb876e69.png,https://cdn-private.sm.cn/souti-imgs-lasting/b022186c55d24cd0a5b0a1a0fb876e69.png
五年级,2,三视图锁定一图？,五年级★概念透视,https://cdn-private.sm.cn/souti-imgs-lasting/cover_gm_90ae5c7fff911fc2a29d2b527cb96443.jpg,17899c40d47c4588bb28389ed02ac951.png,https://cdn-private.sm.cn/souti-imgs-lasting/17899c40d47c4588bb28389ed02ac951.png
五年级,2,一面之缘搭立体？,五年级★破解技巧,https://cdn-private.sm.cn/souti-imgs-lasting/cover_gm_9e598d9c4a3879499232137c69932774.jpg,bba2a7226d7e4dc7b560dd940c1d718f.png,https://cdn-private.sm.cn/souti-imgs-lasting/bba2a7226d7e4dc7b560dd940c1d718f.png
五年级,2,立方进率,五年级★高频考点,https://cdn-private.sm.cn/souti-imgs-lasting/cover_gm_6df8f879a0e5c433f32f0f16f6889c36.jpg,b1c051060d6d4e339c9692e9a742188e.png,https://cdn-private.sm.cn/souti-imgs-lasting/b1c051060d6d4e339c9692e9a742188e.png
五年级,2,体积单位有哪些？,五年级★应试核心,https://cdn-private.sm.cn/souti-imgs-lasting/cover_gm_aa471e87ec90446937c8643b27ced8df.jpg,c09b01847457476d8ca68166af4326fe.png,https://cdn-private.sm.cn/souti-imgs-lasting/c09b01847457476d8ca68166af4326fe.png
五年级,2,容积体积一样吗？,五年级★高频考点,https://cdn-private.sm.cn/souti-imgs-lasting/cover_gm_d6a2b6438458d552097a0e8a6a4cda4b.jpg,01b36eb17504464997e1ac2e0428a038.png,https://cdn-private.sm.cn/souti-imgs-lasting/01b36eb17504464997e1ac2e0428a038.png
五年级,2,魔方涂色的秘密,五年级★高频考点,https://cdn-private.sm.cn/souti-imgs-lasting/cover_gm_ae3e9080e918a1843ea8631ae77e90c8.jpg,9c286e36f58a4e768063f473ee803832.png,https://cdn-private.sm.cn/souti-imgs-lasting/9c286e36f58a4e768063f473ee803832.png
五年级,2,魔方一定是正方体吗？,五年级★中考必会,https://cdn-private.sm.cn/souti-imgs-lasting/cover_gm_c29a12c0c92f78f8957c30dabc7facb2.jpg,a923e5ae87ef4d648c5907e75d0f6a91.png,https://cdn-private.sm.cn/souti-imgs-lasting/a923e5ae87ef4d648c5907e75d0f6a91.png
五年级,2,乌鸦喝水的科学,五年级★应试核心,https://cdn-private.sm.cn/souti-imgs-lasting/cover_gm_1f283b345642a923f01176751571b31b.jpg,30b84ad040dd46f3a275807e4aa93c6f.png,https://cdn-private.sm.cn/souti-imgs-lasting/30b84ad040dd46f3a275807e4aa93c6f.png
五年级,2,冰箱能装下大象吗？,五年级★应试核心,https://cdn-private.sm.cn/souti-imgs-lasting/cover_gm_912e15e1bfdea21e0167b7b12e3e2499.jpg,55daa996cbd045b68fbc7426d1488ff6.png,https://cdn-private.sm.cn/souti-imgs-lasting/55daa996cbd045b68fbc7426d1488ff6.png
五年级,2,长正方体表面积,五年级★中考必会,https://cdn-private.sm.cn/souti-imgs-lasting/cover_gm_66023c0d6d15938ed5c2bd7935b4c8dd.jpg,47b2481d161445568fed01b75d67548a.png,https://cdn-private.sm.cn/souti-imgs-lasting/47b2481d161445568fed01b75d67548a.png
五年级,2,教室有多少长方体？,五年级★中考必会,https://cdn-private.sm.cn/souti-imgs-lasting/cover_gm_2a296e32abb458c23655b9dfef8af242.jpg,3818d92a44cc48d5a5253b6310f8ada5.png,https://cdn-private.sm.cn/souti-imgs-lasting/3818d92a44cc48d5a5253b6310f8ada5.png
五年级,2,骰子展开终极奥义,五年级★概念透视,https://cdn-private.sm.cn/souti-imgs-lasting/cover_gm_c19dae578a0bc3cee38ed3614a9f81e2.jpg,4d7eb497f0024c668f96ecfb75ba3dd6.png,https://cdn-private.sm.cn/souti-imgs-lasting/4d7eb497f0024c668f96ecfb75ba3dd6.png
六年级,2,为什么是底面积乘高？,六年级★应试核心,https://cdn-private.sm.cn/souti-imgs-lasting/cover_gm_39e787fa311fa71d0fa52d4b36888a9b.jpg,0f3cb791cbf340b09dacb3f778cfbf88.png,https://cdn-private.sm.cn/souti-imgs-lasting/0f3cb791cbf340b09dacb3f778cfbf88.png
六年级,2,罐头包装纸要多大？,六年级★中考必会,https://cdn-private.sm.cn/souti-imgs-lasting/cover_gm_0298f58e30cce60e069836190e79ee3a.jpg,019ff65cf489468e9f67109f3f717860.png,https://cdn-private.sm.cn/souti-imgs-lasting/019ff65cf489468e9f67109f3f717860.png
六年级,2,侧面展开长方形？,六年级★高频考点,https://cdn-private.sm.cn/souti-imgs-lasting/cover_gm_af2bd83026543d5dfd1b4d9f3712497f.jpg,ffc7a9a087564b078c9fd504cf57ad36.png,https://cdn-private.sm.cn/souti-imgs-lasting/ffc7a9a087564b078c9fd504cf57ad36.png
六年级,2,圆锥是圆柱1/3？,六年级★破解技巧,https://cdn-private.sm.cn/souti-imgs-lasting/cover_gm_cd327d760a6267a80c70c8c68e63b4ba.jpg,be148e5ac7d04177becff2a2fb7f9395.png,https://cdn-private.sm.cn/souti-imgs-lasting/be148e5ac7d04177becff2a2fb7f9395.png
六年级,2,沙堆冰淇淋筒数学,六年级★应试核心,https://cdn-private.sm.cn/souti-imgs-lasting/cover_gm_f26a4743e84f64c04efb0a18f759b782.jpg,4f5fa1d987d040d28389f59f3ac8b364.png,https://cdn-private.sm.cn/souti-imgs-lasting/4f5fa1d987d040d28389f59f3ac8b364.png
六年级,2,排水法升级版,六年级★高频考点,https://cdn-private.sm.cn/souti-imgs-lasting/cover_gm_4a399d9daea05e9e9e38d792a42f14a2.jpg,a5892bd307bb46c4b085b3b0fa667313.png,https://cdn-private.sm.cn/souti-imgs-lasting/a5892bd307bb46c4b085b3b0fa667313.png
六年级,2,摸几个能保证同色？,六年级★应试核心,https://cdn-private.sm.cn/souti-imgs-lasting/cover_gm_357875c6e897b9062589c09480bae767.jpg,b2147c80e5c24f2ca70216b8eb8b230f.png,https://cdn-private.sm.cn/souti-imgs-lasting/b2147c80e5c24f2ca70216b8eb8b230f.png
六年级,2,5苹果4抽屉必发生？,六年级★中考必会,https://cdn-private.sm.cn/souti-imgs-lasting/cover_gm_aa987a3ecdf158bd2f5efb6c4773297a.jpg,c19f1a6255f34aaabcc328b40464c98f.png,https://cdn-private.sm.cn/souti-imgs-lasting/c19f1a6255f34aaabcc328b40464c98f.png
六年级,2,xy=k实际应用,六年级★应试核心,https://cdn-private.sm.cn/souti-imgs-lasting/cover_gm_d8d0bb4c28f79f064e37860badbe5771.jpg,14ffff9788b34682a74d41c00920c0aa.png,https://cdn-private.sm.cn/souti-imgs-lasting/14ffff9788b34682a74d41c00920c0aa.png
六年级,2,照片放大为什么糊？,六年级★概念透视,https://cdn-private.sm.cn/souti-imgs-lasting/cover_gm_2d701bda83b294bf57a6c635dd4f08a5.jpg,f56fcd049cac45ffa4b86f037ee487f1.png,https://cdn-private.sm.cn/souti-imgs-lasting/f56fcd049cac45ffa4b86f037ee487f1.png
六年级,2,速度时间是正比？,六年级★破解技巧,https://cdn-private.sm.cn/souti-imgs-lasting/cover_gm_373123b2d2edac6069eefcbda92ba694.jpg,7ded2e9690a14035a36119417579dbb4.png,https://cdn-private.sm.cn/souti-imgs-lasting/7ded2e9690a14035a36119417579dbb4.png
六年级,2,比例尺装进世界,六年级★应试核心,https://cdn-private.sm.cn/souti-imgs-lasting/cover_gm_b9c24a03a18f67f6dd569171fbf5ad84.jpg,12f3dc79826d439ab24869e49799fdd1.png,https://cdn-private.sm.cn/souti-imgs-lasting/12f3dc79826d439ab24869e49799fdd1.png
六年级,2,图距实距怎么换？,六年级★破解技巧,https://cdn-private.sm.cn/souti-imgs-lasting/cover_gm_2c9733eceff325135d53d939fa57e010.jpg,c35f4146d3b14fbdb25dee14235eee53.png,https://cdn-private.sm.cn/souti-imgs-lasting/c35f4146d3b14fbdb25dee14235eee53.png
六年级,2,内外项积相等？,六年级★概念透视,https://cdn-private.sm.cn/souti-imgs-lasting/cover_gm_ea68ee9e43a61aa546a258c28bebfb32.jpg,bb45fe47c9334c079b19322e1af9a0fc.png,https://cdn-private.sm.cn/souti-imgs-lasting/bb45fe47c9334c079b19322e1af9a0fc.png
六年级,2,两比相等成比例？,六年级★应试核心,https://cdn-private.sm.cn/souti-imgs-lasting/cover_gm_75734f3bb9d182973f277cc866a9df1d.jpg,edcc533d21de4bcc93aa61f5516ecae8.png,https://cdn-private.sm.cn/souti-imgs-lasting/edcc533d21de4bcc93aa61f5516ecae8.png
六年级,2,归一vs归总？,六年级★中考必会,https://cdn-private.sm.cn/souti-imgs-lasting/cover_gm_08cfc977e2bcc0fb9fdce1cd1d99756b.jpg,49340a616f2445b585791c98d518bcbb.png,https://cdn-private.sm.cn/souti-imgs-lasting/49340a616f2445b585791c98d518bcbb.png
六年级,2,未知数在比例里？,六年级★高频考点,https://cdn-private.sm.cn/souti-imgs-lasting/cover_gm_6ebb011f21786b3f4648658387f2de91.jpg,6d25e35773bd489f944db616952199ff.png,https://cdn-private.sm.cn/souti-imgs-lasting/6d25e35773bd489f944db616952199ff.png
六年级,2,出勤合格率怎算？,六年级★应试核心,https://cdn-private.sm.cn/souti-imgs-lasting/cover_gm_af682246717ea9059c2b9d228583f283.jpg,ee6e02be2f694cea88bd3e5e5f6888a0.png,https://cdn-private.sm.cn/souti-imgs-lasting/ee6e02be2f694cea88bd3e5e5f6888a0.png
六年级,2,单利复利的区别,六年级★高频考点,https://cdn-private.sm.cn/souti-imgs-lasting/cover_gm_22ab4a249b8f36aa6e84c3d8b08e0ba2.jpg,001b451f19214de09e4a19592d0298f7.png,https://cdn-private.sm.cn/souti-imgs-lasting/001b451f19214de09e4a19592d0298f7.png
六年级,2,增产两成是多少？,六年级★高频考点,https://cdn-private.sm.cn/souti-imgs-lasting/cover_gm_e0127703a7f81ea56db99440e447e984.jpg,22bd24ae33e74598ad00fdc2e4268205.png,https://cdn-private.sm.cn/souti-imgs-lasting/22bd24ae33e74598ad00fdc2e4268205.png
六年级,2,"""打折""背后的减法",六年级★高频考点,https://cdn-private.sm.cn/souti-imgs-lasting/cover_gm_5e85448535d0e4e9483448ff4b7f7acf.jpg,0617eb83ed5c4693b2252ae14a4f6373.png,https://cdn-private.sm.cn/souti-imgs-lasting/0617eb83ed5c4693b2252ae14a4f6373.png
六年级,2,工资条里的所得税,六年级★中考必会,https://cdn-private.sm.cn/souti-imgs-lasting/cover_gm_d3b7e3dfb7120d2c05674e64ea1efd64.jpg,d464a931edfc41a8872048ba496baf80.png,https://cdn-private.sm.cn/souti-imgs-lasting/d464a931edfc41a8872048ba496baf80.png
六年级,2,满减，折扣，返现哪个划算？,六年级★思维进阶,https://cdn-private.sm.cn/souti-imgs-lasting/cover_gm_cf9bbf1810e04a5b563d04aa0eb57185.jpg,e687288f825b40ccaf534faa3cd9ba2e.png,https://cdn-private.sm.cn/souti-imgs-lasting/e687288f825b40ccaf534faa3cd9ba2e.png
六年级,2,蹬一圈能走多远？,六年级★高频考点,https://cdn-private.sm.cn/souti-imgs-lasting/cover_gm_45a6e6697e1fcd62f122185cc1aa613b.jpg,38b8d8c746684964b8f6e7b77eb18019.png,https://cdn-private.sm.cn/souti-imgs-lasting/38b8d8c746684964b8f6e7b77eb18019.png
六年级,2,数轴正负平衡木,六年级★中考必会,https://cdn-private.sm.cn/souti-imgs-lasting/cover_gm_48c464add4857c30b120a80acc688834.jpg,5ea84627fb404244857389f740cf2ff4.png,https://cdn-private.sm.cn/souti-imgs-lasting/5ea84627fb404244857389f740cf2ff4.png
六年级,2,地上地下的数学,六年级★破解技巧,https://cdn-private.sm.cn/souti-imgs-lasting/cover_gm_37456f9dca78fa72777b21abdd615def.jpg,230b4b3b1b37412cb2aa22263a6729a0.png,https://cdn-private.sm.cn/souti-imgs-lasting/230b4b3b1b37412cb2aa22263a6729a0.png
,2,"""三不知""指什么？",妙题高招★冷知识揭秘,https://cdn-private.sm.cn/souti-imgs-lasting/cover_gm_8426ce73f034cc455fbc70e0305eac97.jpg,e23e1eb875164a18af1af38a6bbbfce1.png,https://cdn-private.sm.cn/souti-imgs-lasting/e23e1eb875164a18af1af38a6bbbfce1.png
,2,"为何不叫""买南北""？",妙题高招★字源揭秘,https://cdn-private.sm.cn/souti-imgs-lasting/cover_gm_402cee5244d3926f3ff4d4ce50960393.jpg,6c48874cab14409090b457bd919cd942.png,https://cdn-private.sm.cn/souti-imgs-lasting/6c48874cab14409090b457bd919cd942.png
,2,"""为""读什么才对？",妙题高招★字源揭秘,https://cdn-private.sm.cn/souti-imgs-lasting/cover_gm_71820aef605f6f06431814860ff2f5ae.jpg,244cbd4bcc51475eb4d0151c6913cee3.png,https://cdn-private.sm.cn/souti-imgs-lasting/244cbd4bcc51475eb4d0151c6913cee3.png
,2,为何用鸭不用鸡？,妙题高招★冷知识揭秘,https://cdn-private.sm.cn/souti-imgs-lasting/cover_gm_0f739022e0df4420facdd098ebbbef56.jpg,8b65de13966a4c0b904fadc1138d9cdc.png,https://cdn-private.sm.cn/souti-imgs-lasting/8b65de13966a4c0b904fadc1138d9cdc.png
,2,读懂未知数,妙题高招★巧算思维,https://cdn-private.sm.cn/souti-imgs-lasting/cover_gm_275ce7c431699c9c54e3dd94adec016a.jpg,a1b6eb8dfa9e4f04ab5afa9fd4b2d507.png,https://cdn-private.sm.cn/souti-imgs-lasting/a1b6eb8dfa9e4f04ab5afa9fd4b2d507.png
,2,连比里的求值,妙题高招★巧算思维,https://cdn-private.sm.cn/souti-imgs-lasting/cover_gm_b767694bc56b4fac01ef59460274b475.jpg,a6506b9e2f5b4f65b6c2f02115a30ec8.png,https://cdn-private.sm.cn/souti-imgs-lasting/a6506b9e2f5b4f65b6c2f02115a30ec8.png
,2,2026!末尾几个0？,妙题高招★巧算思维,https://cdn-private.sm.cn/souti-imgs-lasting/cover_gm_e18799661375cb285a995ccfa52d365f.jpg,2d157e8da8104863ad99feb9ac4a74dd.png,https://cdn-private.sm.cn/souti-imgs-lasting/2d157e8da8104863ad99feb9ac4a74dd.png
,2,二次式求三次方？,妙题高招★巧算思维,https://cdn-private.sm.cn/souti-imgs-lasting/cover_gm_35d04e0a67ac2065e35f45508867d545.jpg,a572a74f0c1a4d37a3a50836e6a19e7c.png,https://cdn-private.sm.cn/souti-imgs-lasting/a572a74f0c1a4d37a3a50836e6a19e7c.png
,2,孙行者下联是？,妙题高招★历史趣闻,https://cdn-private.sm.cn/souti-imgs-lasting/cover_gm_4bddf1977a38c3c637624f6305710f1d.jpg,a247673e2e004132b50e48d6969188a3.png,https://cdn-private.sm.cn/souti-imgs-lasting/a247673e2e004132b50e48d6969188a3.png
,2,拿书必胜的窍门,妙题高招★冷知识揭秘,https://cdn-private.sm.cn/souti-imgs-lasting/cover_gm_4e9078b341a5b9523dc224041cb86f0a.jpg,d66c7fe6a1f841a1a7201846c8d045fb.png,https://cdn-private.sm.cn/souti-imgs-lasting/d66c7fe6a1f841a1a7201846c8d045fb.png
,2,35块要掰几下？,妙题高招★巧算思维,https://cdn-private.sm.cn/souti-imgs-lasting/cover_gm_b3e2d27c84e9827d1967b7900dc452af.jpg,efbff86861d64699890af51c235f7fca.png,https://cdn-private.sm.cn/souti-imgs-lasting/efbff86861d64699890af51c235f7fca.png
,2,"""三寸不烂""指谁？",妙题高招★历史趣闻,https://cdn-private.sm.cn/souti-imgs-lasting/cover_gm_22b55618990625f8bbc49b582d390493.jpg,7018c72c281f43278824fca0f88c2507.png,https://cdn-private.sm.cn/souti-imgs-lasting/7018c72c281f43278824fca0f88c2507.png
,2,"""麦盖三层被""是什么意思？",妙题高招★冷知识揭秘,https://cdn-private.sm.cn/souti-imgs-lasting/cover_gm_9c64c53609fd91d91019ea57f1dc82ea.jpg,1485f1151bf642f9b8789d30634137cb.png,https://cdn-private.sm.cn/souti-imgs-lasting/1485f1151bf642f9b8789d30634137cb.png
,2,"""十八般""最初指什么？",妙题高招★历史趣闻,https://cdn-private.sm.cn/souti-imgs-lasting/cover_gm_a960c879f1ed963e1365a2af2c8cb978.jpg,599ab12c58f946ad9b1e4233ae2b7468.png,https://cdn-private.sm.cn/souti-imgs-lasting/599ab12c58f946ad9b1e4233ae2b7468.png
,2,"""孩子""本指什么？",妙题高招★字源揭秘,https://cdn-private.sm.cn/souti-imgs-lasting/cover_gm_2628cc49f56b83119e77d568fe30c32c.jpg,24bb7ca49af44d6abf98e9d841f80ec7.png,https://cdn-private.sm.cn/souti-imgs-lasting/24bb7ca49af44d6abf98e9d841f80ec7.png
,2,"""四周星""是什么？",妙题高招★字源揭秘,https://cdn-private.sm.cn/souti-imgs-lasting/cover_gm_163c193b3990be0a53d3f0317f122280.jpg,719c78fc4b6e4021b7d5119a653193f7.png,https://cdn-private.sm.cn/souti-imgs-lasting/719c78fc4b6e4021b7d5119a653193f7.png
,2,字盯久会陌生？,妙题高招★巧算思维,https://cdn-private.sm.cn/souti-imgs-lasting/cover_gm_e96de72f3e1927a50bf8a0ca5607b07d.jpg,3434e9da224f4d8dbc3f1235be566a20.png,https://cdn-private.sm.cn/souti-imgs-lasting/3434e9da224f4d8dbc3f1235be566a20.png
,2,末尾添0增18234,妙题高招★巧算思维,https://cdn-private.sm.cn/souti-imgs-lasting/cover_gm_1de7716db5b625e847b232ffe39c836d.jpg,384647d9e1c64d43a82f6982637fcf67.png,https://cdn-private.sm.cn/souti-imgs-lasting/384647d9e1c64d43a82f6982637fcf67.png
,2,三人凑钱买烤鸭,妙题高招★巧算思维,https://cdn-private.sm.cn/souti-imgs-lasting/cover_gm_eba0a4c71ed10454648893f9f1275c16.jpg,94d3827d90f247e58e01855942a42db5.png,https://cdn-private.sm.cn/souti-imgs-lasting/94d3827d90f247e58e01855942a42db5.png
,2,对折42次有多高？,妙题高招★历史趣闻,https://cdn-private.sm.cn/souti-imgs-lasting/cover_gm_29d46c84e78e064b0b4d48c37fc93900.jpg,e0e9b09d9e1b4b1e91dd80292d5b0e9b.png,https://cdn-private.sm.cn/souti-imgs-lasting/e0e9b09d9e1b4b1e91dd80292d5b0e9b.png
,2,老板赔了多少？,妙题高招★巧算思维,https://cdn-private.sm.cn/souti-imgs-lasting/cover_gm_373ae9681155c1d702413908635cf81d.jpg,813a808824b646c48fa9294c415244f5.png,https://cdn-private.sm.cn/souti-imgs-lasting/813a808824b646c48fa9294c415244f5.png
,2,三牌整除43,妙题高招★巧算思维,https://cdn-private.sm.cn/souti-imgs-lasting/cover_gm_60672912eeb7d3d76c0904f74d817002.jpg,007ee91b64e24c2e9194d60196156ccc.png,https://cdn-private.sm.cn/souti-imgs-lasting/007ee91b64e24c2e9194d60196156ccc.png
,2,读懂和差,妙题高招★巧算思维,https://cdn-private.sm.cn/souti-imgs-lasting/cover_gm_60a0ecb2b9d705733b36b07d65c27476.jpg,f174fe8840e246069ed4e1be178329b5.png,https://cdn-private.sm.cn/souti-imgs-lasting/f174fe8840e246069ed4e1be178329b5.png
,2,重叠面积怎么算？,妙题高招★巧算思维,https://cdn-private.sm.cn/souti-imgs-lasting/cover_gm_187cc19e47c6f8bf19ba9931a0998925.jpg,f26b40be15e944f2b80cfff939c5a2f5.png,https://cdn-private.sm.cn/souti-imgs-lasting/f26b40be15e944f2b80cfff939c5a2f5.png
,2,冰为什么浮水面？,妙题高招★巧算思维,https://cdn-private.sm.cn/souti-imgs-lasting/cover_gm_dda2edfa454bbd072c739b873ab5f867.jpg,9af59f2c4b7c471dac5e82a4631767c0.png,https://cdn-private.sm.cn/souti-imgs-lasting/9af59f2c4b7c471dac5e82a4631767c0.png
,2,"为何不叫""房西""？",妙题高招★字源揭秘,https://cdn-private.sm.cn/souti-imgs-lasting/cover_gm_08cf8d78e985dea054510f5f7661f2ed.jpg,6acaa3080b0c4777965d9d8967fbd89f.png,https://cdn-private.sm.cn/souti-imgs-lasting/6acaa3080b0c4777965d9d8967fbd89f.png
,2,"为何""学富五车""？",妙题高招★字源揭秘,https://cdn-private.sm.cn/souti-imgs-lasting/cover_gm_d679bd0df2c2500da68f6f8eb22987d9.jpg,c1f8401e24da4942a4dbd86384cba299.png,https://cdn-private.sm.cn/souti-imgs-lasting/c1f8401e24da4942a4dbd86384cba299.png
,2,非洲人为什么卷发？,妙题高招★冷知识揭秘,https://cdn-private.sm.cn/souti-imgs-lasting/cover_gm_6ee2bae57388a785aa7e6b16c12f411d.jpg,2ddb986f8f414dc489ebf9b92559f3ef.png,https://cdn-private.sm.cn/souti-imgs-lasting/2ddb986f8f414dc489ebf9b92559f3ef.png
,2,鸡为何要吃沙粒？,妙题高招★冷知识揭秘,https://cdn-private.sm.cn/souti-imgs-lasting/cover_gm_10a4097b5c06f06af0b47e0383daa12c.jpg,bd69aa1ce52e4392a58763f0d1fd73c8.png,https://cdn-private.sm.cn/souti-imgs-lasting/bd69aa1ce52e4392a58763f0d1fd73c8.png
,2,鱼能看到水？,妙题高招★冷知识揭秘,https://cdn-private.sm.cn/souti-imgs-lasting/cover_gm_5e20aa4ee2ce15950f70723a7167ebf3.jpg,1ff986b4bdd54e828fc18ec99ae93fe1.png,https://cdn-private.sm.cn/souti-imgs-lasting/1ff986b4bdd54e828fc18ec99ae93fe1.png
,2,空腹不宜吃什么？,妙题高招★冷知识揭秘,https://cdn-private.sm.cn/souti-imgs-lasting/cover_gm_1c36b3a0dd1bc6ab8ecb511845225c40.jpg,c28b343d6b6e4375b55fd825608bb1e7.png,https://cdn-private.sm.cn/souti-imgs-lasting/c28b343d6b6e4375b55fd825608bb1e7.png
,2,反逻辑的大小？,妙题高招★巧算思维,https://cdn-private.sm.cn/souti-imgs-lasting/cover_gm_6478e62cf137db5ec7caee938100d73d.jpg,8ae1e4e7039e402093234d2b8f55871f.png,https://cdn-private.sm.cn/souti-imgs-lasting/8ae1e4e7039e402093234d2b8f55871f.png
,2,涨跌10%亏了吗？,妙题高招★冷知识揭秘,https://cdn-private.sm.cn/souti-imgs-lasting/cover_gm_6a9864d6fb4cf69b4382ea4c6cd915f5.jpg,8b5df9ac708149c3b2fe4e387f1353bf.png,https://cdn-private.sm.cn/souti-imgs-lasting/8b5df9ac708149c3b2fe4e387f1353bf.png
,2,头发去哪了？,妙题高招★冷知识揭秘,https://cdn-private.sm.cn/souti-imgs-lasting/cover_gm_58b6f42cb93d534dadd847f1e1d701b9.jpg,3b7340b8e05f49da8d2e8a29d108e9e3.png,https://cdn-private.sm.cn/souti-imgs-lasting/3b7340b8e05f49da8d2e8a29d108e9e3.png
,2,古代有身份证？,妙题高招★冷知识揭秘,https://cdn-private.sm.cn/souti-imgs-lasting/cover_gm_0f4e6386404b2c1e04961f03a85f4f8d.jpg,9285f310a45f413488bb62d33a7f95fa.png,https://cdn-private.sm.cn/souti-imgs-lasting/9285f310a45f413488bb62d33a7f95fa.png
,2,吸血蚊子是公还是母？,妙题高招★冷知识揭秘,https://cdn-private.sm.cn/souti-imgs-lasting/cover_gm_d5793c9d88d81375eadbb647dfcd97b5.jpg,916abae479c34152ae763a7336ee4790.png,https://cdn-private.sm.cn/souti-imgs-lasting/916abae479c34152ae763a7336ee4790.png
,2,"谁是海洋""歌唱家""？",妙题高招★冷知识揭秘,https://cdn-private.sm.cn/souti-imgs-lasting/cover_gm_5b7c9f405c440aeb27475fd3483db12e.jpg,11c19622b6b4479687c691fa002992cc.png,https://cdn-private.sm.cn/souti-imgs-lasting/11c19622b6b4479687c691fa002992cc.png
,2,哪种鱼能变性？,妙题高招★冷知识揭秘,https://cdn-private.sm.cn/souti-imgs-lasting/cover_gm_21399cedeb032bd5192494d1bd306f8c.jpg,07b365c7ddcc473ca459f9dc9054af40.png,https://cdn-private.sm.cn/souti-imgs-lasting/07b365c7ddcc473ca459f9dc9054af40.png
,2,水中下蛋水位变？,妙题高招★冷知识揭秘,https://cdn-private.sm.cn/souti-imgs-lasting/cover_gm_ab6734169a22ec19e2e63e66bb4cc5c3.jpg,19f1d446e8b44dcb91bd79aad3294802.png,https://cdn-private.sm.cn/souti-imgs-lasting/19f1d446e8b44dcb91bd79aad3294802.png
,2,消失的1元钱？,妙题高招★冷知识揭秘,https://cdn-private.sm.cn/souti-imgs-lasting/cover_gm_5b6f8b20273e9794596adcc082853151.jpg,4667ca5e62e54a2aa30d2e2ff2104655.png,https://cdn-private.sm.cn/souti-imgs-lasting/4667ca5e62e54a2aa30d2e2ff2104655.png
,2,倒立喝水会怎样？,妙题高招★冷知识揭秘,https://cdn-private.sm.cn/souti-imgs-lasting/cover_gm_9f09816b6bdd25de1559913046d35ea0.jpg,a4c2d1b975ab46de9b259c6b79e761ca.png,https://cdn-private.sm.cn/souti-imgs-lasting/a4c2d1b975ab46de9b259c6b79e761ca.png
,2,狗偷东西为什么是人违法？,妙题高招★冷知识揭秘,https://cdn-private.sm.cn/souti-imgs-lasting/cover_gm_b710e55767ea8068a635088b8d92fd6d.jpg,b7fcdfe5438345fdb3b685b1e15c383e.png,https://cdn-private.sm.cn/souti-imgs-lasting/b7fcdfe5438345fdb3b685b1e15c383e.png
,2,什么水果视力最差？,妙题高招★冷知识揭秘,https://cdn-private.sm.cn/souti-imgs-lasting/cover_gm_451dc4276465089cd1c8db00905d8205.jpg,905db2b81b5844ac83dd9c15b67b7c07.png,https://cdn-private.sm.cn/souti-imgs-lasting/905db2b81b5844ac83dd9c15b67b7c07.png
,2,"""宫保""是什么意思？",妙题高招★字源揭秘,https://cdn-private.sm.cn/souti-imgs-lasting/cover_gm_a785cd4a3aa536b6c6471004990c3199.jpg,7ada9eb4092a4f95b9e3a0716138436c.png,https://cdn-private.sm.cn/souti-imgs-lasting/7ada9eb4092a4f95b9e3a0716138436c.png
,2,树到底怎么栽？,妙题高招★冷知识揭秘,https://cdn-private.sm.cn/souti-imgs-lasting/cover_gm_96b965b7eb3d7e9e2a2a872f39aaae70.jpg,f5c13054df884b9fae3a90db05c162f7.png,https://cdn-private.sm.cn/souti-imgs-lasting/f5c13054df884b9fae3a90db05c162f7.png
,2,方框填什么得2026？,妙题高招★巧算思维,https://cdn-private.sm.cn/souti-imgs-lasting/cover_gm_79416c3648417584c1646cf111015327.jpg,357055fdd5724202a87bd57d535b0441.png,https://cdn-private.sm.cn/souti-imgs-lasting/357055fdd5724202a87bd57d535b0441.png
,2,立方根求a,妙题高招★巧算思维,https://cdn-private.sm.cn/souti-imgs-lasting/cover_gm_40433b9a96b006f1ada9fa4e70ef1d48.jpg,84623aca73874c3084fa412223808211.png,https://cdn-private.sm.cn/souti-imgs-lasting/84623aca73874c3084fa412223808211.png
,2,羊城是几只羊？,妙题高招★冷知识揭秘,https://cdn-private.sm.cn/souti-imgs-lasting/cover_gm_9f07dab69ac6790838870cf8026d645c.jpg,f97b2a487b264477bccb02ea5ed0e889.png,https://cdn-private.sm.cn/souti-imgs-lasting/f97b2a487b264477bccb02ea5ed0e889.png
,2,“毛病”指什么动物的毛？,妙题高招★冷知识揭秘,https://cdn-private.sm.cn/souti-imgs-lasting/cover_gm_0b84b024b5f5bcd317d51fefbab2c23f.jpg,7d49216639304856911bd7ceab716fc0.png,https://cdn-private.sm.cn/souti-imgs-lasting/7d49216639304856911bd7ceab716fc0.png
,2,加减乘谜题,妙题高招★巧算思维,https://cdn-private.sm.cn/souti-imgs-lasting/cover_gm_8168879a0a373be039f100d463192050.jpg,4b35f34a19b24d1ebeffa0c9e674062f.png,https://cdn-private.sm.cn/souti-imgs-lasting/4b35f34a19b24d1ebeffa0c9e674062f.png
,2,4人只有1给手电怎么过桥？,妙题高招★冷知识揭秘,https://cdn-private.sm.cn/souti-imgs-lasting/cover_gm_724e61145e0d6c7dc1fa34356c797657.jpg,d4e5144864a143afbd8b1425926d7724.png,https://cdn-private.sm.cn/souti-imgs-lasting/d4e5144864a143afbd8b1425926d7724.png
,2,李白没吃过什么？,妙题高招★冷知识揭秘,https://cdn-private.sm.cn/souti-imgs-lasting/cover_gm_f3f65f3f30e299a1febe8107be931092.jpg,c80873b17f0e4b51aa96451a0197ac0d.png,https://cdn-private.sm.cn/souti-imgs-lasting/c80873b17f0e4b51aa96451a0197ac0d.png
,2,壶中原有几斗酒？,妙题高招★巧算思维,https://cdn-private.sm.cn/souti-imgs-lasting/cover_gm_72d9eb994b86a0c8d483181080e9f350.jpg,e1729901944b4097b7a00c595c7e0ed3.png,https://cdn-private.sm.cn/souti-imgs-lasting/e1729901944b4097b7a00c595c7e0ed3.png
,2,概率0=不发生？,妙题高招★冷知识揭秘,https://cdn-private.sm.cn/souti-imgs-lasting/cover_gm_598f991bca90c383a56575bf99be193d.jpg,d62be366caa345c08472eeb54e5205ce.png,https://cdn-private.sm.cn/souti-imgs-lasting/d62be366caa345c08472eeb54e5205ce.png
,2,橡皮和尺子为什么总粘一起？,妙题高招★冷知识揭秘,https://cdn-private.sm.cn/souti-imgs-lasting/cover_gm_87804346447c702f0ade8a08e7438b1c.jpg,6abb600202404ab7a829a5fa7ae7c4c5.png,https://cdn-private.sm.cn/souti-imgs-lasting/6abb600202404ab7a829a5fa7ae7c4c5.png
,2,大数幂比大小,妙题高招★巧算思维,https://cdn-private.sm.cn/souti-imgs-lasting/cover_gm_71a4d08adb19b20159e6c3d5e21a013d.jpg,e2d0aeca3054472090542fa633b3ea92.png,https://cdn-private.sm.cn/souti-imgs-lasting/e2d0aeca3054472090542fa633b3ea92.png
,2,分数比大小,妙题高招★巧算思维,https://cdn-private.sm.cn/souti-imgs-lasting/cover_gm_d6a11aee3245aa52ea461dc27554f2c8.jpg,c0074d2ec6de434ea63b60a87cfb30f0.png,https://cdn-private.sm.cn/souti-imgs-lasting/c0074d2ec6de434ea63b60a87cfb30f0.png
,2,两分数比大小,妙题高招★巧算思维,https://cdn-private.sm.cn/souti-imgs-lasting/cover_gm_15e132ca29f5d06ac054cebf74c2a245.jpg,2555d008fb8d4682adb86dd7d5abadb5.png,https://cdn-private.sm.cn/souti-imgs-lasting/2555d008fb8d4682adb86dd7d5abadb5.png
,2,17头牛怎么分？,妙题高招★巧算思维,https://cdn-private.sm.cn/souti-imgs-lasting/cover_gm_15526f366b90294546b440b166f221e0.jpg,fee89c79326a460b8c823f1908520849.png,https://cdn-private.sm.cn/souti-imgs-lasting/fee89c79326a460b8c823f1908520849.png
,2,湖北湖南哪个湖？,妙题高招★常识纠错,https://cdn-private.sm.cn/souti-imgs-lasting/cover_gm_e3a251865b84dc8d4da3ebfacd2e611b.jpg,9cb8223b0ab64e409867df53196fb3df.png,https://cdn-private.sm.cn/souti-imgs-lasting/9cb8223b0ab64e409867df53196fb3df.png
,2,吹4支还剩几支？,妙题高招★巧算思维,https://cdn-private.sm.cn/souti-imgs-lasting/cover_gm_9cdc80f17472d229a8c18b8ff3c0856f.jpg,e82bf7d48e0f416395c06f37dd19bba0.png,https://cdn-private.sm.cn/souti-imgs-lasting/e82bf7d48e0f416395c06f37dd19bba0.png
,2,"""烂醉如泥""的“泥”指什么？",妙题高招★字源揭秘,https://cdn-private.sm.cn/souti-imgs-lasting/cover_gm_7a0c005e7f7bdd414c4410bf04c1fb1c.jpg,21e8ac0e875a4986b38a4cce2453a6e4.png,https://cdn-private.sm.cn/souti-imgs-lasting/21e8ac0e875a4986b38a4cce2453a6e4.png
,2,两根绳量15分？,妙题高招★巧算思维,https://cdn-private.sm.cn/souti-imgs-lasting/cover_gm_d37aa10338f703eff34cc361330b6703.jpg,e4657b07529a4cbd8dd3a817c157719a.png,https://cdn-private.sm.cn/souti-imgs-lasting/e4657b07529a4cbd8dd3a817c157719a.png
,2,煎蛋加什么防溅？,妙题高招★常识纠错,https://cdn-private.sm.cn/souti-imgs-lasting/cover_gm_86f0e7116b7e9044bb66a6e65e5d4838.jpg,49ec7df3332f4bc18b7b78f7bf172bb4.png,https://cdn-private.sm.cn/souti-imgs-lasting/49ec7df3332f4bc18b7b78f7bf172bb4.png
,2,照相机仿生何物？,妙题高招★冷知识揭秘,https://cdn-private.sm.cn/souti-imgs-lasting/cover_gm_bb6410997240b3a4dce96251aaae5548.jpg,48a97a51884e43c9bdf91a8e62f554fd.png,https://cdn-private.sm.cn/souti-imgs-lasting/48a97a51884e43c9bdf91a8e62f554fd.png
,2,红汤绿汤为什么？,妙题高招★冷知识揭秘,https://cdn-private.sm.cn/souti-imgs-lasting/cover_gm_7391af92dafa0f8692485c7c70ccf402.jpg,e8e0a8fb4394469fb2a320631830c091.png,https://cdn-private.sm.cn/souti-imgs-lasting/e8e0a8fb4394469fb2a320631830c091.png
,2,王婆其实是男的？,妙题高招★冷知识揭秘,https://cdn-private.sm.cn/souti-imgs-lasting/cover_gm_b08f3211ae22e3205ceb20e3fb212c7f.jpg,5d6bc1c158584a638d5c298134603766.png,https://cdn-private.sm.cn/souti-imgs-lasting/5d6bc1c158584a638d5c298134603766.png
,2,瓦斯什么味道？,妙题高招★常识纠错,https://cdn-private.sm.cn/souti-imgs-lasting/cover_gm_282a502fe6ecefdc583e05e5aea6b510.jpg,2f65cdffe6fd4b488c055fb0a13e6961.png,https://cdn-private.sm.cn/souti-imgs-lasting/2f65cdffe6fd4b488c055fb0a13e6961.png
,2,到底有几条疯狗？,妙题高招★巧算思维,https://cdn-private.sm.cn/souti-imgs-lasting/cover_gm_c71e0e4be89233887ccca7c1516ea877.jpg,149e3eae5be84805882566c85bf625cc.png,https://cdn-private.sm.cn/souti-imgs-lasting/149e3eae5be84805882566c85bf625cc.png
,2,哪几盏灯还亮？,妙题高招★巧算思维,https://cdn-private.sm.cn/souti-imgs-lasting/cover_gm_471b72dbed0394169282de797fe702b9.jpg,2102ab31180e4c649c9c0c0f5ba13be0.png,https://cdn-private.sm.cn/souti-imgs-lasting/2102ab31180e4c649c9c0c0f5ba13be0.png
,2,到底有多少人？,妙题高招★巧算思维,https://cdn-private.sm.cn/souti-imgs-lasting/cover_gm_7aa0460d8656d8bcbbd59d9933a74f06.jpg,3f2deab81258432581394a7047821d6d.png,https://cdn-private.sm.cn/souti-imgs-lasting/3f2deab81258432581394a7047821d6d.png
,2,水涨船高淹梯子,妙题高招★巧算思维,https://cdn-private.sm.cn/souti-imgs-lasting/cover_gm_e591fade4bb238a9cdf846e553519758.jpg,f671c91455d64870adb39e0404b0c004.png,https://cdn-private.sm.cn/souti-imgs-lasting/f671c91455d64870adb39e0404b0c004.png
,2,"""搓手""不是紧张",妙题高招★冷知识揭秘,https://cdn-private.sm.cn/souti-imgs-lasting/cover_gm_46844b9f7d56c1eb86df22da18b021db.jpg,9dfeac25b68a4a5faf0e48a0d59ed9ef.png,https://cdn-private.sm.cn/souti-imgs-lasting/9dfeac25b68a4a5faf0e48a0d59ed9ef.png
,2,爸妈合力几天吃完？,妙题高招★巧算思维,https://cdn-private.sm.cn/souti-imgs-lasting/cover_gm_1c4c2dec3a03f16ae2a187336b18fdfa.jpg,0dae54d560b0427cb5a4b6066f9ec113.png,https://cdn-private.sm.cn/souti-imgs-lasting/0dae54d560b0427cb5a4b6066f9ec113.png
,2,馒头会回缩？,妙题高招★常识纠错,https://cdn-private.sm.cn/souti-imgs-lasting/cover_gm_e062c456b6523face3a68a4876eff960.jpg,5afa6ba1918b4394b897d96e40bf2d20.png,https://cdn-private.sm.cn/souti-imgs-lasting/5afa6ba1918b4394b897d96e40bf2d20.png
,2,"""马""指什么？",妙题高招★字源揭秘,https://cdn-private.sm.cn/souti-imgs-lasting/cover_gm_0dd557efb153e77f8d7f7f5b5696402a.jpg,0107b346a531460b96b6082c649256b3.png,https://cdn-private.sm.cn/souti-imgs-lasting/0107b346a531460b96b6082c649256b3.png
,2,蜂蜜为什么不坏？,妙题高招★常识纠错,https://cdn-private.sm.cn/souti-imgs-lasting/cover_gm_e24464c36fd7c1d9bb6260375ad85ce5.jpg,248177543d4d403bb686ce80fdd19e7e.png,https://cdn-private.sm.cn/souti-imgs-lasting/248177543d4d403bb686ce80fdd19e7e.png
,2,蜗牛爬几天能出井？,妙题高招★巧算思维,https://cdn-private.sm.cn/souti-imgs-lasting/cover_gm_27ea91deac804691262ba57d24863de1.jpg,8847ac900b8646cc986f8f0179511b81.png,https://cdn-private.sm.cn/souti-imgs-lasting/8847ac900b8646cc986f8f0179511b81.png
,2,(x+3)(x+5)=9999,妙题高招★巧算思维,https://cdn-private.sm.cn/souti-imgs-lasting/cover_gm_e08a824b329da4ca3e1e1b101fd9b9d9.jpg,a0a9b71842b54fff82f5792c364e2d03.png,https://cdn-private.sm.cn/souti-imgs-lasting/a0a9b71842b54fff82f5792c364e2d03.png
,2,100题316分对几题？,妙题高招★巧算思维,https://cdn-private.sm.cn/souti-imgs-lasting/cover_gm_5ed362681e87e3452d2e98cc7cadb6f1.jpg,12529cfd874f4b29b3f69a0c2adb623e.png,https://cdn-private.sm.cn/souti-imgs-lasting/12529cfd874f4b29b3f69a0c2adb623e.png
,2,等比数列求和,妙题高招★巧算思维,https://cdn-private.sm.cn/souti-imgs-lasting/cover_gm_cae8a973b0e1afd575f83653840b8666.jpg,51c57b8b54d64d5c9701d2006f1c73f8.png,https://cdn-private.sm.cn/souti-imgs-lasting/51c57b8b54d64d5c9701d2006f1c73f8.png
,2,月亮为什么跟我走？,妙题高招★常识纠错,https://cdn-private.sm.cn/souti-imgs-lasting/cover_gm_5fd9fe5d60986a3a7e3686ea47bd4e8b.jpg,1eab0f580c66414ab0a3aecd561e652e.png,https://cdn-private.sm.cn/souti-imgs-lasting/1eab0f580c66414ab0a3aecd561e652e.png
,2,这3题能秒算？,妙题高招★巧算思维,https://cdn-private.sm.cn/souti-imgs-lasting/cover_gm_9086acb3f2f1d0b78f2abb1155a487f7.jpg,6662d2419d384ee99893233af88506f6.png,https://cdn-private.sm.cn/souti-imgs-lasting/6662d2419d384ee99893233af88506f6.png
,2,防毒面具仿何物？,妙题高招★冷知识揭秘,https://cdn-private.sm.cn/souti-imgs-lasting/cover_gm_75fa09d7e828d924ab032f74718cce36.jpg,aedcf4af7ad04bb2b0fbbb39d7699e0a.png,https://cdn-private.sm.cn/souti-imgs-lasting/aedcf4af7ad04bb2b0fbbb39d7699e0a.png
,2,鸡的祖先是谁？,妙题高招★冷知识揭秘,https://cdn-private.sm.cn/souti-imgs-lasting/cover_gm_f284aae2ac29fdb696ee8110ace50e2a.jpg,f35287c36e4a449bb32911b44bfd8bcc.png,https://cdn-private.sm.cn/souti-imgs-lasting/f35287c36e4a449bb32911b44bfd8bcc.png
,2,"""黄粱""是什么？",妙题高招★字源揭秘,https://cdn-private.sm.cn/souti-imgs-lasting/cover_gm_866ac2d3ddadd1d7f18a3e2b5797d284.jpg,04ce8861d0a247bd8a18ad837e639d8b.png,https://cdn-private.sm.cn/souti-imgs-lasting/04ce8861d0a247bd8a18ad837e639d8b.png
,2,屁是哪来的？,神奇世界★人体奥秘,https://cdn-private.sm.cn/souti-imgs-lasting/cover_gm_970ead05021acce489e32abe69698372.jpg,6e95373f8cd4465ca5a1bed8d769e5d8.png,https://cdn-private.sm.cn/souti-imgs-lasting/6e95373f8cd4465ca5a1bed8d769e5d8.png
,2,肤色为什么不同？,神奇世界★人体奥秘,https://cdn-private.sm.cn/souti-imgs-lasting/cover_gm_18a755106cee3ad9d20a863a292129fe.jpg,71e757fc51bc4895ae41f506ef8389ab.png,https://cdn-private.sm.cn/souti-imgs-lasting/71e757fc51bc4895ae41f506ef8389ab.png
,2,梦话从哪来？,神奇世界★人体奥秘,https://cdn-private.sm.cn/souti-imgs-lasting/cover_gm_cb285c93d21ee16e88894f2b4df54614.jpg,bddd2b14a83c4571926bc330453fa55d.png,https://cdn-private.sm.cn/souti-imgs-lasting/bddd2b14a83c4571926bc330453fa55d.png
,2,鼻子在偷懒？,神奇世界★人体奥秘,https://cdn-private.sm.cn/souti-imgs-lasting/cover_gm_48f94565caa7aece73604d1a906e9ef0.jpg,285df18a1adc47838dde4e56582cebe3.png,https://cdn-private.sm.cn/souti-imgs-lasting/285df18a1adc47838dde4e56582cebe3.png
,2,噩梦为什么跑不动？,神奇世界★人体奥秘,https://cdn-private.sm.cn/souti-imgs-lasting/cover_gm_14b26b892d1fc022745d36f8f71c5ae1.jpg,edd33894ab6f484f83ffa7e314610236.png,https://cdn-private.sm.cn/souti-imgs-lasting/edd33894ab6f484f83ffa7e314610236.png
,2,嘴唇为什么干裂？,神奇世界★人体奥秘,https://cdn-private.sm.cn/souti-imgs-lasting/cover_gm_74817ec057873bcda4b3dcb8510543d0.jpg,76078e5187644353970069ab3da7805c.png,https://cdn-private.sm.cn/souti-imgs-lasting/76078e5187644353970069ab3da7805c.png
,2,双胞胎为什么像？,神奇世界★生命科学,https://cdn-private.sm.cn/souti-imgs-lasting/cover_gm_e28f971f921f394ddb029f571b48507c.jpg,94c90a00c675413c9b1e664c82190012.png,https://cdn-private.sm.cn/souti-imgs-lasting/94c90a00c675413c9b1e664c82190012.png
,2,饭后为什么犯困？,神奇世界★人体奥秘,https://cdn-private.sm.cn/souti-imgs-lasting/cover_gm_13d210efb0c70469ce943095d53df1ed.jpg,7f86280eb264403aaa016e884d715c76.png,https://cdn-private.sm.cn/souti-imgs-lasting/7f86280eb264403aaa016e884d715c76.png
,2,甜食为什么开心？,神奇世界★人体奥秘,https://cdn-private.sm.cn/souti-imgs-lasting/cover_gm_1a2152f3e29379efde3f3328b094f4bb.jpg,4ba5a6680c5a4d16b15771a3b65b4e5f.png,https://cdn-private.sm.cn/souti-imgs-lasting/4ba5a6680c5a4d16b15771a3b65b4e5f.png
,2,吃辣肠道为什么疼？,神奇世界★人体奥秘,https://cdn-private.sm.cn/souti-imgs-lasting/cover_gm_83f9e81797665c0a4f6842985c83e96e.jpg,d38ec1b832c0402b9b2da6ea7fcd15b1.png,https://cdn-private.sm.cn/souti-imgs-lasting/d38ec1b832c0402b9b2da6ea7fcd15b1.png
,2,哭为什么流鼻涕？,神奇世界★人体奥秘,https://cdn-private.sm.cn/souti-imgs-lasting/cover_gm_cf03614d1912392bae8ef138768ff5c8.jpg,16fb546cbd28494fb9f5546c6dd5da45.png,https://cdn-private.sm.cn/souti-imgs-lasting/16fb546cbd28494fb9f5546c6dd5da45.png
,2,气泡跑哪儿去了？,神奇世界★人体奥秘,https://cdn-private.sm.cn/souti-imgs-lasting/cover_gm_b5d259e87ecff33dc887836802d6c124.jpg,eb8fca281e9a468bb1b60a01abc2e627.png,https://cdn-private.sm.cn/souti-imgs-lasting/eb8fca281e9a468bb1b60a01abc2e627.png
,2,牛奶为什么拉肚？,神奇世界★人体奥秘,https://cdn-private.sm.cn/souti-imgs-lasting/cover_gm_d738dc6b2cdaed5ed695d690084593b5.jpg,4b4c3076367b4f75bdaa7e98eac8869f.png,https://cdn-private.sm.cn/souti-imgs-lasting/4b4c3076367b4f75bdaa7e98eac8869f.png
,2,歌曲为什么停不下？,神奇世界★人体奥秘,https://cdn-private.sm.cn/souti-imgs-lasting/cover_gm_76675ce20c586763f687f748afb09077.jpg,4aed2c8e3658495cb0ec0f0682758b43.png,https://cdn-private.sm.cn/souti-imgs-lasting/4aed2c8e3658495cb0ec0f0682758b43.png
,2,头发为什么分叉？,神奇世界★生活物理,https://cdn-private.sm.cn/souti-imgs-lasting/cover_gm_f58b0cbec9ccf99b0bca9b6fd5ec6db0.jpg,2b41610f1a194b33a4a9bb008c0750f1.png,https://cdn-private.sm.cn/souti-imgs-lasting/2b41610f1a194b33a4a9bb008c0750f1.png
,2,婴儿头顶为什么软？,神奇世界★人体奥秘,https://cdn-private.sm.cn/souti-imgs-lasting/cover_gm_850dc4de5de1bba2cc4e79189ed6e8a4.jpg,279cc12f6ed24b41bea8c4dc06eeb899.png,https://cdn-private.sm.cn/souti-imgs-lasting/279cc12f6ed24b41bea8c4dc06eeb899.png
,2,学新东西为什么累？,神奇世界★人体奥秘,https://cdn-private.sm.cn/souti-imgs-lasting/cover_gm_6c5d00d6f1a8f6ca89a8fcdcf53fa60c.jpg,39f849990ac54abfb5aac9c67a502461.png,https://cdn-private.sm.cn/souti-imgs-lasting/39f849990ac54abfb5aac9c67a502461.png
,2,尿液为什么是黄色？,神奇世界★人体奥秘,https://cdn-private.sm.cn/souti-imgs-lasting/cover_gm_f54f6d29742cf9ace1abd833c4249fe3.jpg,dd09908ae8e74a21ba183a1c5d6b8fd5.png,https://cdn-private.sm.cn/souti-imgs-lasting/dd09908ae8e74a21ba183a1c5d6b8fd5.png
,2,一个鼻孔为什么堵？,神奇世界★人体奥秘,https://cdn-private.sm.cn/souti-imgs-lasting/cover_gm_feb6fb29cd533c1362417c6d5d720818.jpg,90b0e824f82d47d19290146c3466b066.png,https://cdn-private.sm.cn/souti-imgs-lasting/90b0e824f82d47d19290146c3466b066.png
,2,手指为什么起皱？,神奇世界★人体奥秘,https://cdn-private.sm.cn/souti-imgs-lasting/cover_gm_289300e0955cfb747857331379cb888d.jpg,c383137a779741c6995523bd11b8e936.png,https://cdn-private.sm.cn/souti-imgs-lasting/c383137a779741c6995523bd11b8e936.png
,2,哈欠为什么传染？,神奇世界★人体奥秘,https://cdn-private.sm.cn/souti-imgs-lasting/cover_gm_bf01c62f080d79119dbc47e1d2e7eabf.jpg,ac83ce4fb2064290ba9a0cb00c2adddb.png,https://cdn-private.sm.cn/souti-imgs-lasting/ac83ce4fb2064290ba9a0cb00c2adddb.png
,2,早晚身高差？,神奇世界★人体奥秘,https://cdn-private.sm.cn/souti-imgs-lasting/cover_gm_96c7cd970ad19df6f6d60dfa2701a9fa.jpg,58ccbe41b1e34eb49ae8bea0bc5d6ee7.png,https://cdn-private.sm.cn/souti-imgs-lasting/58ccbe41b1e34eb49ae8bea0bc5d6ee7.png
,2,过敏从哪来？,神奇世界★生命科学,https://cdn-private.sm.cn/souti-imgs-lasting/cover_gm_90caabcd731a4eb7794ccc72fe7f6540.jpg,38ff2d5adb904e1ebae60a73166124cd.png,https://cdn-private.sm.cn/souti-imgs-lasting/38ff2d5adb904e1ebae60a73166124cd.png
,2,左撇子为什么少？,神奇世界★生命科学,https://cdn-private.sm.cn/souti-imgs-lasting/cover_gm_470e863e2338c6dab01f259196672b0f.jpg,378d8e4cdb274a1ca7d060fb57f35271.png,https://cdn-private.sm.cn/souti-imgs-lasting/378d8e4cdb274a1ca7d060fb57f35271.png
,2,头发为什么是卷的？,神奇世界★人体奥秘,https://cdn-private.sm.cn/souti-imgs-lasting/cover_gm_383dc1dea9e14f35a0a88ffb469150a7.jpg,d62a1d3ba91b432182d100e7617e00f9.png,https://cdn-private.sm.cn/souti-imgs-lasting/d62a1d3ba91b432182d100e7617e00f9.png
,2,酒窝从哪来？,神奇世界★人体奥秘,https://cdn-private.sm.cn/souti-imgs-lasting/cover_gm_399db6c7f4f40747b9ff0e12173298c8.jpg,6eea5de8d77947fab8a716d447769f84.png,https://cdn-private.sm.cn/souti-imgs-lasting/6eea5de8d77947fab8a716d447769f84.png
,2,睡眠为什么能恢复？,神奇世界★人体奥秘,https://cdn-private.sm.cn/souti-imgs-lasting/cover_gm_c463a5cca19685e94654f2c091fd82e1.jpg,754d49dea0a44e77b015e8a1983adde9.png,https://cdn-private.sm.cn/souti-imgs-lasting/754d49dea0a44e77b015e8a1983adde9.png
,2,结痂为什么不能抠？,神奇世界★人体奥秘,https://cdn-private.sm.cn/souti-imgs-lasting/cover_gm_0874d6aae06edb320ed4418967c41d60.jpg,c2fa7ebe38dd4d4d84cd7a21fc079981.png,https://cdn-private.sm.cn/souti-imgs-lasting/c2fa7ebe38dd4d4d84cd7a21fc079981.png
,2,自挠为什么不痒？,神奇世界★人体奥秘,https://cdn-private.sm.cn/souti-imgs-lasting/cover_gm_3a334e0a80001652c6cfbde5bbc94f3e.jpg,2d7aa7365905433984214198ef6ab153.png,https://cdn-private.sm.cn/souti-imgs-lasting/2d7aa7365905433984214198ef6ab153.png
,2,吓到为什么尖叫？,神奇世界★人体奥秘,https://cdn-private.sm.cn/souti-imgs-lasting/cover_gm_cb9e9cac5595e1fa523bfe69b3c61d7b.jpg,ad6b30b6975f4e9a97de76036f747636.png,https://cdn-private.sm.cn/souti-imgs-lasting/ad6b30b6975f4e9a97de76036f747636.png
,2,时间为什么变慢？,神奇世界★自然奥秘,https://cdn-private.sm.cn/souti-imgs-lasting/cover_gm_7795c4ab0078763859c81258cd30d5c7.jpg,c69f4ab9795e4314a4fb16df2ef14ad0.png,https://cdn-private.sm.cn/souti-imgs-lasting/c69f4ab9795e4314a4fb16df2ef14ad0.png
,2,3岁前为什么记不住？,神奇世界★人体奥秘,https://cdn-private.sm.cn/souti-imgs-lasting/cover_gm_5dae9154a691768553b4667128f0d709.jpg,9d3706020de54b40bc5cbe5c8d9db457.png,https://cdn-private.sm.cn/souti-imgs-lasting/9d3706020de54b40bc5cbe5c8d9db457.png
,2,赖床为什么更累？,神奇世界★生命科学,https://cdn-private.sm.cn/souti-imgs-lasting/cover_gm_b1dea3fd9e71bd6d04ade203ae26e01a.jpg,4816d2cd5f7c4668afae2807faeef892.png,https://cdn-private.sm.cn/souti-imgs-lasting/4816d2cd5f7c4668afae2807faeef892.png
,2,越想忘越忘不掉？,神奇世界★生命科学,https://cdn-private.sm.cn/souti-imgs-lasting/cover_gm_be61cc0c01ddf4fc6959afc3b4076533.jpg,2f18ad4923a04161929b8be3ee16a048.png,https://cdn-private.sm.cn/souti-imgs-lasting/2f18ad4923a04161929b8be3ee16a048.png
,2,跑步为什么肚岔气？,神奇世界★人体奥秘,https://cdn-private.sm.cn/souti-imgs-lasting/cover_gm_5011978380b18b86c652945ecfbc52dc.jpg,cfd12a45be104bd989f37e6504f94e66.png,https://cdn-private.sm.cn/souti-imgs-lasting/cfd12a45be104bd989f37e6504f94e66.png
,2,辣是痛觉并非味道？,神奇世界★人体奥秘,https://cdn-private.sm.cn/souti-imgs-lasting/cover_gm_ee0f3534a965fcdf5e4ca097da4daae6.jpg,8d3f57c07ddf4c0e9bf6a8a592d8ae01.png,https://cdn-private.sm.cn/souti-imgs-lasting/8d3f57c07ddf4c0e9bf6a8a592d8ae01.png
,2,第二天才酸痛,神奇世界★人体奥秘,https://cdn-private.sm.cn/souti-imgs-lasting/cover_gm_42982ea164e295b13eb8efcb29750b9b.jpg,0157a17f64854309b7818768297d3606.png,https://cdn-private.sm.cn/souti-imgs-lasting/0157a17f64854309b7818768297d3606.png
,2,你比闹钟还准,神奇世界★人体奥秘,https://cdn-private.sm.cn/souti-imgs-lasting/cover_gm_b1a1a495392792a2351b8586fd4ce056.jpg,5c60059ee5b74e8c9a1a8ebbb4f79512.png,https://cdn-private.sm.cn/souti-imgs-lasting/5c60059ee5b74e8c9a1a8ebbb4f79512.png
,2,饿过头反而不饿,神奇世界★人体奥秘,https://cdn-private.sm.cn/souti-imgs-lasting/cover_gm_7e5df108fa1d82c71c3511b1a13f836d.jpg,88e50facba804d00a1419f670a19c071.png,https://cdn-private.sm.cn/souti-imgs-lasting/88e50facba804d00a1419f670a19c071.png
,2,闭眼为什么有烟花？,神奇世界★人体奥秘,https://cdn-private.sm.cn/souti-imgs-lasting/cover_gm_269119145670084a3322eb63db677358.jpg,8e331bd52d9c4ca7a670895744f2b5c3.png,https://cdn-private.sm.cn/souti-imgs-lasting/8e331bd52d9c4ca7a670895744f2b5c3.png
,2,喉咙为什么要切换？,神奇世界★人体奥秘,https://cdn-private.sm.cn/souti-imgs-lasting/cover_gm_7504c855a4e9ea47067c96f0b0e864a0.jpg,b4519c78631148dca882b23965a8f962.png,https://cdn-private.sm.cn/souti-imgs-lasting/b4519c78631148dca882b23965a8f962.png
,2,憋笑为什么更想笑？,神奇世界★人体奥秘,https://cdn-private.sm.cn/souti-imgs-lasting/cover_gm_55c17eaedbaada67efe53b2253c24586.jpg,99fead5dcef24f7da12cfe2e6fc88a2a.png,https://cdn-private.sm.cn/souti-imgs-lasting/99fead5dcef24f7da12cfe2e6fc88a2a.png
,2,人为什么不能再生？,神奇世界★人体奥秘,https://cdn-private.sm.cn/souti-imgs-lasting/cover_gm_0b892a77a52844ae07458b9ac80650b6.jpg,011f48977bce49c5aeb98f35c1eb3cef.png,https://cdn-private.sm.cn/souti-imgs-lasting/011f48977bce49c5aeb98f35c1eb3cef.png
,2,大脑视觉错觉,神奇世界★人体奥秘,https://cdn-private.sm.cn/souti-imgs-lasting/cover_gm_e0837343daa5af6b3e9d8e2d2ac6a256.jpg,76b7c0df577c405b92311b94fdc9f16b.png,https://cdn-private.sm.cn/souti-imgs-lasting/76b7c0df577c405b92311b94fdc9f16b.png
,2,录音里不像自己,神奇世界★生活物理,https://cdn-private.sm.cn/souti-imgs-lasting/cover_gm_d6f981a86b8d97de48de797ce03844db.jpg,eb4061f362cb4a4498ce36edc7f8d6c7.png,https://cdn-private.sm.cn/souti-imgs-lasting/eb4061f362cb4a4498ce36edc7f8d6c7.png
,2,晕车=大脑误判？,神奇世界★人体奥秘,https://cdn-private.sm.cn/souti-imgs-lasting/cover_gm_fc4830cd7ee326c1058cc8373f301741.jpg,c674e8a47a184b6d809845b16c2ef353.png,https://cdn-private.sm.cn/souti-imgs-lasting/c674e8a47a184b6d809845b16c2ef353.png
,2,鬼压床是什么？,神奇世界★人体奥秘,https://cdn-private.sm.cn/souti-imgs-lasting/cover_gm_50f3b2673ebdbe384b8ca29045cfce56.jpg,b3b33ece012e476fa93f40fa3e353b2a.png,https://cdn-private.sm.cn/souti-imgs-lasting/b3b33ece012e476fa93f40fa3e353b2a.png
,2,肚子为什么咕咕叫？,神奇世界★人体奥秘,https://cdn-private.sm.cn/souti-imgs-lasting/cover_gm_6b79604c12dec11234be6afb3fa93c76.jpg,7414c5134f76413684deb082934300cc.png,https://cdn-private.sm.cn/souti-imgs-lasting/7414c5134f76413684deb082934300cc.png
,2,梦为什么说没就没？,神奇世界★人体奥秘,https://cdn-private.sm.cn/souti-imgs-lasting/cover_gm_34ee68b54749d95f617bf16da4b07a7b.jpg,02eb7d8eac1d466b85c9b6b9c192ac6b.png,https://cdn-private.sm.cn/souti-imgs-lasting/02eb7d8eac1d466b85c9b6b9c192ac6b.png
,2,夜里谁让你翻身？,神奇世界★人体奥秘,https://cdn-private.sm.cn/souti-imgs-lasting/cover_gm_d3471e0ef15657e4bd1d19789c9375bc.jpg,2e1e72e141d747809205c0ed2b687095.png,https://cdn-private.sm.cn/souti-imgs-lasting/2e1e72e141d747809205c0ed2b687095.png
,2,蹲起眼黑不是贫血,神奇世界★人体奥秘,https://cdn-private.sm.cn/souti-imgs-lasting/cover_gm_f7d1d0e2ed5537f8915b0e78ddd77a37.jpg,91b5383772c64e7687db07639c99ebb3.png,https://cdn-private.sm.cn/souti-imgs-lasting/91b5383772c64e7687db07639c99ebb3.png
