行号,年级,钩子,原标签,新标签,style,原图url,旧封面url,新文件
6,一年级,数字拔河比力气！,【一年级】★【超好玩】,一年级,1,https://cdn-private.sm.cn/souti-imgs-lasting/cover_gm_e51b7bae473c7f00eeb3dccafea4e695.jpg,https://cdn-private.sm.cn/souti-imgs-lasting/9ebdd63551874b1b99df5e22ddae3e4a.jpg,fix_006_1.png
7,一年级,位数相同怎么比？,【一年级】★【超好玩】,一年级,1,https://cdn-private.sm.cn/souti-imgs-lasting/cover_gm_a4e2505fa1d6bb6f5b9d6fa7b8a49cf3.jpg,https://cdn-private.sm.cn/souti-imgs-lasting/e3ac6f4af60743bcab3c28b0fdf3957b.jpg,fix_007_1.png
9,一年级,99后面是100,【一年级】★【数学启蒙】,一年级,1,https://cdn-private.sm.cn/souti-imgs-lasting/cover_gm_e4154e110788ec7b883d67d43c386670.jpg,https://cdn-private.sm.cn/souti-imgs-lasting/f194f9e3426a475b867aac88d77aee6e.jpg,fix_009_1.png
13,一年级,进位的小红点！,【一年级】★【数学启蒙】,一年级,1,https://cdn-private.sm.cn/souti-imgs-lasting/cover_gm_8ffbee795f5a27504288a57ac47c364f.jpg,https://cdn-private.sm.cn/souti-imgs-lasting/8b40f326faef4ec9ab6ff6ecd1ca4ec1.jpg,fix_013_1.png
15,一年级,竖式减法借小1,【一年级】★【数学启蒙】,一年级,1,https://cdn-private.sm.cn/souti-imgs-lasting/cover_gm_f9bc110725aec05989ee35bda0f7088e.jpg,https://cdn-private.sm.cn/souti-imgs-lasting/13c4dd5359d2419c94a012a078b5bda9.jpg,fix_015_1.png
18,一年级,十几减几找口诀！,【二年级】★【近期要学】,二年级,1,https://cdn-private.sm.cn/souti-imgs-lasting/cover_gm_2aa904d543943460cd295a708c6cc55a.jpg,https://cdn-private.sm.cn/souti-imgs-lasting/73065246935c49caa82cd1889c6b6610.jpg,fix_018_1.png
20,一年级,看图列出小算式,【一年级】★【超好玩】,一年级,1,https://cdn-private.sm.cn/souti-imgs-lasting/cover_gm_2f61cb25687daf47b5c085ec41129cb3.jpg,https://cdn-private.sm.cn/souti-imgs-lasting/dc5a89c9b9304e34a0a8c7e6d731e19f.jpg,fix_020_1.png
21,一年级,比多比少用加减？,【一年级】★【超好玩】,一年级,1,https://cdn-private.sm.cn/souti-imgs-lasting/cover_gm_d61a97af8ccbf6e5e8d6b8ed4b84d0f3.jpg,https://cdn-private.sm.cn/souti-imgs-lasting/32b8c72ed56d4136b9ccf6b7316085d0.jpg,fix_021_1.png
26,一年级,七块板拼万千图！,【一年级】★【数学启蒙】,一年级,1,https://cdn-private.sm.cn/souti-imgs-lasting/cover_gm_fd59ca0ed8ca067abc87256209442b71.jpg,https://cdn-private.sm.cn/souti-imgs-lasting/714bfc8a738a42d489b4ca5e35266d77.jpg,fix_026_1.png
27,一年级,图形组合大魔法！,【一年级】★【数学启蒙】,一年级,1,https://cdn-private.sm.cn/souti-imgs-lasting/cover_gm_528a3ce56c05f63a93301fdc1b4d01bf.jpg,https://cdn-private.sm.cn/souti-imgs-lasting/d43436db7fd64e008e3df2aeadf89d24.jpg,fix_027_1.png
28,一年级,图形家族大集合！,【二年级】★【数学启蒙】,二年级,1,https://cdn-private.sm.cn/souti-imgs-lasting/cover_gm_5aeee5320fa484221ab2ce021be31449.jpg,https://cdn-private.sm.cn/souti-imgs-lasting/0a7d2412280c45479e20a5e3dcfe6e3b.jpg,fix_028_1.png
30,二年级,谁是数字大王？,【二年级】★【数学启蒙】,二年级,1,https://cdn-private.sm.cn/souti-imgs-lasting/cover_gm_eec11130bdbbd78967b47b8e72948a82.jpg,https://cdn-private.sm.cn/souti-imgs-lasting/2047a4125d014a5b8a149ca08a8c8bb8.jpg,fix_030_1.png
38,二年级,满十啦！快搬家！,【二年级】★【超好玩】,二年级,1,https://cdn-private.sm.cn/souti-imgs-lasting/cover_gm_341bd9d893b767603e2aa18a92633f2b.jpg,https://cdn-private.sm.cn/souti-imgs-lasting/4e7dc875d3944f22b0b1379751de45f8.jpg,fix_038_1.png
44,二年级,连续满十搬家！,【二年级】★【近期要学】,二年级,1,https://cdn-private.sm.cn/souti-imgs-lasting/cover_gm_02b925806ead62f0d22fb7492c38852c.jpg,https://cdn-private.sm.cn/souti-imgs-lasting/288eb4f26d964a7aaf5a5d6596f51099.jpg,fix_044_1.png
53,二年级,我的一天真精彩！,【二年级】★【认知启蒙】,二年级,1,https://cdn-private.sm.cn/souti-imgs-lasting/cover_gm_430b8c8ac5702463a8cc217985ff0e90.jpg,https://cdn-private.sm.cn/souti-imgs-lasting/ca3fcfc46eb040f8afb1843cc2caae59.jpg,fix_053_1.png
54,二年级,时间小书翻翻看！,【二年级】★【认知启蒙】,二年级,1,https://cdn-private.sm.cn/souti-imgs-lasting/cover_gm_95c2cd012061eca71a06ebe21f1c80e5.jpg,https://cdn-private.sm.cn/souti-imgs-lasting/5f883a0462314c54b87314d373f88085.jpg,fix_054_1.png
55,二年级,时间去哪了,【二年级】★【认知启蒙】,二年级,1,https://cdn-private.sm.cn/souti-imgs-lasting/cover_gm_1e8279b193288df34d9555cd1968f6b1.jpg,https://cdn-private.sm.cn/souti-imgs-lasting/da2cc3dfa03a4bffb24f0040ef822f7e.jpg,fix_055_1.png
57,二年级,余数比除数小！,【二年级】★【近期要学】,二年级,1,https://cdn-private.sm.cn/souti-imgs-lasting/cover_gm_9215051067ea004b1561b8a9f4060795.jpg,https://cdn-private.sm.cn/souti-imgs-lasting/697b8a1ab62e4c128a9c1486260274dc.jpg,fix_057_1.png
63,三年级,生活里的面积单位,【三年级】★【数学启蒙】,三年级,1,https://cdn-private.sm.cn/souti-imgs-lasting/cover_gm_a6be29b095254adb21efbe0d1070f365.jpg,https://cdn-private.sm.cn/souti-imgs-lasting/3a72ffdce3b3425d8c728d56b707d6d5.jpg,fix_063_1.png
64,三年级,长乘宽就是面积,【三年级】★【数学启蒙】,三年级,1,https://cdn-private.sm.cn/souti-imgs-lasting/cover_gm_5e25f7bf8dcdfe95a12d29fdbdcc668c.jpg,https://cdn-private.sm.cn/souti-imgs-lasting/5732297b087143a8994d98327d1c18d6.jpg,fix_064_1.png
65,三年级,铺地砖里的算式,【三年级】★【超好玩】,三年级,1,https://cdn-private.sm.cn/souti-imgs-lasting/cover_gm_451855464526b2a47d7185d112314d83.jpg,https://cdn-private.sm.cn/souti-imgs-lasting/7d9458f7e43d4f43bb6efb580bc3ceb1.jpg,fix_065_1.png
74,三年级,韦恩图神助攻！,【三年级】★【数学启蒙】,三年级,1,https://cdn-private.sm.cn/souti-imgs-lasting/cover_gm_1159968c163aecebf571388d87d75839.jpg,https://cdn-private.sm.cn/souti-imgs-lasting/b81c1456fbe34465a486403c1a923be8.jpg,fix_074_1.png
76,三年级,杂乱数据变整齐,【三年级】★【数学启蒙】,三年级,1,https://cdn-private.sm.cn/souti-imgs-lasting/cover_gm_b34fb4b64a89ee7a263dae817dcdf8c9.jpg,https://cdn-private.sm.cn/souti-imgs-lasting/c2d1cd55d43b4754bfef94afc8ad27fa.jpg,fix_076_1.png
78,三年级,一张纸变出几只蝶？,【三年级】★【超好玩】,三年级,1,https://cdn-private.sm.cn/souti-imgs-lasting/cover_gm_a516704667fd8c7886c579789823d0fd.jpg,https://cdn-private.sm.cn/souti-imgs-lasting/096417ef262345adb86b9e814ed87bc6.jpg,fix_078_1.png
79,三年级,推拉门vs摩天轮,【三年级】★【数学启蒙】,三年级,1,https://cdn-private.sm.cn/souti-imgs-lasting/cover_gm_5771900d4e60e33ed7178b4b13657a77.jpg,https://cdn-private.sm.cn/souti-imgs-lasting/7b6fe8bde07f456f8e6454e5beea46cb.jpg,fix_079_1.png
95,四年级,三角形为何最稳？,【四年级】★【概念透视】,四年级,2,https://cdn-private.sm.cn/souti-imgs-lasting/cover_gm_50ea8cac23b2811186277773973c5b2c.jpg,https://cdn-private.sm.cn/souti-imgs-lasting/40bf38394d304885b1d534311cfb00c1.jpg,fix_095_2.png
105,四年级,蝴蝶为何对称美？,【四年级】★【概念透视】,四年级,2,https://cdn-private.sm.cn/souti-imgs-lasting/cover_gm_45fb00df908c098e1c2f88b18375ac5f.jpg,https://cdn-private.sm.cn/souti-imgs-lasting/703ee71a08044a00834735de88d116a4.jpg,fix_105_2.png
112,四年级,小数点放大魔法,【四年级】★【应试核心】,四年级,2,https://cdn-private.sm.cn/souti-imgs-lasting/cover_gm_8608d083efaad7a62468f9b861f532a5.jpg,https://cdn-private.sm.cn/souti-imgs-lasting/c592282f206740f89d7766c248cbf7a7.jpg,fix_112_2.png
117,四年级,小数有最高位？,【四年级】★【应试核心】,四年级,2,https://cdn-private.sm.cn/souti-imgs-lasting/cover_gm_fd9c41524688b2cf3290a468db84010d.jpg,https://cdn-private.sm.cn/souti-imgs-lasting/211262a00dd945f9930b8762a3787d9d.jpg,fix_117_2.png
118,四年级,小数怎么读对？,【四年级】★【应试核心】,四年级,2,https://cdn-private.sm.cn/souti-imgs-lasting/cover_gm_62588865e6bc552d0686612a821f0a03.jpg,https://cdn-private.sm.cn/souti-imgs-lasting/e98746a4eddf4b4a9e8a5cd67ca1de19.jpg,fix_118_2.png
120,四年级,小数也四舍五入？,【四年级】★【概念透视】,四年级,2,https://cdn-private.sm.cn/souti-imgs-lasting/cover_gm_e4ee0a53f169ba5d53d27a623ddd2065.jpg,https://cdn-private.sm.cn/souti-imgs-lasting/adb9f5d632344f72943d4d22f9a596af.jpg,fix_120_2.png
121,四年级,统计图穿双色衫？,【四年级】★【破解技巧】,四年级,2,https://cdn-private.sm.cn/souti-imgs-lasting/cover_gm_d20ce4aea8592f40cdbdf130f05107f6.jpg,https://cdn-private.sm.cn/souti-imgs-lasting/bda59f13a8c640e69e8b94edc2cff8ca.jpg,fix_121_2.png
122,四年级,100分提多少分？,【四年级】★【概念透视】,四年级,2,https://cdn-private.sm.cn/souti-imgs-lasting/cover_gm_78715daa14539d8cc23f51c35c2a5fe5.jpg,https://cdn-private.sm.cn/souti-imgs-lasting/4a93c98bab244326a0648691f1da2501.jpg,fix_122_2.png
125,四年级,鸟瞰图怎么看？,【四年级】★【思维进阶】,四年级,2,https://cdn-private.sm.cn/souti-imgs-lasting/cover_gm_804ac27600527c267e4205b540e55827.jpg,https://cdn-private.sm.cn/souti-imgs-lasting/972e96c52d534a579b4657af3ebb7525.jpg,fix_125_2.png
129,四年级,1加到100更快算,【四年级】★【思维进阶】,四年级,2,https://cdn-private.sm.cn/souti-imgs-lasting/cover_gm_41f6398fa981284f3c271d2d66035aa5.jpg,https://cdn-private.sm.cn/souti-imgs-lasting/30e78b7915a642f28e0df3efd2ecc6ae.jpg,fix_129_2.png
131,四年级,25和4是好朋友？,【四年级】★【高频考点】,四年级,2,https://cdn-private.sm.cn/souti-imgs-lasting/cover_gm_d2de4f1a35ad319cc2415a5e544d6c62.jpg,https://cdn-private.sm.cn/souti-imgs-lasting/8cd5ebda616d4cb18df717a083cf6a53.jpg,fix_131_2.png
133,五年级,分数混算交通规则,【五年级】★【应试核心】,五年级,2,https://cdn-private.sm.cn/souti-imgs-lasting/cover_gm_c74150fbc7e6e3116b29b52cd23b3762.jpg,https://cdn-private.sm.cn/souti-imgs-lasting/2357889f337947e9afd2ff31b744857e.jpg,fix_133_2.png
134,五年级,披萨切块怎么分？,【五年级】★【概念透视】,五年级,2,https://cdn-private.sm.cn/souti-imgs-lasting/cover_gm_492209587bf89ce4496938db25bb29a1.jpg,https://cdn-private.sm.cn/souti-imgs-lasting/46b114e3df8c41c7bc3d4d2ac4214053.jpg,fix_134_2.png
136,五年级,整数律给分数用？,【五年级】★【中考必会】,五年级,2,https://cdn-private.sm.cn/souti-imgs-lasting/cover_gm_3013f7a46f65c5de222edb4aeb6f401f.jpg,https://cdn-private.sm.cn/souti-imgs-lasting/f9b41e9c10974200abbc5eb820354a02.jpg,fix_136_2.png
137,五年级,7÷3带分数怎么写？,【五年级】★【高频考点】,五年级,2,https://cdn-private.sm.cn/souti-imgs-lasting/cover_gm_188c4ef3d13f944e8b6b34106d005b49.jpg,https://cdn-private.sm.cn/souti-imgs-lasting/e2d0fd22655d4e79b5faed9227afd7b3.jpg,fix_137_2.png
139,五年级,0.75和3/4谁大？,【五年级】★【应试核心】,五年级,2,https://cdn-private.sm.cn/souti-imgs-lasting/cover_gm_0d827d113041ad7a57da9ef2e8a728e9.jpg,https://cdn-private.sm.cn/souti-imgs-lasting/c1351d57707740d0805b37eb835c4d93.jpg,fix_139_2.png
141,五年级,分数能再化简吗？,【五年级】★【应试核心】,五年级,2,https://cdn-private.sm.cn/souti-imgs-lasting/cover_gm_8a82dd71886097f1bb498d4d14e88392.jpg,https://cdn-private.sm.cn/souti-imgs-lasting/1532438d49914fe8b788fb8043d1d0d3.jpg,fix_141_2.png
142,五年级,有最小公因数吗？,【五年级】★【中考必会】,五年级,2,https://cdn-private.sm.cn/souti-imgs-lasting/cover_gm_2d9d309b97071c9f5e1176c47cdb0d86.jpg,https://cdn-private.sm.cn/souti-imgs-lasting/d6584da8ce474f40a38da683aecb6e44.jpg,fix_142_2.png
144,五年级,有最大公倍数吗？,【五年级】★【应试核心】,五年级,2,https://cdn-private.sm.cn/souti-imgs-lasting/cover_gm_1cea92db1eb7fdad9b4c3d1fcdfcf680.jpg,https://cdn-private.sm.cn/souti-imgs-lasting/e05178941f124b05ac41996d1c9cf99f.jpg,fix_144_2.png
145,五年级,韩信点兵用倍数,【五年级】★【应试核心】,五年级,2,https://cdn-private.sm.cn/souti-imgs-lasting/cover_gm_1f112675cd398501e300ca109f52f94b.jpg,https://cdn-private.sm.cn/souti-imgs-lasting/d4ff9e233e704bceb8338652056d6fdf.jpg,fix_145_2.png
146,五年级,10投3种，求分数,【五年级】★【高频考点】,五年级,2,https://cdn-private.sm.cn/souti-imgs-lasting/cover_gm_0e72f02e5228fd55ca15c772a5998f95.jpg,https://cdn-private.sm.cn/souti-imgs-lasting/965d21232e7f48f4887eafb5812b48d5.jpg,fix_146_2.png
147,五年级,假分数还算分数？,【五年级】★【思维进阶】,五年级,2,https://cdn-private.sm.cn/souti-imgs-lasting/cover_gm_df87f6810cc9291ccf8e79df5258f678.jpg,https://cdn-private.sm.cn/souti-imgs-lasting/02680db813d24edd9d38c56389245e90.jpg,fix_147_2.png
150,五年级,2和5倍数共同点？,【五年级】★【中考必会】,五年级,2,https://cdn-private.sm.cn/souti-imgs-lasting/cover_gm_d9bbc5597564a6d37b63edc471f427fc.jpg,https://cdn-private.sm.cn/souti-imgs-lasting/494c1e56632e4a9f91bbe1985d9d5808.jpg,fix_150_2.png
151,五年级,3的倍数怎么找？,【五年级】★【中考必会】,五年级,2,https://cdn-private.sm.cn/souti-imgs-lasting/cover_gm_6e2be3965727e14d4ef24f8c45329771.jpg,https://cdn-private.sm.cn/souti-imgs-lasting/ea73f853a8a54dd080871aaab17a2c4b.jpg,fix_151_2.png
154,五年级,奇数加奇数还是奇数吗？,【五年级】★【高频考点】,五年级,2,https://cdn-private.sm.cn/souti-imgs-lasting/cover_gm_7eca46050c418d6198e38f15d1473dff.jpg,https://cdn-private.sm.cn/souti-imgs-lasting/f1a27aceee0240a3b6f1f00897aa3f1c.jpg,fix_154_2.png
157,五年级,电梯风车一样动吗？,【五年级】★【应试核心】,五年级,2,https://cdn-private.sm.cn/souti-imgs-lasting/cover_gm_9b1cc94885a03c67a2362ab2e2b8ed35.jpg,https://cdn-private.sm.cn/souti-imgs-lasting/fba394f039c241d1bcf91966cde7283a.jpg,fix_157_2.png
160,五年级,温度变化心电图,【五年级】★【概念透视】,五年级,2,https://cdn-private.sm.cn/souti-imgs-lasting/cover_gm_6eda0733ed4efc8ce4356a780c6a9071.jpg,https://cdn-private.sm.cn/souti-imgs-lasting/02db545ac40044a3aafe94d8c946f97b.jpg,fix_160_2.png
161,五年级,两条线赛跑谁赢？,【五年级】★【高频考点】,五年级,2,https://cdn-private.sm.cn/souti-imgs-lasting/cover_gm_f25ccf9ac02690225c409a3d41c79d2f.jpg,https://cdn-private.sm.cn/souti-imgs-lasting/2e34fccfa2a945308182128f951663a6.jpg,fix_161_2.png
162,五年级,9里1次品怎么找？,【五年级】★【思维进阶】,五年级,2,https://cdn-private.sm.cn/souti-imgs-lasting/cover_gm_deee37bd44b4e4cce1444931147bcad3.jpg,https://cdn-private.sm.cn/souti-imgs-lasting/7f3e3ad16629474b9bfc62ff73341262.jpg,fix_162_2.png
163,五年级,4里1次品怎么找？,【五年级】★【破解技巧】,五年级,2,https://cdn-private.sm.cn/souti-imgs-lasting/cover_gm_1b74414f03ceadeeab29f0be07e69d59.jpg,https://cdn-private.sm.cn/souti-imgs-lasting/bae4f2460d91465b9680f29dcd5d0b1a.jpg,fix_163_2.png
165,五年级,一面之缘搭立体？,【五年级】★【破解技巧】,五年级,2,https://cdn-private.sm.cn/souti-imgs-lasting/cover_gm_9e598d9c4a3879499232137c69932774.jpg,https://cdn-private.sm.cn/souti-imgs-lasting/6cb58bef5af04122b204cf0eb8390492.jpg,fix_165_2.png
167,五年级,体积单位有哪些？,【五年级】★【应试核心】,五年级,2,https://cdn-private.sm.cn/souti-imgs-lasting/cover_gm_aa471e87ec90446937c8643b27ced8df.jpg,https://cdn-private.sm.cn/souti-imgs-lasting/0897efdc64944d97ba0a4fa25a64eb5b.jpg,fix_167_2.png
168,五年级,容积体积一样吗？,【五年级】★【高频考点】,五年级,2,https://cdn-private.sm.cn/souti-imgs-lasting/cover_gm_d6a2b6438458d552097a0e8a6a4cda4b.jpg,https://cdn-private.sm.cn/souti-imgs-lasting/37e82dd0be694a83b508132c78ac8c82.jpg,fix_168_2.png
169,五年级,魔方涂色的秘密,【五年级】★【高频考点】,五年级,2,https://cdn-private.sm.cn/souti-imgs-lasting/cover_gm_ae3e9080e918a1843ea8631ae77e90c8.jpg,https://cdn-private.sm.cn/souti-imgs-lasting/15b251715abb47498d5e35feeeb45427.jpg,fix_169_2.png
172,五年级,冰箱能装下大象吗？,【五年级】★【应试核心】,五年级,2,https://cdn-private.sm.cn/souti-imgs-lasting/cover_gm_912e15e1bfdea21e0167b7b12e3e2499.jpg,https://cdn-private.sm.cn/souti-imgs-lasting/c99fed00424a4ed4ab1bde21277e0917.jpg,fix_172_2.png
173,五年级,长正方体表面积,【五年级】★【中考必会】,五年级,2,https://cdn-private.sm.cn/souti-imgs-lasting/cover_gm_66023c0d6d15938ed5c2bd7935b4c8dd.jpg,https://cdn-private.sm.cn/souti-imgs-lasting/123d29b04dec4b6ca4bdc8cc88c12074.jpg,fix_173_2.png
174,五年级,教室有多少长方体？,【五年级】★【中考必会】,五年级,2,https://cdn-private.sm.cn/souti-imgs-lasting/cover_gm_2a296e32abb458c23655b9dfef8af242.jpg,https://cdn-private.sm.cn/souti-imgs-lasting/d54de1bca33545dc9d0518b39a68902c.jpg,fix_174_2.png
178,六年级,侧面展开长方形？,【六年级】★【高频考点】,六年级,2,https://cdn-private.sm.cn/souti-imgs-lasting/cover_gm_af2bd83026543d5dfd1b4d9f3712497f.jpg,https://cdn-private.sm.cn/souti-imgs-lasting/0092b8b4b8144904b560dc4922274e7f.jpg,fix_178_2.png
182,六年级,摸几个能保证同色？,【六年级】★【应试核心】,六年级,2,https://cdn-private.sm.cn/souti-imgs-lasting/cover_gm_357875c6e897b9062589c09480bae767.jpg,https://cdn-private.sm.cn/souti-imgs-lasting/02a5daf14f104dc8af2f47a648c0bfb5.jpg,fix_182_2.png
183,六年级,5苹果4抽屉必发生？,【六年级】★【中考必会】,六年级,2,https://cdn-private.sm.cn/souti-imgs-lasting/cover_gm_aa987a3ecdf158bd2f5efb6c4773297a.jpg,https://cdn-private.sm.cn/souti-imgs-lasting/8ac33d57280f45059a0e3ca7b192df06.jpg,fix_183_2.png
186,六年级,速度时间是正比？,【六年级】★【破解技巧】,六年级,2,https://cdn-private.sm.cn/souti-imgs-lasting/cover_gm_373123b2d2edac6069eefcbda92ba694.jpg,https://cdn-private.sm.cn/souti-imgs-lasting/c66f27ab5d1d484189fb6f47fb721572.jpg,fix_186_2.png
195,六年级,增产两成是多少？,【六年级】★【高频考点】,六年级,2,https://cdn-private.sm.cn/souti-imgs-lasting/cover_gm_e0127703a7f81ea56db99440e447e984.jpg,https://cdn-private.sm.cn/souti-imgs-lasting/56e6c216d0cf4013bf3da5827393f3e6.jpg,fix_195_2.png
196,六年级,"""打折""背后的减法",【六年级】★【高频考点】,六年级,2,https://cdn-private.sm.cn/souti-imgs-lasting/cover_gm_5e85448535d0e4e9483448ff4b7f7acf.jpg,https://cdn-private.sm.cn/souti-imgs-lasting/b68152c765ad440da23dc1aeb9238e47.jpg,fix_196_2.png
197,六年级,工资条里的所得税,【六年级】★【中考必会】,六年级,2,https://cdn-private.sm.cn/souti-imgs-lasting/cover_gm_d3b7e3dfb7120d2c05674e64ea1efd64.jpg,https://cdn-private.sm.cn/souti-imgs-lasting/f58a24cd8373428f993ef3b85f3fc8f4.jpg,fix_197_2.png
202,,"""三不知""指什么？",【妙题高招】★【冷知识揭秘】,妙题高招,2,https://cdn-private.sm.cn/souti-imgs-lasting/cover_gm_8426ce73f034cc455fbc70e0305eac97.jpg,https://cdn-private.sm.cn/souti-imgs-lasting/ea2d5ee1c1de483285ec7df5fd2abb43.jpg,fix_202_2.png
205,,为何用鸭不用鸡？,【妙题高招】★【冷知识揭秘】,妙题高招,2,https://cdn-private.sm.cn/souti-imgs-lasting/cover_gm_0f739022e0df4420facdd098ebbbef56.jpg,https://cdn-private.sm.cn/souti-imgs-lasting/b14247ac73de478087bba432c7da540b.jpg,fix_205_2.png
209,,二次式求三次方？,【妙题高招】★【巧算思维】,妙题高招,2,https://cdn-private.sm.cn/souti-imgs-lasting/cover_gm_35d04e0a67ac2065e35f45508867d545.jpg,https://cdn-private.sm.cn/souti-imgs-lasting/a2f5e17837304ca19f2d92df73c8562f.jpg,fix_209_2.png
210,,孙行者下联是？,【妙题高招】★【历史趣闻】,妙题高招,2,https://cdn-private.sm.cn/souti-imgs-lasting/cover_gm_4bddf1977a38c3c637624f6305710f1d.jpg,https://cdn-private.sm.cn/souti-imgs-lasting/4a08698c986943e68db3fb29ce411727.jpg,fix_210_2.png
213,,"""三寸不烂""指谁？",【妙题高招】★【历史趣闻】,妙题高招,2,https://cdn-private.sm.cn/souti-imgs-lasting/cover_gm_22b55618990625f8bbc49b582d390493.jpg,https://cdn-private.sm.cn/souti-imgs-lasting/9809b34908ab4887991fca05ae0ce649.jpg,fix_213_2.png
215,,"""十八般""最初指什么？",【妙题高招】★【历史趣闻】,妙题高招,2,https://cdn-private.sm.cn/souti-imgs-lasting/cover_gm_a960c879f1ed963e1365a2af2c8cb978.jpg,https://cdn-private.sm.cn/souti-imgs-lasting/0c6c00259c1449f48947434de37b8529.jpg,fix_215_2.png
216,,"""孩子""本指什么？",【妙题高招】★【字源揭秘】,妙题高招,2,https://cdn-private.sm.cn/souti-imgs-lasting/cover_gm_2628cc49f56b83119e77d568fe30c32c.jpg,https://cdn-private.sm.cn/souti-imgs-lasting/c7a7299bd5c44f3788aba0157d448f4f.jpg,fix_216_2.png
217,,"""四周星""是什么？",【妙题高招】★【字源揭秘】,妙题高招,2,https://cdn-private.sm.cn/souti-imgs-lasting/cover_gm_163c193b3990be0a53d3f0317f122280.jpg,https://cdn-private.sm.cn/souti-imgs-lasting/80c15460935141499a8d94e7706f053e.jpg,fix_217_2.png
219,,末尾添0增18234,【妙题高招】★【巧算思维】,妙题高招,2,https://cdn-private.sm.cn/souti-imgs-lasting/cover_gm_1de7716db5b625e847b232ffe39c836d.jpg,https://cdn-private.sm.cn/souti-imgs-lasting/daebe12d60024332ab539d50652061c5.jpg,fix_219_2.png
221,,对折42次有多高？,【妙题高招】★【历史趣闻】,妙题高招,2,https://cdn-private.sm.cn/souti-imgs-lasting/cover_gm_29d46c84e78e064b0b4d48c37fc93900.jpg,https://cdn-private.sm.cn/souti-imgs-lasting/1fc30c3214d84c7aad5e5171357de0a9.jpg,fix_221_2.png
226,,冰为什么浮水面？,【妙题高招】★【巧算思维】,妙题高招,2,https://cdn-private.sm.cn/souti-imgs-lasting/cover_gm_dda2edfa454bbd072c739b873ab5f867.jpg,https://cdn-private.sm.cn/souti-imgs-lasting/787a0da6d87e4e62a00b43b68ed24996.jpg,fix_226_2.png
227,,"为何不叫""房西""？",【妙题高招】★【字源揭秘】,妙题高招,2,https://cdn-private.sm.cn/souti-imgs-lasting/cover_gm_08cf8d78e985dea054510f5f7661f2ed.jpg,https://cdn-private.sm.cn/souti-imgs-lasting/8841d1e568b84ebf867d79f023dca6da.jpg,fix_227_2.png
228,,"为何""学富五车""？",【妙题高招】★【字源揭秘】,妙题高招,2,https://cdn-private.sm.cn/souti-imgs-lasting/cover_gm_d679bd0df2c2500da68f6f8eb22987d9.jpg,https://cdn-private.sm.cn/souti-imgs-lasting/67c7863ffa1a43f5abbcb88dea9a80fc.jpg,fix_228_2.png
230,,鸡为何要吃沙粒？,【妙题高招】★【冷知识揭秘】,妙题高招,2,https://cdn-private.sm.cn/souti-imgs-lasting/cover_gm_10a4097b5c06f06af0b47e0383daa12c.jpg,https://cdn-private.sm.cn/souti-imgs-lasting/3f1062d8ec0e4787b0d9102f597d7fef.jpg,fix_230_2.png
232,,空腹不宜吃什么？,【妙题高招】★【冷知识揭秘】,妙题高招,2,https://cdn-private.sm.cn/souti-imgs-lasting/cover_gm_1c36b3a0dd1bc6ab8ecb511845225c40.jpg,https://cdn-private.sm.cn/souti-imgs-lasting/7d8ac7636a4c4213b83cf1449ac0e6e6.jpg,fix_232_2.png
233,,反逻辑的大小？,【妙题高招】★【巧算思维】,妙题高招,2,https://cdn-private.sm.cn/souti-imgs-lasting/cover_gm_6478e62cf137db5ec7caee938100d73d.jpg,https://cdn-private.sm.cn/souti-imgs-lasting/99f54c3b0b63470bb17fb191a38d1f4f.jpg,fix_233_2.png
234,,涨跌10%亏了吗？,【妙题高招】★【冷知识揭秘】,妙题高招,2,https://cdn-private.sm.cn/souti-imgs-lasting/cover_gm_6a9864d6fb4cf69b4382ea4c6cd915f5.jpg,https://cdn-private.sm.cn/souti-imgs-lasting/bfe731c581eb4bb69ba59fc35bc90439.jpg,fix_234_2.png
237,,吸血蚊子是公还是母？,【妙题高招】★【冷知识揭秘】,妙题高招,2,https://cdn-private.sm.cn/souti-imgs-lasting/cover_gm_d5793c9d88d81375eadbb647dfcd97b5.jpg,https://cdn-private.sm.cn/souti-imgs-lasting/6d3fc7387503453da6f6a6255b36bd3b.jpg,fix_237_2.png
238,,"谁是海洋""歌唱家""？",【妙题高招】★【冷知识揭秘】,妙题高招,2,https://cdn-private.sm.cn/souti-imgs-lasting/cover_gm_5b7c9f405c440aeb27475fd3483db12e.jpg,https://cdn-private.sm.cn/souti-imgs-lasting/7ea2ada159d54236ae58bc4f5effe046.jpg,fix_238_2.png
239,,哪种鱼能变性？,【妙题高招】★【冷知识揭秘】,妙题高招,2,https://cdn-private.sm.cn/souti-imgs-lasting/cover_gm_21399cedeb032bd5192494d1bd306f8c.jpg,https://cdn-private.sm.cn/souti-imgs-lasting/1f46a14b107748169866d855f2d33dd1.jpg,fix_239_2.png
240,,水中下蛋水位变？,【妙题高招】★【冷知识揭秘】,妙题高招,2,https://cdn-private.sm.cn/souti-imgs-lasting/cover_gm_ab6734169a22ec19e2e63e66bb4cc5c3.jpg,https://cdn-private.sm.cn/souti-imgs-lasting/31bd5e3e2f854c58a92dc2ade136070e.jpg,fix_240_2.png
242,,倒立喝水会怎样？,【妙题高招】★【冷知识揭秘】,妙题高招,2,https://cdn-private.sm.cn/souti-imgs-lasting/cover_gm_9f09816b6bdd25de1559913046d35ea0.jpg,https://cdn-private.sm.cn/souti-imgs-lasting/9d9b66a61d084068b935b7857b5282c1.jpg,fix_242_2.png
245,,"""宫保""是什么意思？",【妙题高招】★【字源揭秘】,妙题高招,2,https://cdn-private.sm.cn/souti-imgs-lasting/cover_gm_a785cd4a3aa536b6c6471004990c3199.jpg,https://cdn-private.sm.cn/souti-imgs-lasting/baa189266ef143d794793da173d4eff7.jpg,fix_245_2.png
247,,方框填什么得2026？,【妙题高招】★【巧算思维】,妙题高招,2,https://cdn-private.sm.cn/souti-imgs-lasting/cover_gm_79416c3648417584c1646cf111015327.jpg,https://cdn-private.sm.cn/souti-imgs-lasting/efa1f013dfa2488e933b7d0c04d366b4.jpg,fix_247_2.png
249,,羊城是几只羊？,【妙题高招】★【冷知识揭秘】,妙题高招,2,https://cdn-private.sm.cn/souti-imgs-lasting/cover_gm_9f07dab69ac6790838870cf8026d645c.jpg,https://cdn-private.sm.cn/souti-imgs-lasting/29f09a64aab04e1f982b99c55e4b09b6.jpg,fix_249_2.png
250,,“毛病”指什么动物的毛？,【妙题高招】★【冷知识揭秘】,妙题高招,2,https://cdn-private.sm.cn/souti-imgs-lasting/cover_gm_0b84b024b5f5bcd317d51fefbab2c23f.jpg,https://cdn-private.sm.cn/souti-imgs-lasting/3250508e17e4413c8123eba11b0dc481.jpg,fix_250_2.png
253,,李白没吃过什么？,【妙题高招】★【冷知识揭秘】,妙题高招,2,https://cdn-private.sm.cn/souti-imgs-lasting/cover_gm_f3f65f3f30e299a1febe8107be931092.jpg,https://cdn-private.sm.cn/souti-imgs-lasting/40dc7575734a445db4bdf75ccb1e173a.jpg,fix_253_2.png
254,,壶中原有几斗酒？,【妙题高招】★【巧算思维】,妙题高招,2,https://cdn-private.sm.cn/souti-imgs-lasting/cover_gm_72d9eb994b86a0c8d483181080e9f350.jpg,https://cdn-private.sm.cn/souti-imgs-lasting/57664f6043d24af7b1b181905bfcdfc4.jpg,fix_254_2.png
255,,概率0=不发生？,【妙题高招】★【冷知识揭秘】,妙题高招,2,https://cdn-private.sm.cn/souti-imgs-lasting/cover_gm_598f991bca90c383a56575bf99be193d.jpg,https://cdn-private.sm.cn/souti-imgs-lasting/0d7c07a7133441e68c230da3b9c0b202.jpg,fix_255_2.png
256,,橡皮和尺子为什么总粘一起？,【妙题高招】★【冷知识揭秘】,妙题高招,2,https://cdn-private.sm.cn/souti-imgs-lasting/cover_gm_87804346447c702f0ade8a08e7438b1c.jpg,https://cdn-private.sm.cn/souti-imgs-lasting/1839f6047e9049b59080ec9d2225eae0.jpg,fix_256_2.png
262,,吹4支还剩几支？,【妙题高招】★【巧算思维】,妙题高招,2,https://cdn-private.sm.cn/souti-imgs-lasting/cover_gm_9cdc80f17472d229a8c18b8ff3c0856f.jpg,https://cdn-private.sm.cn/souti-imgs-lasting/a3142baf1a014a469393549e2212679b.jpg,fix_262_2.png
266,,照相机仿生何物？,【妙题高招】★【冷知识揭秘】,妙题高招,2,https://cdn-private.sm.cn/souti-imgs-lasting/cover_gm_bb6410997240b3a4dce96251aaae5548.jpg,https://cdn-private.sm.cn/souti-imgs-lasting/aae70f21327f433e8a44813e0466bffe.jpg,fix_266_2.png
268,,王婆其实是男的？,【妙题高招】★【冷知识揭秘】,妙题高招,2,https://cdn-private.sm.cn/souti-imgs-lasting/cover_gm_b08f3211ae22e3205ceb20e3fb212c7f.jpg,https://cdn-private.sm.cn/souti-imgs-lasting/9e628d32629c47db83cacef2034989f8.jpg,fix_268_2.png
269,,瓦斯什么味道？,【妙题高招】★【常识纠错】,妙题高招,2,https://cdn-private.sm.cn/souti-imgs-lasting/cover_gm_282a502fe6ecefdc583e05e5aea6b510.jpg,https://cdn-private.sm.cn/souti-imgs-lasting/77ef819eff72482db693506b89fca0cd.jpg,fix_269_2.png
270,,到底有几条疯狗？,【妙题高招】★【巧算思维】,妙题高招,2,https://cdn-private.sm.cn/souti-imgs-lasting/cover_gm_c71e0e4be89233887ccca7c1516ea877.jpg,https://cdn-private.sm.cn/souti-imgs-lasting/c4d99c42c1b84698912c24fe0512bc1a.jpg,fix_270_2.png
275,,爸妈合力几天吃完？,【妙题高招】★【巧算思维】,妙题高招,2,https://cdn-private.sm.cn/souti-imgs-lasting/cover_gm_1c4c2dec3a03f16ae2a187336b18fdfa.jpg,https://cdn-private.sm.cn/souti-imgs-lasting/4031a0364d354a50aacb4820cbcb9901.jpg,fix_275_2.png
280,,(x+3)(x+5)=9999,【妙题高招】★【巧算思维】,妙题高招,2,https://cdn-private.sm.cn/souti-imgs-lasting/cover_gm_e08a824b329da4ca3e1e1b101fd9b9d9.jpg,https://cdn-private.sm.cn/souti-imgs-lasting/b5a58dc0b1584859ae673571260e08ba.jpg,fix_280_2.png
281,,100题316分对几题？,【妙题高招】★【巧算思维】,妙题高招,2,https://cdn-private.sm.cn/souti-imgs-lasting/cover_gm_5ed362681e87e3452d2e98cc7cadb6f1.jpg,https://cdn-private.sm.cn/souti-imgs-lasting/31c26e3229c64ed38ea7cee985710bb0.jpg,fix_281_2.png
284,,这3题能秒算？,【妙题高招】★【巧算思维】,妙题高招,2,https://cdn-private.sm.cn/souti-imgs-lasting/cover_gm_9086acb3f2f1d0b78f2abb1155a487f7.jpg,https://cdn-private.sm.cn/souti-imgs-lasting/afba5d61cbf34c499030a51deb3491a4.jpg,fix_284_2.png
286,,鸡的祖先是谁？,【妙题高招】★【冷知识揭秘】,妙题高招,2,https://cdn-private.sm.cn/souti-imgs-lasting/cover_gm_f284aae2ac29fdb696ee8110ace50e2a.jpg,https://cdn-private.sm.cn/souti-imgs-lasting/770b6793987b435ca56f8acf1d9f63b6.jpg,fix_286_2.png
292,,噩梦为什么跑不动？,【神奇世界】★【人体奥秘】,神奇世界,2,https://cdn-private.sm.cn/souti-imgs-lasting/cover_gm_14b26b892d1fc022745d36f8f71c5ae1.jpg,https://cdn-private.sm.cn/souti-imgs-lasting/2db779f808654c4d905542c54601a2d2.jpg,fix_292_2.png
296,,甜食为什么开心？,【神奇世界】★【人体奥秘】,神奇世界,2,https://cdn-private.sm.cn/souti-imgs-lasting/cover_gm_1a2152f3e29379efde3f3328b094f4bb.jpg,https://cdn-private.sm.cn/souti-imgs-lasting/dd804f7cbc4440fd92add513dbe57e07.jpg,fix_296_2.png
298,,哭为什么流鼻涕？,【神奇世界】★【人体奥秘】,神奇世界,2,https://cdn-private.sm.cn/souti-imgs-lasting/cover_gm_cf03614d1912392bae8ef138768ff5c8.jpg,https://cdn-private.sm.cn/souti-imgs-lasting/3755857d448943dc86c584d9f432c84f.jpg,fix_298_2.png
300,,牛奶为什么拉肚？,【神奇世界】★【人体奥秘】,神奇世界,2,https://cdn-private.sm.cn/souti-imgs-lasting/cover_gm_d738dc6b2cdaed5ed695d690084593b5.jpg,https://cdn-private.sm.cn/souti-imgs-lasting/084a8426d3034d13abb2f336c1d5cdbd.jpg,fix_300_2.png
301,,歌曲为什么停不下？,【神奇世界】★【人体奥秘】,神奇世界,2,https://cdn-private.sm.cn/souti-imgs-lasting/cover_gm_76675ce20c586763f687f748afb09077.jpg,https://cdn-private.sm.cn/souti-imgs-lasting/f18621e889c5492d86643b6339e69851.jpg,fix_301_2.png
306,,一个鼻孔为什么堵？,【神奇世界】★【人体奥秘】,神奇世界,2,https://cdn-private.sm.cn/souti-imgs-lasting/cover_gm_feb6fb29cd533c1362417c6d5d720818.jpg,https://cdn-private.sm.cn/souti-imgs-lasting/77eeef420faf41bc89e1a390a5ddd3bc.jpg,fix_306_2.png
307,,手指为什么起皱？,【神奇世界】★【人体奥秘】,神奇世界,2,https://cdn-private.sm.cn/souti-imgs-lasting/cover_gm_289300e0955cfb747857331379cb888d.jpg,https://cdn-private.sm.cn/souti-imgs-lasting/5263840c451244fca67bccee59f7ca98.jpg,fix_307_2.png
312,,头发为什么是卷的？,【神奇世界】★【人体奥秘】,神奇世界,2,https://cdn-private.sm.cn/souti-imgs-lasting/cover_gm_383dc1dea9e14f35a0a88ffb469150a7.jpg,https://cdn-private.sm.cn/souti-imgs-lasting/838f5b99445244d4b48c615695353ca0.jpg,fix_312_2.png
315,,结痂为什么不能抠？,【神奇世界】★【人体奥秘】,神奇世界,2,https://cdn-private.sm.cn/souti-imgs-lasting/cover_gm_0874d6aae06edb320ed4418967c41d60.jpg,https://cdn-private.sm.cn/souti-imgs-lasting/648f0d24ec9f49818ca5eadec2e5f0ce.jpg,fix_315_2.png
317,,吓到为什么尖叫？,【神奇世界】★【人体奥秘】,神奇世界,2,https://cdn-private.sm.cn/souti-imgs-lasting/cover_gm_cb9e9cac5595e1fa523bfe69b3c61d7b.jpg,https://cdn-private.sm.cn/souti-imgs-lasting/c9bda39e97954c23946c0a39be812935.jpg,fix_317_2.png
318,,时间为什么变慢？,【神奇世界】★【自然奥秘】,神奇世界,2,https://cdn-private.sm.cn/souti-imgs-lasting/cover_gm_7795c4ab0078763859c81258cd30d5c7.jpg,https://cdn-private.sm.cn/souti-imgs-lasting/e97c54d046134ec585f6f7f879b260d0.jpg,fix_318_2.png
319,,3岁前为什么记不住？,【神奇世界】★【人体奥秘】,神奇世界,2,https://cdn-private.sm.cn/souti-imgs-lasting/cover_gm_5dae9154a691768553b4667128f0d709.jpg,https://cdn-private.sm.cn/souti-imgs-lasting/61d274890a834e3d8459ebc129a7991c.jpg,fix_319_2.png
320,,赖床为什么更累？,【神奇世界】★【生命科学】,神奇世界,2,https://cdn-private.sm.cn/souti-imgs-lasting/cover_gm_b1dea3fd9e71bd6d04ade203ae26e01a.jpg,https://cdn-private.sm.cn/souti-imgs-lasting/d94f0753288640b2b5a226067ceffd21.jpg,fix_320_2.png
321,,越想忘越忘不掉？,【神奇世界】★【生命科学】,神奇世界,2,https://cdn-private.sm.cn/souti-imgs-lasting/cover_gm_be61cc0c01ddf4fc6959afc3b4076533.jpg,https://cdn-private.sm.cn/souti-imgs-lasting/3ddc6be2467049479cdc5e347ac664a6.jpg,fix_321_2.png
326,,饿过头反而不饿,【神奇世界】★【人体奥秘】,神奇世界,2,https://cdn-private.sm.cn/souti-imgs-lasting/cover_gm_7e5df108fa1d82c71c3511b1a13f836d.jpg,https://cdn-private.sm.cn/souti-imgs-lasting/55146e8d49bf43c58118283b3d28436c.jpg,fix_326_2.png
327,,闭眼为什么有烟花？,【神奇世界】★【人体奥秘】,神奇世界,2,https://cdn-private.sm.cn/souti-imgs-lasting/cover_gm_269119145670084a3322eb63db677358.jpg,https://cdn-private.sm.cn/souti-imgs-lasting/c4992d6f09404c6199a16a7e54126155.jpg,fix_327_2.png
328,,喉咙为什么要切换？,【神奇世界】★【人体奥秘】,神奇世界,2,https://cdn-private.sm.cn/souti-imgs-lasting/cover_gm_7504c855a4e9ea47067c96f0b0e864a0.jpg,https://cdn-private.sm.cn/souti-imgs-lasting/98b6de2935304c8d9b974c7ae104d170.jpg,fix_328_2.png
335,,肚子为什么咕咕叫？,【神奇世界】★【人体奥秘】,神奇世界,2,https://cdn-private.sm.cn/souti-imgs-lasting/cover_gm_6b79604c12dec11234be6afb3fa93c76.jpg,https://cdn-private.sm.cn/souti-imgs-lasting/5594ec11006a4c2eb1ac48c1a27860f5.jpg,fix_335_2.png
336,,梦为什么说没就没？,【神奇世界】★【人体奥秘】,神奇世界,2,https://cdn-private.sm.cn/souti-imgs-lasting/cover_gm_34ee68b54749d95f617bf16da4b07a7b.jpg,https://cdn-private.sm.cn/souti-imgs-lasting/8e54d895690b40b8a553f2973dba0a77.jpg,fix_336_2.png
338,,蹲起眼黑不是贫血,【神奇世界】★【人体奥秘】,神奇世界,2,https://cdn-private.sm.cn/souti-imgs-lasting/cover_gm_f7d1d0e2ed5537f8915b0e78ddd77a37.jpg,https://cdn-private.sm.cn/souti-imgs-lasting/48586315d2d44920b30ee97d78ea5d30.jpg,fix_338_2.png
