GUID,内容类型,学科,学期,学段,章节,教材节数,单元内排序,课文标题,知识点类型,知识点关键词,知识点说明,核心教学目标,对应教案文件名,确认版（文件上传）,确认版交付时间,负责人,前端录屏文件,备注,是否可上线,预计完成日期,,,,,,,,,,,,,,,,,,,
,数学,数学,下册,七年级,第七章 相交线与平行线,7.1.1,1,相交线、邻补角与对顶角,概念定义类,相交线、邻补角、对顶角,两条直线相交形成邻补角和对顶角，掌握对顶角与邻补角的位置、数量关系,1. 能区分邻补角与对顶角并说出其性质；2. 会用对顶角、邻补角的性质进行角度计算；3. 能完成简单的几何推理,七年级_下册_第七章第 1 节_相交线、邻补角与对顶角.docx,,,丽玲,,完成、这些角，读错,,5.28,,,,,,,,,,,,,,,,,,,
,数学,数学,下册,七年级,第七章 相交线与平行线,7.1.2,2,垂线的定义,概念定义类,垂线,两条直线相交成直角时的位置关系，明确垂足概念,1. 能识别垂直关系；2. 会用符号表示垂直,七年级_下册_第七章第 1 节_垂线的定义.docx,,,丽玲,,完成,,5.28,,,,,,,,,,,,,,,,,,,
,数学,数学,下册,七年级,第七章 相交线与平行线,7.1.2,3,垂线的性质（一）：过一点有且只有一条直线与已知直线垂直,性质 / 定理类,垂线性质 （一）,理解平面内过一点（直线上 / 外）作已知直线垂线的唯一性,1. 能过一点画已知直线的垂线；2. 理解垂线的存在唯一性,七年级_下册_第七章第 1 节_垂线的性质 （一）.docx,,,丽玲,,生成内容有问题,,5.28,,,,,,,,,,,,,,,,,,,
,数学,数学,下册,七年级,第七章 相交线与平行线,7.1.2,4,垂线的性质（二）：垂线段最短,性质 / 定理类,垂线段性质（二）、点到直线的距离,理解垂线段的性质，掌握点到直线的距离定义,1. 能说出垂线段最短的性质；2. 会用垂线段最短解释实际问题；3. 能说出点到直线的距离的概念,七年级_下册_第七章第 1 节_垂线的性质（二）.docx,,,丽玲,,,,,,,,,,,,,,,,,,,,,,,
,数学,数学,下册,七年级,第七章 相交线与平行线,7.1.3,5,同位角的识别,概念定义类,同位角,两条直线被第三条直线所截，位置相同的角，形如 “F” 型,1. 能在三线八角中识别同位角；2. 掌握同位角的位置特征,七年级_下册_第七章第 1 节_同位角的识别.docx,七年级_下册_第一章第 1 节_同位角的识别,5.22,丽玲,,,,,,,,,,,,,,,,,,,,,,,
,数学,数学,下册,七年级,第七章 相交线与平行线,7.1.3,6,内错角的识别,概念定义类,内错角,两条直线被第三条直线所截，在两线之间、截线两侧的角，形如 “Z” 型,1. 能在三线八角中识别内错角；2. 掌握内错角的位置特征,七年级_下册_第七章第 1 节_内错角的识别.docx,,,丽玲,,,,,,,,,,,,,,,,,,,,,,,
,数学,数学,下册,七年级,第七章 相交线与平行线,7.1.3,7,同旁内角的识别,概念定义类,同旁内角,两条直线被第三条直线所截，在两线之间、截线同侧的角，形如 “U” 型,1. 能在三线八角中识别同旁内角；2. 掌握同旁内角的位置特征,七年级_下册_第七章第 1 节_同旁内角的识别.docx,,,丽玲,,,,,,,,,,,,,,,,,,,,,,,
,数学,数学,下册,七年级,第七章 相交线与平行线,7.2.1,8,平行线的定义与表示,概念定义类,平行线,同一平面内不相交的两条直线，会用 “∥” 表示平行关系,1. 能说出平行线的定义；2. 会用符号表示两条直线平行,七年级_下册_第七章第 2 节_平行线的定义与表示.docx,七年级_下册_第七章第 2 节_平行线的定义与表示,5.22,丽玲,,,,,,,,,,,,,,,,,,,,,,,
,数学,数学,下册,七年级,第七章 相交线与平行线,7.2.1,9,平行线的基本事实及传递性,性质 / 定理类,平行线的基本事实以及推论,理解过直线外一点有且只有一条直线与已知直线平行，掌握平行线的传递性,1. 能说出平行线基本事实的内容；2. 能说出平行线传递性的推论；3. 会用符号语言表示平行基本事实及平行线传递性其推论,七年级_下册_第七章第 2 节_平行线基本事实及传递性.docx,,,丽玲,,,,,,,,,,,,,,,,,,,,,,,
,数学,数学,下册,七年级,第七章 相交线与平行线,7.2.2,10,平行线的判定（一）：同位角相等，两直线平行,判定方法类,平行线判定（一）,利用同位角相等判定两条直线平行，掌握符号语言,1. 能说出判定定理；2. 会用同位角相等证明两直线平行,七年级_下册_第七章第 2 节_平行线的判定 （一）.docx,,,丽玲,,,,,,,,,,,,,,,,,,,,,,,
,数学,数学,下册,七年级,第七章 相交线与平行线,7.2.2,11,平行线的判定（二）：内错角相等，两直线平行,判定方法类,平行线判定（二）,利用内错角相等判定两条直线平行，掌握符号语言,1. 能说出判定定理；2. 会用内错角相等证明两直线平行,七年级_下册_第七章第 2 节_平行线的判定 （二）.docx,七年级_下册_第七章第 2 节_平行线的判定(二) .docx,5.25,丽玲,,,,,,,,,,,,,,,,,,,,,,,
,数学,数学,下册,七年级,第七章 相交线与平行线,7.2.2,12,平行线的判定（三）：同旁内角互补，两直线平行,判定方法类,平行线判定（三）,利用同旁内角互补判定两条直线平行，掌握符号语言,1. 能说出判定定理；2. 会用同旁内角互补证明两直线平行,七年级_下册_第七章第 2 节_平行线的判定 （三）.docx,,,丽玲,,,,,,,,,,,,,,,,,,,,,,,
,数学,数学,下册,七年级,第七章 相交线与平行线,7.2.3,13,平行线的性质（一）：两直线平行，同位角相等,性质 / 定理类,平行线性质（一）,理解两直线平行时同位角的数量关系，掌握符号语言,1. 能说出性质定理；2. 会用两直线平行证明同位角相等,七年级_下册_第七章第 2 节_平行线的性质 （一）.docx,,,丽玲,,,,,,,,,,,,,,,,,,,,,,,
,数学,数学,下册,七年级,第七章 相交线与平行线,7.2.3,14,平行线的性质（二）：两直线平行，内错角相等,性质 / 定理类,平行线性质（二）,理解两直线平行时内错角的数量关系，掌握符号语言,1. 能说出性质定理；2. 会用两直线平行证明内错角相等,七年级_下册_第七章第 2 节_平行线的性质 （二）.docx,,,丽玲,,,,,,,,,,,,,,,,,,,,,,,
,数学,数学,下册,七年级,第七章 相交线与平行线,7.2.3,15,平行线的性质（三）：两直线平行，同旁内角互补,性质 / 定理类,平行线性质（三）,理解两直线平行时同旁内角的数量关系，掌握符号语言,1. 能说出性质定理；2. 会用两直线平行证明同旁内角互补,七年级_下册_第七章第 2 节_平行线的性质 （三）.docx,,,丽玲,,,,,,,,,,,,,,,,,,,,,,,
,数学,数学,下册,七年级,第七章 相交线与平行线,7.3,16,定义的概念,概念定义类,定义,明确数学中定义的作用，能区分定义与命题,1. 能说出定义的含义；2. 会识别数学中的定义语句,七年级_下册_第七章第 3 节_定义的概念.docx,,,丽玲,,,,,,,,,,,,,,,,,,,,,,,
,数学,数学,下册,七年级,第七章 相交线与平行线,7.3,17,命题及其组成,概念定义类,真命题与假命题,判断一件事情的语句，由题设和结论两部分组成，理解命题的真假，会举反例判断假命题,1. 会区分命题的题设和结论2.能区分真命题与假命题；2. 会用反例说明假命题,七年级_下册_第七章第 3 节_命题及其组成.docx,,,丽玲,,,,,,,,,,,,,,,,,,,,,,,
,数学,数学,下册,七年级,第七章 相交线与平行线,7.3,18,定理与证明,概念定义类,定理与证明,经过推理证实的真命题为定理，推理的过程叫做证明, 能说出定理与证明的定义,七年级_下册_第七章第 3 节_定理与证明.docx,,,丽玲,,,,,,,,,,,,,,,,,,,,,,,
,数学,数学,下册,七年级,第七章 相交线与平行线,7.4,19,平移的定义,概念定义类,平移,图形沿某一方向移动一定距离的运动，形状大小不变,1. 能说出平移的定义；2. 会识别平移现象,七年级_下册_第七章第 4 节_平移的定义.docx,,,丽玲,,,,,,,,,,,,,,,,,,,,,,,
,数学,数学,下册,七年级,第七章 相交线与平行线,7.4,20,平移的性质（一）：平移前后图形全等,性质 / 定理类,平移性质 （一）,理解平移不改变图形的形状和大小，对应线段、角相等,1. 能说出平移的性质；2. 会判断平移前后的对应元素,七年级_下册_第七章第 4 节_平移的性质 （一）.docx,,,丽玲,,,,,,,,,,,,,,,,,,,,,,,
,数学,数学,下册,七年级,第七章 相交线与平行线,7.4,21,平移的性质（二）：对应点连线平行（或共线）且相等,性质 / 定理类,平移性质 （二）,理解平移后对应点连线的位置与数量关系,1. 能说出平移的性质；2. 会画平移后的图形,七年级_下册_第七章第 4 节_平移的性质 （二）.docx,,,丽玲,,,,,,,,,,,,,,,,,,,,,,,
,数学,数学,下册,七年级,第八章 实数,8.1,1,平方根的定义,概念定义类,平方根,若 x²=a，则 x 叫 a 的平方根，记作 ±√a,1. 能说出平方根的定义；2. 会用符号表示平方根,七年级_下册_第八章第 1 节_平方根的定义.docx,,,丽玲,,,,,,,,,,,,,,,,,,,,,,,
,数学,数学,下册,七年级,第八章 实数,8.1,2,平方根的性质,性质 / 定理类,平方根性质,正数有两个互为相反数的平方根，0 的平方根是 0，负数无平方根,1. 能说出平方根的性质；2. 会求正数的平方根,七年级_下册_第八章第 1 节_平方根的性质.docx,,,丽玲,,,,,,,,,,,,,,,,,,,,,,,
,数学,数学,下册,七年级,第八章 实数,8.1,3,算术平方根的定义,概念定义类,算术平方根,若 x²=a（x≥0），则 x 叫 a 的算术平方根，记作√a,1. 能说出算术平方根的定义；2. 会用符号表示算术平方根,七年级_下册_第八章第 1 节_算术平方根的定义.docx,,,丽玲,,,,,,,,,,,,,,,,,,,,,,,
,数学,数学,下册,七年级,第八章 实数,8.1,4,算术平方根的性质,性质 / 定理类,算术平方根性质,理解√a 的双重非负性（a≥0，√a≥0）,1. 能说出算术平方根的性质；2. 会求非负数的算术平方根,七年级_下册_第八章第 1 节_算术平方根的性质.docx,,,晓静,,,,,,,,,,,,,,,,,,,,,,,
,数学,数学,下册,七年级,第八章 实数,8.1,5,开平方运算,运算法则类,开平方,求一个数的平方根的运算，与平方互为逆运算,1. 能说出开平方的定义；2. 会用开平方求非负数的平方根,七年级_下册_第八章第 1 节_开平方运算.docx,,,晓静,,,,,,,,,,,,,,,,,,,,,,,
,数学,数学,下册,七年级,第八章 实数,8.2,6,立方根的定义,概念定义类,立方根,若 x³=a，则 x 叫 a 的立方根，记作∛a,1. 能说出立方根的定义；2. 会用符号表示立方根,七年级_下册_第八章第 2 节_立方根的定义.docx,,,晓静,,,,,,,,,,,,,,,,,,,,,,,
,数学,数学,下册,七年级,第八章 实数,8.2,7,立方根的性质,性质 / 定理类,立方根性质,正数的立方根是正数，负数的立方根是负数，0 的立方根是 0,1. 能说出立方根的性质；2. 会求一个数的立方根,七年级_下册_第八章第 2 节_立方根的性质.docx,,,晓静,,,,,,,,,,,,,,,,,,,,,,,
,数学,数学,下册,七年级,第八章 实数,8.2,8,开立方运算,运算法则类,开立方,求一个数的立方根的运算，与立方互为逆运算,1. 能说出开立方的定义；2. 会用开立方求数的立方根,七年级_下册_第八章第 2 节_开立方运算.docx,,,晓静,,,,,,,,,,,,,,,,,,,,,,,
,数学,数学,下册,七年级,第八章 实数,8.3,9,无理数的定义,概念定义类,无理数,无限不循环小数，如√2、π 等,1. 能说出无理数的定义；2. 会区分有理数与无理数,七年级_下册_第八章第 3 节_无理数的定义.docx,,,晓静,,,,,,,,,,,,,,,,,,,,,,,
,数学,数学,下册,七年级,第八章 实数,8.3,10,实数的定义与分类,概念定义类,实数,有理数和无理数的统称，会按定义和正负分类,1. 能说出实数的定义；2. 会对实数进行分类,七年级_下册_第八章第 3 节_实数的定义与分类.docx,,,晓静,,,,,,,,,,,,,,,,,,,,,,,
,数学,数学,下册,七年级,第八章 实数,8.3,11,实数在数轴上的表示,性质 / 定理类,实数与数轴,理解实数与数轴上的点的一一对应关系,1. 能说出对应关系；2. 会在数轴上表示简单无理数,七年级_下册_第八章第 3 节_实数在数轴上的表示.docx,,,晓静,,,,,,,,,,,,,,,,,,,,,,,
,数学,数学,下册,七年级,第八章 实数,8.3,12,实数的相反数与绝对值,概念定义类,实数的相反数与绝对值,实数 a 的相反数是 - a，绝对值与有理数一致,1. 能说出实数相反数、绝对值的定义；2. 会求实数的相反数与绝对值,七年级_下册_第八章第 3 节_实数的相反数与绝对值.docx,,,晓静,,,,,,,,,,,,,,,,,,,,,,,
,数学,数学,下册,七年级,第八章 实数,8.3,13,实数的运算,运算法则类,实数的加减乘除运算,理解有理数的运算法则、运算律在实数范围内仍适用,1. 能说出实数的运算法则；2. 会进行简单的实数加减乘除运算,七年级_下册_第八章第 3 节_实数的运算.docx,,,晓静,,,,,,,,,,,,,,,,,,,,,,,
,数学,数学,下册,七年级,第九章 平面直角坐标系,9.1.1,1,平面直角坐标系的建立,概念定义类,有序数对、平面直角坐标系、点的坐标,理解有序数对的定义，掌握平面直角坐标系的组成（x 轴、y 轴、原点、象限），理解点的坐标定义,1. 能说出有序数对的定义；2. 能说出平面直角坐标系的组成；3. 会写平面内点的坐标,七年级_下册_第九章第 1 节_平面直角坐标系的建立.docx,,,晓静,,,,,,,,,,,,,,,,,,,,,,,
,数学,数学,下册,七年级,第九章 平面直角坐标系,9.1.1,2,象限的划分与点的坐标特征,性质 / 定理类,象限内点的坐标特征、坐标轴上点的坐标特征,理解各象限内点（+，+）（-，+）（-，-）（+，-）的符号特征，以及坐标轴上点的坐标特征（x 轴上 y=0，y 轴上 x=0）,1. 能说出各象限和坐标轴上点的坐标特征；2. 会根据点的坐标判断所在位置；3. 会根据位置写出点的坐标,七年级_下册_第九章第 1 节_象限的划分与点的坐标特征.docx,,,晓静,,,,,,,,,,,,,,,,,,,,,,,
,数学,数学,下册,七年级,第九章 平面直角坐标系,9.1.2,3,用坐标描述简单几何图形,方法 / 步骤类,用坐标描述图形,理解建立平面直角坐标系，用坐标描述简单几何图形的步骤,1. 能说出步骤；2. 会用坐标描述简单几何图形,七年级_下册_第九章第 2 节_用坐标描述简单几何图形.docx,,,晓静,,,,,,,,,,,,,,,,,,,,,,,
,数学,数学,下册,七年级,第九章 平面直角坐标系,9.2.1,4,用坐标表示地理位置,方法 / 步骤类,用坐标表示位置,建立平面直角坐标系，确定原点、单位长度，用坐标表示位置,1. 能说出步骤；2. 会用坐标表示简单地理位置,七年级_下册_第九章第 2 节_用坐标表示地理位置.docx,,,晓静,,,,,,,,,,,,,,,,,,,,,,,
,数学,数学,下册,七年级,第九章 平面直角坐标系,9.2.2,5,用坐标表示平移,性质 / 定理类,点的平移坐标变化,左右平移改变横坐标，上下平移改变纵坐标，规律：左减右加，上加下减,1. 能说出点平移的坐标变化规律；2. 会求平移后点的坐标3. 能说出图形平移的坐标变化规律；4. 会画平移后的图形并写出对应点坐标,七年级_下册_第九章第 2 节_用坐标表示平移.docx,,,晓静,,,,,,,,,,,,,,,,,,,,,,,
,数学,数学,下册,七年级,第十章 二元一次方程组,10.1,1,二元一次方程的定义,概念定义类,二元一次方程,含有两个未知数，且含未知数的项的次数都是 1 的整式方程,1. 能说出二元一次方程的定义；2. 会判断方程是否为二元一次方程,七年级_下册_第十章第 1 节_二元一次方程的定义.docx,,,晓静,,,,,,,,,,,,,,,,,,,,,,,
,数学,数学,下册,七年级,第十章 二元一次方程组,10.1,2,二元一次方程的解,概念定义类,二元一次方程的解,使二元一次方程两边相等的两个未知数的值，有无数组解,1. 能说出二元一次方程解的定义；2. 会检验一对数是否为方程的解,七年级_下册_第十章第 1 节_二元一次方程的解.docx,,,晓静,,,,,,,,,,,,,,,,,,,,,,,
,数学,数学,下册,七年级,第十章 二元一次方程组,10.1,3,二元一次方程组的定义,概念定义类,二元一次方程组,含有两个未知数，且含未知数的项的次数都是 1 的方程组,1. 能说出二元一次方程组的定义；2. 会判断是否为二元一次方程组,七年级_下册_第十章第 1 节_二元一次方程组的定义.docx,,,晓静,,,,,,,,,,,,,,,,,,,,,,,
,数学,数学,下册,七年级,第十章 二元一次方程组,10.1,4,二元一次方程组的解,概念定义类,二元一次方程组的解,使方程组中两个方程都成立的两个未知数的值,1. 能说出方程组解的定义；2. 会检验一对数是否为方程组的解,七年级_下册_第十章第 1 节_二元一次方程组的解.docx,,,晓静,,,,,,,,,,,,,,,,,,,,,,,
,数学,数学,下册,七年级,第十章 二元一次方程组,10.2.1,5,消元思想,方法类,消元思想,理解消元思想（将二元转化为一元）,能说出消元思想,七年级_下册_第十章第 2 节_消元思想.docx,,,晓静,,,,,,,,,,,,,,,,,,,,,,,
,数学,数学,下册,七年级,第十章 二元一次方程组,10.2.1,6,代入消元法,方法 / 步骤类,代入消元法,将一个方程变形，代入另一个方程消元，转化为一元一次方程,1. 能说出代入消元法的步骤；2. 会用代入消元法解简单方程组,七年级_下册_第十章第 2 节_代入消元法.docx,,,晓静,,,,,,,,,,,,,,,,,,,,,,,
,数学,数学,下册,七年级,第十章 二元一次方程组,10.2.2,7,加减消元法,方法 / 步骤类,加减消元法,通过两方程相加或相减消去一个未知数，转化为一元一次方程,1. 能说出加减消元法的步骤；2. 会用加减消元法解简单方程组,七年级_下册_第十章第 2 节_加减消元法.docx,,,晓静,,,,,,,,,,,,,,,,,,,,,,,
,数学,数学,下册,七年级,第十章 二元一次方程组,10.3,8,实际问题与二元一次方程组,方法 / 步骤类,列二元一次方程组解应用题,掌握列二元一次方程组解应用题的步骤（审、设、列、解、验、答）,1. 能说出步骤；2. 会根据实际问题列二元一次方程组并求解,七年级_下册_第十章第 3 节_实际问题与二元一次方程组.docx,,,聪慧,,,,,,,,,,,,,,,,,,,,,,,
,数学,数学,下册,七年级,第十章 二元一次方程组,10.4,9,三元一次方程组的定义,概念定义类,三元一次方程组,含有三个未知数，且含未知数的项的次数都是 1 的方程组,1. 能说出三元一次方程组的定义；2. 会判断是否为三元一次方程组,七年级_下册_第十章第 4 节_三元一次方程组的定义.docx,,,聪慧,,,,,,,,,,,,,,,,,,,,,,,
,数学,数学,下册,七年级,第十章 二元一次方程组,10.4,10,三元一次方程组的解法,概念定义类 / 方法步骤类,三元一次方程组的解法,掌握消元法解三元一次方程组的思路（三元→二元→一元）,会用消元法将三元转化为二元、一元求解；3. 会解简单的三元一次方程组,七年级_下册_第十章第 4 节_三元一次方程组的解法.docx,,,聪慧,,,,,,,,,,,,,,,,,,,,,,,
,数学,数学,下册,七年级,第十章 二元一次方程组,图说数学史,11,解多元一次方程组,方法 / 步骤类,多元一次方程组的解法,理解多元一次方程组的消元思路，掌握逐步消元的方法,1. 能说出多元一次方程组的解法思路；2. 会用消元法解简单的多元一次方程组,七年级_下册_第十章第 4 节_解多元一次方程组.docx,,,聪慧,,,,,,,,,,,,,,,,,,,,,,,
,数学,数学,下册,七年级,第十章 二元一次方程组,数学活动,12,二元一次方程的“图像”,方法 / 步骤类,二元一次方程的“图像”,二元一次方程的图像特征 理解二元一次方程与一次函数图像的对应关系,1. 理解二元一次方程的图像是一条直线；2. 掌握通过取值描点绘制二元一次方程图像的方法,七年级_下册_第十章第 4 节_二元一次方程的“图像”.docx,,,聪慧,,,,,,,,,,,,,,,,,,,,,,,
,数学,数学,下册,七年级,第十一章 不等式与不等式组,11.1.1,1,不等式的定义,概念定义类,不等式,用不等号（>、<、≥、≤、≠）表示不等关系的式子,1. 能说出不等式的定义；2. 会用不等号表示数量关系,七年级_下册_第十一章第 1 节_不等式的定义.docx,,,聪慧,,,,,,,,,,,,,,,,,,,,,,,
,数学,数学,下册,七年级,第十一章 不等式与不等式组,11.1.1,2,不等式的解与解集,概念定义类,不等式的解与解集,使不等式成立的未知数的值是解，所有解组成解集,1. 能说出解与解集的定义；2. 会检验解、用数轴表示解集,七年级_下册_第十一章第 1 节_不等式的解与解集.docx,,,聪慧,,,,,,,,,,,,,,,,,,,,,,,
,数学,数学,下册,七年级,第十一章 不等式与不等式组,11.1.2,3,不等式的性质（一）,性质 / 定理类,不等式性质（一）,不等式两边加（或减）同一个数（或式子），不等号方向不变,1. 能说出性质；2. 会用性质进行不等式变形,七年级_下册_第十一章第 1 节_不等式的性质（一）.docx,,,聪慧,,,,,,,,,,,,,,,,,,,,,,,
,数学,数学,下册,七年级,第十一章 不等式与不等式组,11.1.2,4,不等式的性质（二）,性质 / 定理类,不等式性质（二）,不等式两边乘（或除以）同一个正数，不等号方向不变,1. 能说出性质；2. 会用性质进行不等式变形,七年级_下册_第十一章第 1 节_不等式的性质（二）.docx,,,聪慧,,,,,,,,,,,,,,,,,,,,,,,
,数学,数学,下册,七年级,第十一章 不等式与不等式组,11.1.2,5,不等式的性质 （三）,性质 / 定理类,不等式性质（三）,不等式两边乘（或除以）同一个负数，不等号方向改变,1. 能说出性质；2. 会用性质进行不等式变形,七年级_下册_第十一章第 1 节_不等式的性质 3.docx,,,聪慧,,,,,,,,,,,,,,,,,,,,,,,
,数学,数学,下册,七年级,第十一章 不等式与不等式组,阅读与理解,6,用求差法比较大小,方法 / 步骤类,求差法比较大小,掌握用求差法比较两个数（或式子）大小的方法（作差、变形、判断符号、得出结论）,1. 能说出求差法的步骤；2. 会用求差法比较两个数或式子的大小,七年级_下册_第十一章第 2 节_用求差法比较大小.docx,,,聪慧,,,,,,,,,,,,,,,,,,,,,,,
,数学,数学,下册,七年级,第十一章 不等式与不等式组,11.2,7,一元一次不等式的定义,概念定义类,一元一次不等式,含有一个未知数，未知数次数为 1 的不等式,1. 能说出定义；2. 会判断是否为一元一次不等式,七年级_下册_第十一章第 2 节_一元一次不等式的定义.docx,,,聪慧,,,,,,,,,,,,,,,,,,,,,,,
,数学,数学,下册,七年级,第十一章 不等式与不等式组,11.2,8,解一元一次不等式,方法 / 步骤类,解一元一次不等式,掌握解一元一次不等式的步骤（去分母、去括号、移项、合并同类项、系数化为 1）,1. 能说出步骤；2. 会解一元一次不等式并在数轴上表示解集,七年级_下册_第十一章第 2 节_解一元一次不等式.docx,,,聪慧,,,,,,,,,,,,,,,,,,,,,,,
,数学,数学,下册,七年级,第十一章 不等式与不等式组,11.2,9,一元一次不等式的应用,方法 / 步骤类,一元一次不等式的应用,掌握列一元一次不等式解应用题的步骤，会解决实际问题,1. 能说出步骤；2. 会根据实际问题列一元一次不等式并求解,七年级_下册_第十一章第 2 节_一元一次不等式的应用.docx,,,聪慧,,,,,,,,,,,,,,,,,,,,,,,
,数学,数学,下册,七年级,第十一章 不等式与不等式组,11.3,10,一元一次不等式组的定义,概念定义类,一元一次不等式组,含有同一个未知数的几个一元一次不等式组成的组,1. 能说出定义；2. 会判断是否为一元一次不等式组,七年级_下册_第十一章第 3 节_一元一次不等式组的定义.docx,,,聪慧,,,,,,,,,,,,,,,,,,,,,,,
,数学,数学,下册,七年级,第十一章 不等式与不等式组,11.3,11,解一元一次不等式组,方法 / 步骤类,解一元一次不等式组,掌握解一元一次不等式组的步骤（分别解不等式，找公共部分）,1. 能说出步骤；2. 会解一元一次不等式组；3. 会用数轴确定不等式组的解集,七年级_下册_第十一章第 3 节_解一元一次不等式组.docx,,,聪慧,,,,,,,,,,,,,,,,,,,,,,,
,数学,数学,下册,七年级,第十一章 不等式与不等式组,数学活动,12,一元一次不等式组的应用,方法 / 步骤类,一元一次不等式组的应用,掌握列一元一次不等式组解应用题的方法，会解决实际问题,1. 能说出步骤；2. 会根据实际问题列一元一次不等式组并求解；3. 会检验结果是否符合实际意义,七年级_下册_第十一章第 3 节_一元一次不等式组的应用.docx,,,聪慧,,,,,,,,,,,,,,,,,,,,,,,
,数学,数学,下册,七年级,第十二章 数据的收集、整理与描述,12.1.1,1,全面调查的定义,概念定义类,全面调查,对全体对象进行调查，也叫普查,1. 能说出定义；2. 会判断调查方式是否为全面调查,七年级_下册_第十二章第 1 节_全面调查的定义.docx,,,聪慧,,,,,,,,,,,,,,,,,,,,,,,
,数学,数学,下册,七年级,第十二章 数据的收集、整理与描述,12.1.2,2,抽样调查与简单随机抽样,方法 / 步骤类,抽样调查与简单随机抽样,理解简单随机抽样的定义，掌握简单随机抽样的方法,"1. 能说出定义；2. 会判断抽样方式是否为简单随机抽样；3. 会用简单随机抽样抽取样本，4.会判断调查方式是否为抽样调查5.会区分总体、个体、样本、样本容量
",七年级_下册_第十二章第 1 节_抽样调查与简单随机抽样.docx,,,聪慧,,,,,,,,,,,,,,,,,,,,,,,
,数学,数学,下册,七年级,第十二章 数据的收集、整理与描述,12.2.1,5,扇形图、条形图和折线图,方法 / 步骤类,扇形图、条形图和折线图,掌握每个图形的特点并绘制,1.会认识条形图，折线图，讲扇形图及其绘制，2.清楚特点与选用,七年级_下册_第十二章第 2 节_扇形图、条形图和折线图.docx,,,聪慧,,,,,,,,,,,,,,,,,,,,,,,
,数学,数学,下册,七年级,第十二章 数据的收集、整理与描述,12.2.2,6,直方图的相关概念,方法 / 步骤类,组距，频数与频数分布表,掌握制作频数分布表的步骤（计算极差、确定组距与组数、列频数分布表）组距、组数、频数、频率的定义,1. 能说出步骤；2. 会制作简单的频数分布表；3. 会根据频数分布表分析数据分布4. 能说出各概念的定义；5. 会计算频数与频率,七年级_下册_第十二章第 2 节_组距，频数与频数分布表.docx,,,聪慧,,,,,,,,,,,,,,,,,,,,,,,
,数学,数学,下册,七年级,第十二章 数据的收集、整理与描述,12.2.2,7,频数分布直方图的绘制步骤,方法 / 步骤类,频数分布直方图,计算极差、确定组距与组数、列频数分布表、画直方图,1. 能说出步骤；2. 会绘制简单的频数分布直方图,七年级_下册_第十二章第 2 节_频数分布直方图的绘制步骤.docx,,,聪慧,,,,,,,,,,,,,,,,,,,,,,,
,数学,数学,下册,七年级,第十二章 数据的收集、整理与描述,12.2.3,8,趋势图,方法 / 步骤类,趋势图的特点与绘制,理解折线统计图的特点反映数据的变化趋势,1. 能说出特点；2.会根据趋势图分析数据变化,七年级_下册_第十二章第 2 节_趋势图.docx,,,聪慧,,,,,,,,,,,,,,,,,,,,,,,
,数学,数学,下册,八年级,第十九章 二次根式,19.1,1,二次根式的定义,概念定义类,二次根式的定义,形如√a(a≥0)的式子叫作二次根式，a为被开方数，a表示非负数a的算术平方根,"1. 理解二次根式的数学定义；
2. 能判断代数式是否为二次根式；
3. 掌握二次根式有意义的条件",八年级_下册_第十九章第 1 节_二次根式的定义.docx,八年级_下册_第十九章第 1 节_二次根式的定义.docx,5.22,聪慧,,,,,,,,,,,,,,,,,,,,,,,
,数学,数学,下册,八年级,第十九章 二次根式,19.1,2,二次根式的性质,公式类,二次根式的性质,包含√a≥0(a≥0)、√(a) 2=a(a≥0)、√a2=∣a∣三条核心性质,"1. 掌握二次根式的三条基本性质；
2. 能运用性质进行简单化简；
3. 区分√(a) 2与√a2的适用范围",八年级_下册_第十九章第 1 节_二次根式的性质.docx,八年级_下册_第十九章第 1 节_二次根式的性质.docx,5.22,聪慧,,,,,,,,,,,,,,,,,,,,,,,
,数学,数学,下册,八年级,第十九章 二次根式,19.2,3,二次根式的乘法法则,公式类,二次根式的乘法法则,"两个二次根式相乘，把被开方数相乘，根指数不变，即√a・√b=√(ab)(a≥0,b≥0)","1. 掌握二次根式的乘法法则；
2. 能运用法则进行乘法运算；
3. 会逆用法则化简二次根式",八年级_下册_第十九章第 2 节_二次根式的乘法法则.docx,八年级_下册_第十九章第 2 节_二次根式的乘法法则.docx,,聪慧,,,,,,,,,,,,,,,,,,,,,,,
,数学,数学,下册,八年级,第十九章 二次根式,19.2,4,二次根式的除法法则,公式类,二次根式的除法法则,"两个二次根式相除，把被开方数相除，根指数不变，即√a/√b=√(a/b)(a≥0,b>0)","1. 掌握二次根式的除法法则；
2. 能运用法则进行除法运算；
3. 会逆用法则化简二次根式",八年级_下册_第十九章第 2 节_二次根式的除法法则.docx,八年级_下册_第十九章第 2 节_二次根式的除法法则.docx.docx,,聪慧,,,,,,,,,,,,,,,,,,,,,,,
,数学,数学,下册,八年级,第十九章 二次根式,19.2,5,最简二次根式,运算法则类,最简二次根式,满足被开方数不含分母、被开方数中不含能开得尽方的因数或因式的二次根式,"1. 理解最简二次根式的定义；
2. 能判断二次根式是否为最简形式；
3. 会将二次根式化为最简形式",八年级_下册_第十九章第 2 节_最简二次根式.docx,,,聪慧,,,,,,,,,,,,,,,,,,,,,,,
,数学,数学,下册,八年级,第十九章 二次根式,19.3,6,二次根式的加减法则,运算法则类,二次根式的加减法则,二次根式加减时，先将二次根式化为最简，再合并被开方数相同的二次根式,"1. 掌握二次根式的加减法则；
2. 能识别同类二次根式；
3. 能进行二次根式的加减运算",八年级_下册_第十九章第 3 节_二次根式的加减法则.docx,,,聪慧,,,,,,,,,,,,,,,,,,,,,,,
,数学,数学,下册,八年级,第十九章 二次根式,19.3,7,二次根式的混合运算,运算法则类,二次根式的混合运算,二次根式的混合运算顺序与实数一致，先乘方、再乘除、最后加减，有括号先算括号内,"1. 掌握二次根式混合运算的顺序；
2. 能运用运算律简化运算；
3. 能解决简单的混合运算问题",八年级_下册_第十九章第 3 节_二次根式的混合运算.docx,八年级_下册_第十九章第 3 节_二次根式的混合运算.docx.docx,,聪慧,,,,,,,,,,,,,,,,,,,,,,,
,数学,数学,下册,八年级,第十九章 二次根式,阅读与思考,8,海伦-秦九韶公式,公式类,海伦-秦九韶公式,若三角形的三边长分别为 a、b、c，半周长 p=(a+b+c)/2，则三角形的面积 S=√[p (p-a)(p-b)(p-c)],"1.理解海伦 - 秦九韶公式的内容
2.熟练运用海伦 - 秦九韶公式计算任意三角形的面积
3.了解海伦 - 秦九韶公式的中外历史背景",八年级_下册_第十九章第 3 节_海伦-秦九韶公式.docx,八年级_下册_第十九章第 3 节_海伦-秦九韶公式.docx.docx,,聪慧,,,,,,,,,,,,,,,,,,,,,,,
,数学,数学,下册,八年级,第二十章 勾股定理,20.1,1,勾股定理,性质/定理类,勾股定理,"直角三角形两条直角边长的平方和等于斜边长的平方，即a2+b2=c2（a,b为直角边，c为斜边），能够成为直角三角形三条边长的三个正整数称为勾股数","1. 理解勾股定理的内容；
2. 能直接运用勾股定理求边长
3.理解勾股数的定义
4.熟记常见的勾股数",八年级_下册_第二十章第 1 节_勾股定理.docx,八年级_下册_第二十章第 1 节_勾股定理.docx,5.25,聪慧,,完成,,5.28,,,,,,,,,,,,,,,,,,,
,数学,数学,下册,八年级,第二十章 勾股定理,20.1,2,勾股定理的应用,性质/定理类,勾股定理的应用,运用勾股定理解决实际生活中与直角三角形相关的边长计算问题,"1. 能将实际问题转化为直角三角形模型；
2. 能运用勾股定理解决实际问题；
3. 会在数轴上表示无理数",八年级_下册_第二十章第 1 节_勾股定理的应用.docx,八年级_下册_第二十章第 1 节_勾股定理的应用.docx,5.25,丽玲,勾股定理的应用.mp4,前端公式展示问题,,5.28,,,,,,,,,,,,,,,,,,,
,数学,数学,下册,八年级,第二十章 勾股定理,阅读与思考,5,勾股定理的证明,性质/定理类,勾股定理的证明,以商高提出的 “勾三、股四、弦五” 为起源，通过图形分割、拼接后面积相等的关系，证明直角三角形两条直角边长的平方和等于斜边长的平方,"1. 了解勾股定理证明的历史背景，知晓《周髀算经》中商高的相关记载，感受我国古代数学的辉煌成就；
2. 理解出入相补、面积相等的证明核心思路，掌握赵爽弦图证明勾股定理的过程；
3. 体会数形结合的数学思想，提升几何直观与逻辑推理素养。",八年级_下册_第二十章第 2 节_勾股定理的证明.docx,八年级_下册_第二十章第 2 节_勾股定理的证明.docx,5.25,晓静,,,,5.28,,,,,,,,,,,,,,,,,,,
,数学,数学,下册,八年级,第二十章 勾股定理,20.2,3,勾股定理的逆定理,判定⽅法类,勾股定理的逆定理,"若三角形三边长a,b,c满足a2+b2=c2，则这个三角形是直角三角形","1. 理解勾股定理逆定理的内容；
2. 能运用逆定理判定直角三角形；
3. 区分勾股定理与逆定理的适用条件",八年级_下册_第二十章第 2 节_勾股定理的逆定理.docx,八年级_下册_第二十章第 2 节_勾股定理的逆定理.docx,5.25,丽玲,,前端部分内容展示缺失、公式问题,,5.28,,,,,,,,,,,,,,,,,,,
,数学,数学,下册,八年级,第二十章 勾股定理,20.2,4,勾股定理逆定理的应用,性质/定理类,勾股定理逆定理的应用,运用勾股定理的逆定理解决实际问题中直角的判定与边长计算问题,"1. 能运用逆定理判定实际问题中的直角；
2. 能综合运用勾股定理及其逆定理解决问题",八年级_下册_第二十章第 2 节_勾股定理逆定理的应用.docx,八年级_下册_第二十章第 2 节_勾股定理逆定理的应用.docx,5.25,聪慧,,完成,,5.28,,,,,,,,,,,,,,,,,,,
,数学,数学,下册,八年级,第二十一章 四边形,21.1.1,1,四边形的定义,概念定义类,四边形的定义,平面内由不在同一直线上的四条线段首尾顺次相接组成的图形，分为凸四边形和凹四边形,"1. 理解四边形的定义；
2. 能识别凸四边形与凹四边形；
3. 掌握四边形的边、角、顶点、对角线概念",八年级_下册_第二十一章第 1 节_四边形的定义.docx,八年级_下册_第二十一章第 1 节_四边形的定义.docx,,晓静,,,,,,,,,,,,,,,,,,,,,,,
,数学,数学,下册,八年级,第二十一章 四边形,21.1.1,2,四边形的内角和与外角和,性质/定理类,四边形的内角和与外角和,四边形的内角和等于360∘，外角和等于360∘,"1. 掌握四边形内角和与外角和定理；
2. 能运用定理计算四边形的角度；
3. 理解四边形不稳定性的特点",八年级_下册_第二十一章第 1 节_四边形的内角和与外角和.docx,八年级_下册_第二十一章第 1 节_四边形的内角和与外角和.docx,,晓静,,,,,,,,,,,,,,,,,,,,,,,
,数学,数学,下册,八年级,第二十一章 四边形,21.1.2,3,多边形的定义,概念定义类,多边形的定义,平面内由n(n≥3)条线段首尾顺次相接组成的图形，有几条边就叫作几边形，各个角都相等、各条边都相等的多边形叫作正多边形,"1. 理解多边形的定义；
2. 掌握多边形的边、角、顶点、对角线概念；
3. 能识别凸多边形与正多边形
4.能计算正多边形的内角与外角",八年级_下册_第二十一章第 1 节_多边形的定义.docx,,,晓静,,,,,,,,,,,,,,,,,,,,,,,
,数学,数学,下册,八年级,第二十一章 四边形,21.1.2,4,多边形对角线条数的计算,公式类,多边形对角线条数的计算,连接多边形不相邻两个顶点的线段叫做多边形的对角线；n 边形（n≥3 且 n 为整数）的对角线条数计算公式为n(n-3)/2,"1. 理解多边形对角线的定义，掌握 n 边形对角线条数的计算公式；
2. 能运用公式计算多边形的对角线条数，或根据对角线条数求多边形边数；
3. 经历公式推导过程，体会从特殊到一般的数学思想。",八年级_下册_第二十一章第 1 节_多边形对角线条数的计算.docx,,,晓静,,,,,,,,,,,,,,,,,,,,,,,
,数学,数学,下册,八年级,第二十一章 四边形,21.1.2,5,多边形的内角和与外角和,性质/定理类,多边形的内角和与外角和,n边形内角和等于(n−2)×180∘，任意多边形的外角和都等于360∘,"1. 掌握多边形内角和与外角和公式；
2. 能运用公式计算多边形的角度和边数；
3. 理解公式的推导过程",八年级_下册_第二十一章第 1 节_多边形的内角和与外角和.docx,,,晓静,,,,,,,,,,,,,,,,,,,,,,,
,数学,数学,下册,八年级,第二十一章 四边形,21.2.1,6,平行四边形的定义,概念定义类,平行四边形的定义,两组对边分别平行的四边形叫作平行四边形，记作 “□ABCD”,"1. 理解平行四边形的定义；
2. 能识别平行四边形；
3. 掌握平行四边形的表示方法",八年级_下册_第二十一章第 2 节_平行四边形的定义.docx,八年级_下册_第二十一章第 2 节_平行四边形的定义.docx,,丽玲,,,,,,,,,,,,,,,,,,,,,,,
,数学,数学,下册,八年级,第二十一章 四边形,21.2.1,7,平行四边形的性质,性质/定理类,平行四边形的性质,平行四边形对边相等、对角相等、对角线互相平分，是中心对称图形,"1. 掌握平行四边形的边、角、对角线性质；
2. 能运用性质进行简单的证明与计算；
3. 理解平行四边形的中心对称性",八年级_下册_第二十一章第 2 节_平行四边形的性质.docx,,,丽玲,,,,,,,,,,,,,,,,,,,,,,,
,数学,数学,下册,八年级,第二十一章 四边形,21.2.1,8,平行线之间的距离,概念定义类,平行线之间的距离,两条平行线中，一条直线上任意一点到另一条直线的垂线段的长度，叫做这两条平行线之间的距离；,"1. 理解平行线之间距离的定义；
2. 掌握平行线间距离处处相等的性质，能运用性质解决简单问题；
3. 会计算或测量两条平行线之间的距离。",八年级_下册_第二十一章第 2 节_平行线之间的距离.docx,,,丽玲,,,,,,,,,,,,,,,,,,,,,,,
,数学,数学,下册,八年级,第二十一章 四边形,21.2.2,9,平行四边形的判定（一）,判定⽅法类,平行四边形的判定,包含两组对边分别相等、两组对角分别相等、对角线互相平分、一组对边平行且相等四种判定方法,"1. 掌握平行四边形的四种判定方法；
2. 能运用判定定理证明四边形是平行四边形；
3. 能区分性质与判定的应用场景",八年级_下册_第二十一章第 2 节_平行四边形的判定（一）.docx,,,丽玲,,,,,,,,,,,,,,,,,,,,,,,
,数学,数学,下册,八年级,第二十一章 四边形,21.2.2,10,平行四边形的判定（二）,判定⽅法类,平行四边形的判定-两组对边分别相等,两组对边分别相等的四边形是平行四边形，是平行四边形的核心判定定理,"1. 理解该判定定理的内容；
2. 能结合三角形全等证明此判定定理；
3. 能运用定理判定四边形为平行四边形。",八年级_下册_第二十一章第 2 节_平行四边形的判定（二）.docx,,,丽玲,,,,,,,,,,,,,,,,,,,,,,,
,数学,数学,下册,八年级,第二十一章 四边形,21.2.2,11,平行四边形的判定（三）,判定⽅法类,平行四边形的判定-一组对边平行且相等,一组对边平行且相等的四边形是平行四边形，是简便常用的判定定理。,"1. 理解 “一组对边平行且相等” 的判定条件；
2. 能运用该定理证明四边形是平行四边形；
3. 体会此判定方法的简洁性与解题优势。",八年级_下册_第二十一章第 2 节_平行四边形的判定（三）.docx,,,丽玲,,,,,,,,,,,,,,,,,,,,,,,
,数学,数学,下册,八年级,第二十一章 四边形,21.2.2,12,平行四边形的判定（四）,判定⽅法类,平行四边形的判定-对角线互相平分,对角线互相平分的四边形是平行四边形，是从对角线角度判定的定理。,"1. 理解对角线判定平行四边形的定理内容；
2. 能运用对角线关系判定四边形为平行四边形；
3. 能综合运用多种判定方法解决简单几何问题。",八年级_下册_第二十一章第 2 节_平行四边形的判定（四）.docx,,,丽玲,,,,,,,,,,,,,,,,,,,,,,,
,数学,数学,下册,八年级,第二十一章 四边形,21.2.3,13,三角形的中位线,性质/定理类,三角形的中位线,三角形的中位线平行于第三边，并且等于第三边的一半,"1. 理解三角形中位线的定义；
2. 掌握三角形中位线定理；
3. 能运用定理解决线段平行与长度计算问题",八年级_下册_第二十一章第 2 节_三角形的中位线.docx,,,丽玲,,,,,,,,,,,,,,,,,,,,,,,
,数学,数学,下册,八年级,第二十一章 四边形,21.3.1,14,矩形的定义与性质,概念定义类,矩形的定义与性质,有一个角是直角的平行四边形叫作矩形，矩形四个角都是直角、对角线相等,"1. 理解矩形的定义；
2. 掌握矩形的边、角、对角线性质；
3. 能运用性质进行计算与证明",八年级_下册_第二十一章第 3 节_矩形的定义与性质.docx,,,丽玲,,,,,,,,,,,,,,,,,,,,,,,
,数学,数学,下册,八年级,第二十一章 四边形,21.3.1,15,直角三角形斜边上的中线等于斜边的一半,概念定义类,直角三角形斜边上的中线等于斜边的一半,直角三角形斜边上的中线是连接斜边中点与直角顶点的线段，该线段的长度等于斜边长度的一半,"1. 理解直角三角形斜边上的中线等于斜边一半的性质；
2. 能运用该性质进行线段长度计算与相关几何推理；
3. 了解该性质的证明思路，体会几何图形间的转化思想。",八年级_下册_第二十一章第 3 节_直角三角形斜边上的中线等于斜边的一半.docx,,,丽玲,,,,,,,,,,,,,,,,,,,,,,,
,数学,数学,下册,八年级,第二十一章 四边形,21.3.1,16,矩形的判定定理（一）,判定⽅法类,矩形的判定-三个角是直角的四边形判定,三个角都是直角的四边形是矩形，无需先判定平行四边形，可直接判定四边形为矩形,"1. 理解该判定定理的内容；
2. 能运用定理证明四边形是矩形；
3. 结合四边形内角和定理理解判定依据。",八年级_下册_第二十一章第 3 节_矩形的判定定理（一）.docx,,,丽玲,,,,,,,,,,,,,,,,,,,,,,,
,数学,数学,下册,八年级,第二十一章 四边形,21.3.1,17,矩形的判定定理（二）,判定⽅法类,矩形的判定-对角线相等的平行四边形判定,对角线相等的平行四边形是矩形，是从对角线角度判定平行四边形为矩形的核心定理。,"1. 理解对角线相等的平行四边形是矩形的定理；
2. 能运用该定理判定平行四边形为矩形；
3. 区分平行四边形与矩形的对角线性质。",八年级_下册_第二十一章第 3 节_矩形的判定定理（二）.docx,,,晓静,,,,,,,,,,,,,,,,,,,,,,,
,数学,数学,下册,八年级,第二十一章 四边形,21.3.1,18,矩形的判定定理（三）,判定⽅法类,矩形的判定-对角线相等且互相平分的四边形判定,对角线相等且互相平分的四边形是矩形，综合对角线特征直接判定四边形为矩形,"1. 理解该判定定理的内容；
2. 能结合对角线的数量与位置关系判定矩形；
3. 能综合运用四种判定方法解决几何证明问题。",八年级_下册_第二十一章第 3 节_矩形的判定定理（三）.docx,,,晓静,,,,,,,,,,,,,,,,,,,,,,,
,数学,数学,下册,八年级,第二十一章 四边形,21.3.2,19,菱形的定义与性质,判定⽅法类,菱形的定义与性质,有一组邻边相等的平行四边形叫作菱形，菱形四条边都相等、对角线互相垂直且平分一组对角,"1. 理解菱形的定义；
2. 掌握菱形的边、角、对角线性质；
3. 能运用性质进行计算与证明",八年级_下册_第二十一章第 3 节_菱形的定义与性质.docx,,,晓静,,,,,,,,,,,,,,,,,,,,,,,
,数学,数学,下册,八年级,第二十一章 四边形,21.3.2,20,菱形的判定定理（一）,判定⽅法类,菱形的判定定理-一组邻边相等的平行四边形,有一组邻边相等的平行四边形叫作菱形，这是菱形的定义，也是最基础的判定方法。,"1. 理解菱形的定义，掌握定义判定法；
2. 能运用定义判定一个平行四边形是菱形；
3. 明确菱形与平行四边形的从属关系。",八年级_下册_第二十一章第 3 节_菱形的判定定理（一）.docx,,,晓静,,,,,,,,,,,,,,,,,,,,,,,
,数学,数学,下册,八年级,第二十一章 四边形,21.3.2,21,菱形的判定定理（二）,判定⽅法类,菱形的判定定理-对角线互相垂直的平行四边形,对角线互相垂直的平行四边形是菱形，是从对角线角度判定平行四边形为菱形的判定定理。,"1. 理解该判定定理的内容；
2. 能运用定理判定平行四边形为菱形；
3. 结合菱形性质理解定理的推导思路。",八年级_下册_第二十一章第 3 节_菱形的判定定理（二）.docx,,,晓静,,,,,,,,,,,,,,,,,,,,,,,
,数学,数学,下册,八年级,第二十一章 四边形,21.3.2,22,菱形的判定定理（三）,判定⽅法类,菱形的判定定理-四条边相等的四边形,四条边相等的四边形是菱形，可直接判定四边形为菱形，无需先判定为平行四边形。,"1. 理解该判定定理的内容；
2. 能运用定理证明四边形是菱形；
3. 能结合四边形边的特征灵活应用判定方法。",八年级_下册_第二十一章第 3 节_菱形的判定定理（三）.docx,,,晓静,,,,,,,,,,,,,,,,,,,,,,,
,数学,数学,下册,八年级,第二十一章 四边形,21.3.3,23,正方形的定义与性质,概念定义类,正方形的定义与性质,有一组邻边相等且有一个角是直角的平行四边形叫作正方形，兼具矩形与菱形的所有性质,"1. 理解正方形的定义；
2. 掌握正方形的性质；
3. 能理清正方形与矩形、菱形的关系",八年级_下册_第二十一章第 3 节_正方形的定义与性质.docx,,,丽玲,,,,,,,,,,,,,,,,,,,,,,,
,数学,数学,下册,八年级,第二十一章 四边形,21.3.3,24,正方形的判定,判定⽅法类,正方形的判定,既是矩形又是菱形的四边形是正方形，可通过先证矩形再证菱形或先证菱形再证矩形判定,"1. 掌握正方形的判定思路；
2. 能运用判定定理证明四边形是正方形；
3. 能区分特殊平行四边形的判定条件",八年级_下册_第二十一章第 3 节_正方形的判定.docx,,,丽玲,,,,,,,,,,,,,,,,,,,,,,,
,数学,数学,下册,八年级,第二十一章 四边形,数学活动,25,黄金矩形,性质/定理类,黄金矩形,宽与长的比是25−1（约 0.618）的矩形叫作黄金矩形,"1. 理解黄金矩形的定义；
2. 掌握黄金矩形的折纸方法；
3. 了解黄金矩形在生活中的应用",八年级_下册_第二十一章数学活动_黄金矩形.docx,,,丽玲,,,,,,,,,,,,,,,,,,,,,,,
,数学,数学,下册,八年级,第二十一章 四边形,数学活动,26,剪拼正方形,概念定义类,剪拼正方形,基于面积不变原理与勾股定理，将两个大小不等的正方形通过分割、裁剪、拼接，转化为一个面积等于原两个正方形面积之和的大正方形的几何剪拼方法，核心是利用出入相补法实现图形的等积变换。,"1. 理解剪拼正方形的面积守恒原理，明确剪拼前后总面积不变；
2. 掌握两个正方形剪拼成一个大正方形的基本方法，能完成动手剪拼操作；
3. 体会出入相补、数形结合的数学思想，加深对勾股定理的理解与应用。",八年级_下册_第二十一章数学活动_剪拼正方形.docx,,,丽玲,,,,,,,,,,,,,,,,,,,,,,,
,数学,数学,下册,八年级,第二十二章 函数,22.1,1,常量与变量,概念定义类,常量与变量,在一个变化过程中，数值始终不变的量叫作常量，数值发生变化的量叫作变量,"1. 理解常量与变量的定义；
2. 能在具体问题中识别常量与变量；
3. 体会变化过程中的数量关系",八年级_下册_第二十二章第 1 节_常量与变量.docx,,,丽玲,,,,,,,,,,,,,,,,,,,,,,,
,数学,数学,下册,八年级,第二十二章 函数,22.1,2,函数的定义,概念定义类,函数的定义,在一个变化过程中，有两个变量 x 与 y，对于 x 的每一个确定的值，y 都有唯一确定的值与其对应，则 y 是 x 的函数,"1. 理解函数的定义；
2. 理解函数解析式的定义
3. 掌握求自变量取值范围的方法
4.能根据函数解析式，在自变量的取值范围内正确求出对应的函数值",八年级_下册_第二十二章第 1 节_函数的定义.docx,,,丽玲,,,,,,,,,,,,,,,,,,,,,,,
,数学,数学,下册,八年级,第二十二章 函数,22.2,3,函数的图象,概念定义类,函数的图象,对于一个函数，把自变量与函数的每对对应值作为点的横、纵坐标，坐标平面内由这些点组成的图形就是函数的图象,"1. 理解函数图象的定义；
2. 能从函数图象中获取信息；
3. 能判断点是否在函数图象上；
4.体会函数解析式与图象之间的对应关系",八年级_下册_第二十二章第 2 节_函数的图象.docx,,,丽玲,,,,,,,,,,,,,,,,,,,,,,,
,数学,数学,下册,八年级,第二十二章 函数,22.2,4,函数的三种表示方法,⽅法步骤类,函数的三种表示方法,函数的表示方法包括解析法、列表法和图象法，三种方法各有优缺点,"1. 掌握函数的三种表示方法；
2. 能进行三种表示方法之间的转化；
3. 能根据实际问题选择合适的表示方法",八年级_下册_第二十二章第 2 节_函数的三种表示方法.docx,,,丽玲,,,,,,,,,,,,,,,,,,,,,,,
,数学,数学,下册,八年级,第二十三章 一次函数,23.1,1,一次函数的定义,概念定义类,一次函数的定义,"形如y=kx+b（k,b是常数，k=0）的函数叫作一次函数，当b=0时即为正比例函数","1. 理解一次函数的定义；
2. 能判断一个函数是否为一次函数；
3. 理清一次函数与正比例函数的关系",八年级_下册_第二十三章第 1 节_一次函数的定义.docx,,,丽玲,,,,,,,,,,,,,,,,,,,,,,,
,数学,数学,下册,八年级,第二十三章 一次函数,23.1,2,正比例函数的定义,概念定义类,正比例函数的定义,形如y=kx（k是常数，k=0）的函数叫作正比例函数，k叫作比例系数,"1. 理解正比例函数的定义；
2. 能判断一个函数是否为正比例函数；
3. 能根据条件求正比例函数解析式",八年级_下册_第二十三章第 1 节_正比例函数的定义.docx,,,晓静,,,,,,,,,,,,,,,,,,,,,,,
,数学,数学,下册,八年级,第二十三章 一次函数,23.2,3,正比例函数的图象与性质,性质/定理类,正比例函数的图象与性质,正比例函数y=kx的图象是过原点的直线，k>0时图象过一、三象限，y随x增大而增大；k<0时过二、四象限，y随x增大而减小,"1. 掌握正比例函数的图象特征；
2. 掌握正比例函数的增减性；
3. 能根据k的符号判断函数性质",八年级_下册_第二十三章第 2 节_正比例函数的图象与性质.docx,,,晓静,,,,,,,,,,,,,,,,,,,,,,,
,数学,数学,下册,八年级,第二十三章 一次函数,23.2,4,一次函数的图象与性质,性质/定理类,一次函数的图象与性质,一次函数y=kx+b的图象是一条直线，可由y=kx平移得到，k>0时y随x增大而增大，k<0时y随x增大而减小,"1. 掌握一次函数的图象特征；
2. 掌握一次函数的增减性；
3. 理解k,b对图象位置的影响",八年级_下册_第二十三章第 2 节_一次函数的图象与性质.docx,,,晓静,,,,,,,,,,,,,,,,,,,,,,,
,数学,数学,下册,八年级,第二十三章 一次函数,23.2,5,待定系数法求一次函数解析式,公式类,待定系数法求一次函数解析式,先设出函数解析式，再根据条件确定解析式中未知系数，从而得出函数解析式的方法叫作待定系数法,"1. 理解待定系数法的原理；
2. 掌握用待定系数法求一次函数解析式的步骤；
3. 能根据两点坐标求一次函数解析式",八年级_下册_第二十三章第 2 节_待定系数法求一次函数解析式.docx,,,晓静,,,,,,,,,,,,,,,,,,,,,,,
,数学,数学,下册,八年级,第二十三章 一次函数,23.3,6,一次函数与一元一次方程,公式类,一次函数与一元一次方程,解一元一次方程ax+b=0相当于求一次函数y=ax+b的函数值为 0 时自变量x的值,"1. 理解一次函数与一元一次方程的关系；
2. 能利用一次函数图象解一元一次方程；
3. 体会数形结合的思想",八年级_下册_第二十三章第 3 节_一次函数与一元一次方程.docx,,,晓静,,,,,,,,,,,,,,,,,,,,,,,
,数学,数学,下册,八年级,第二十三章 一次函数,23.3,7,一次函数与一元一次不等式,公式类,一次函数与一元一次不等式,解一元一次不等式ax+b>0（或<0）相当于求一次函数y=ax+b的函数值大于 0（或小于 0）时自变量x的取值范围,1. 理解一次函数与一元一次不等式的关系；2. 能利用一次函数图象解一元一次不等式；3. 能从图象中获取不等式的解集,八年级_下册_第二十三章第 3 节_一次函数与一元一次不等式.docx,,,晓静,,,,,,,,,,,,,,,,,,,,,,,
,数学,数学,下册,八年级,第二十三章 一次函数,23.3,8,一次函数与二元一次方程组,⽅法步骤类,一次函数与二元一次方程组,解二元一次方程组相当于求两个一次函数图象的交点坐标，交点的横、纵坐标即为方程组的解,1. 理解一次函数与二元一次方程组的关系；2. 能利用一次函数图象解二元一次方程组；3. 体会数形结合的思想,八年级_下册_第二十三章第 3 节_一次函数与二元一次方程组.docx,,,晓静,,,,,,,,,,,,,,,,,,,,,,,
,数学,数学,下册,八年级,第二十三章 一次函数,23.4,9,实际问题与一次函数,⽅法步骤类,实际问题与一次函数,利用一次函数的性质，比较不同方案的函数值大小，包括建立函数模型，结合实际确定自变量取值范围，从而选择最优方案的问题,"1. 能将实际方案问题转化为一次函数模型；
2. 能运用一次函数性质进行方案选择；
3. 体会函数在实际决策中的应用",八年级_下册_第二十三章第 4 节_实际问题与一次函数.docx,,,晓静,,,,,,,,,,,,,,,,,,,,,,,
,数学,数学,下册,八年级,第二十四章 数据的分析,24.1.1,1,平均数与加权平均数,公式类,平均数与加权平均数,"若n个数x1,x2​,…,xn的权分别为w1,w2,…,wn，则x=w1+w2+⋯+wn​x1​w1​+x2​w2​+⋯+xn​wn叫作加权平均数","1. 理解平均数与加权平均数的定义；
2. 能计算一组数据的平均数与加权平均数；
3. 理解“权”的意义和作用",八年级_下册_第二十四章第 1 节_平均数与加权平均数.docx,,,聪慧,,,,,,,,,,,,,,,,,,,,,,,
,数学,数学,下册,八年级,第二十四章 数据的分析,24.1.2,2,中位数,概念定义类,中位数,将一组数据按从小到大（或从大到小）的顺序排列，处于中间位置的数叫作这组数据的中位数,"1. 理解中位数的定义；
2. 能计算一组数据的中位数；
3. 体会中位数反映数据的中间水平",八年级_下册_第二十四章第 1 节_中位数.docx,,,聪慧,,,,,,,,,,,,,,,,,,,,,,,
,数学,数学,下册,八年级,第二十四章 数据的分析,24.1.2,3,众数,概念定义类,众数,一组数据中出现次数最多的数据叫作这组数据的众数，一组数据可以有多个众数或没有众数,"1. 理解众数的定义；
2. 能找出一组数据的众数；
3. 体会众数反映数据的集中趋势",八年级_下册_第二十四章第 1 节_众数.docx,,,聪慧,,,,,,,,,,,,,,,,,,,,,,,
,数学,数学,下册,八年级,第二十四章 数据的分析,24.2,4,方差,概念定义类,方差,一组数据中各数据与平均数的差的平方的平均数，即s2=n1[(x1−x)2+(x2−x)2+⋯+(xn−x)2],"1. 理解方差的定义；
2. 能计算一组数据的方差；
3. 能根据方差判断数据的离散程度",八年级_下册_第二十四章第 2 节_方差.docx,,,聪慧,,,,,,,,,,,,,,,,,,,,,,,
,数学,数学,下册,八年级,第二十四章 数据的分析,24.3,5,四分位数,概念定义类,四分位数,将一组数据按从小到大排列后，处于 25%、50%、75% 位置的数，分别叫作第一、第二、第三四分位数,"1. 理解四分位数的定义；
2. 能计算一组数据的四分位数；
3. 体会四分位数反映数据的分布情况",八年级_下册_第二十四章第 3 节_四分位数.docx,,,聪慧,,,,,,,,,,,,,,,,,,,,,,,
,数学,数学,下册,八年级,第二十四章 数据的分析,24.3,6,箱线图,概念定义类,箱线图,由一组数据的最小值、第一四分位数、中位数、第三四分位数、最大值绘制的统计图，用于展示数据的分布,"1. 理解箱线图的构成；
2. 能绘制简单的箱线图；
3. 能从箱线图中获取数据的分布信息",八年级_下册_第二十四章第 3 节_箱线图.docx,,,聪慧,,,,,,,,,,,,,,,,,,,,,,,
,数学,数学,下册,八年级,第二十四章 数据的分析,24.4,7,组内、组间离差平方和,概念定义类,组内、组间离差平方和,将数据分组后，用于分析数据离散程度来源的两个统计量。组内离差平方和是每组数据的离差平方和的总和，反映各组内部数据的离散程度；组间离差平方和是各组平均数与总体平均数的差的平方乘以各组频数的总和，反映不同组之间数据的差异程度,"1. 理解组内、组间离差平方和的定义；
2. 能计算分组数据的组内、组间离差平方和；
3. 体会其在数据分组中的作用",八年级_下册_第二十四章第 4 节_组内离差平方和.docx,,,聪慧,,,,,,,,,,,,,,,,,,,,,,,
,数学,数学,下册,九年级,第二十六章 反比例函数,26.1.1,1,反比例函数的定义与解析式,概念定义类,定义与解析式,形如y=xk​（k为常数，k=0）的函数，x为自变量，用待定系数法，代入已知点坐标求k的值,1. 能说出反比例函数的定义；2. 会判断函数是否为反比例函数3. 能说出待定系数法的步骤；4. 会求反比例函数的解析式,九年级_下册_第二十六章第 1 节_反比例函数的定义与解析式.docx,,,晓静,,,,,,,,,,,,,,,,,,,,,,,
,数学,数学,下册,九年级,第二十六章 反比例函数,26.1.2,3,反比例函数的图象,方法 / 步骤类,反比例函数图象画法,用描点法画反比例函数的双曲线图象,1. 能说出描点法的步骤；2. 会画简单反比例函数的图象,九年级_下册_第二十六章第 1 节_反比例函数的图象画法.docx,,,晓静,,,,,,,,,,,,,,,,,,,,,,,
,数学,数学,下册,九年级,第二十六章 反比例函数,26.1.2,4,反比例函数的性质（k>0）,性质 / 定理类,反比例函数性质（k>0）,k>0时，图象位于一、三象限，在每个象限内y随x增大而减小,1. 能说出k>0时的性质；2. 会根据性质判断函数变化趋势,九年级_下册_第二十六章第 1 节_反比例函数的性质 k>0.docx,,,晓静,,,,,,,,,,,,,,,,,,,,,,,
,数学,数学,下册,九年级,第二十六章 反比例函数,26.1.2,5,反比例函数的性质（k<0）,性质 / 定理类,反比例函数性质（k<0）,k<0时，图象位于二、四象限，在每个象限内y随x增大而增大,1. 能说出k<0时的性质；2. 会根据性质判断函数变化趋势,九年级_下册_第二十六章第 1 节_反比例函数的性质 k<0.docx,,,晓静,,,,,,,,,,,,,,,,,,,,,,,
,数学,数学,下册,九年级,第二十六章 反比例函数,信息技术应用,6,探索反比例函数的性质（对称性）,实践探究类,反比例函数对称性,借助信息技术探究反比例函数图像对称特点，掌握中心对称、轴对称规律,1. 熟知反比例函数图像对称特征；2. 能利用对称性解题,九年级_下册_第二十六章第 1 节_探索反比例函数的性质（对称性）.docx,,,晓静,,,,,,,,,,,,,,,,,,,,,,,
,数学,数学,下册,九年级,第二十六章 反比例函数,信息技术应用,7,探索反比例函数的性质（|k | 值的大小与图像的关系）,实践探究类,|k | 大小,反比例函数图像 借助信息技术探究 | k | 取值大小，对反比例函数图像弯曲程度以及分布情况产生的影响,1. 明确 | k | 大小和反比例函数图像之间的联系；2. 学会根据图像判断 | k | 的大小,九年级_下册_第二十六章第 1 节_探索反比例函数的性质（|k | 值的大小与图像的关系）.docx,,,晓静,,,,,,,,,,,,,,,,,,,,,,,
,数学,数学,下册,九年级,第二十六章 反比例函数,26.2,7,反比例函数在实际问题中的应用,方法 / 步骤类,反比例函数的应用,根据实际问题中的等量关系，建立反比例函数关系,1. 能说出解决问题步骤；2. 会列简单反比例函数解决实际问题,九年级_下册_第二十六章第 2 节_反比例函数在实际问题中的应用.docx,,,晓静,,,,,,,,,,,,,,,,,,,,,,,
,数学,数学,下册,九年级,第二十六章 反比例函数,阅读与思考,8,生活中的反比例关系,阅读与思考类,生活中的反比例关系,了解生活中常见的反比例关系实例，感受反比例函数的实际意义,1. 能说出生活中反比例关系的例子；2. 会用反比例函数解释生活现象,九年级_下册_第二十六章第 2 节_生活中的反比例关系.docx,,,晓静,,,,,,,,,,,,,,,,,,,,,,,
,数学,数学,下册,九年级,第二十七章 相似,27.1,1,相似图形的定义,概念定义类,相似图形定义,形状相同的图形叫做相似图形，大小不一定相同,1. 能说出相似图形的定义；2. 会判断两个图形是否相似,九年级_下册_第二十七章第 1 节_相似图形的定义.docx,,,晓静,,,,,,,,,,,,,,,,,,,,,,,
,数学,数学,下册,九年级,第二十七章 相似,27.1,2,相似多边形的定义与性质,性质 / 定理类,相似多边形性质,对应角相等，对应边成比例，相似比为对应边的比,1. 能说出相似多边形的定义；2. 会用性质进行简单计算,九年级_下册_第二十七章第 1 节_相似多边形的定义与性质.docx,,,晓静,,,,,,,,,,,,,,,,,,,,,,,
,数学,数学,下册,九年级,第二十七章 相似,27.2.1,3,相似三角形的定义与相似比,概念定义类,相似三角形定义,对应角相等，对应边成比例的三角形，相似比为对应边的比,1. 能说出相似三角形的定义；2. 会计算相似比,九年级_下册_第二十七章第 2 节_相似三角形的定义与相似比.docx,,,晓静,,,,,,,,,,,,,,,,,,,,,,,
,数学,数学,下册,九年级,第二十七章 相似,27.2.1,4,平行线分线段成比例,性质 / 定理类,平行线分线段成比例,两条直线被一组平行线所截，所得的对应线段成比例,1. 能说出定理内容；2. 会用定理判断线段是否成比例,九年级_下册_第二十七章第 2 节_平行线分线段成比例.docx,,,晓静,,,,,,,,,,,,,,,,,,,,,,,
,数学,数学,下册,九年级,第二十七章 相似,27.2.1,5,相似三角形的判定定理（一）,判定方法类,相似三角形的判定定理（一）,平行于三角形一边的直线截其他两边，所得三角形与原三角形相似,1. 能说出判定定理；2. 会用该定理判定三角形相似,九年级_下册_第二十七章第 2 节_相似三角形的判定定理 （一）.docx,,,丽玲,,,,,,,,,,,,,,,,,,,,,,,
,数学,数学,下册,九年级,第二十七章 相似,27.2.1,8,相似三角形的判定定理（二）,判定方法类,相似三角形的判定定理（二）,三边成比例的两个三角形相似,1. 能说出判定定理；2. 会用三边成比例判定三角形相似,九年级_下册_第二十七章第 2 节_相似三角形的判定定理 （二）.docx,,,丽玲,,,,,,,,,,,,,,,,,,,,,,,
,数学,数学,下册,九年级,第二十七章 相似,27.2.1,7,相似三角形的判定定理（三）,判定方法类,相似三角形的判定定理（三）,两边成比例且夹角相等的两个三角形相似,1. 能说出判定定理；2. 会用该定理判定三角形相似,九年级_下册_第二十七章第 2 节_相似三角形的判定定理 （三）.docx,,,丽玲,,,,,,,,,,,,,,,,,,,,,,,
,数学,数学,下册,九年级,第二十七章 相似,27.2.1,6,相似三角形的判定定理（四）,判定方法类,相似三角形的判定定理（四）,两角分别相等的两个三角形相似,1. 能说出判定定理；2. 会用两角相等判定三角形相似,九年级_下册_第二十七章第 2 节_相似三角形的判定定理 （四）.docx,,,丽玲,,,,,,,,,,,,,,,,,,,,,,,
,数学,数学,下册,九年级,第二十七章 相似,27.2.2,9,相似三角形的性质 （一）,性质 / 定理类,相似三角形性质（一）,相似三角形对应高、中线、角平分线的比等于相似比,1. 能说出性质；2. 会用性质进行线段长度计算,九年级_下册_第二十七章第 2 节_相似三角形的性质 （一）.docx,,,丽玲,,,,,,,,,,,,,,,,,,,,,,,
,数学,数学,下册,九年级,第二十七章 相似,27.2.2,10,相似三角形的性质 （二）,性质 / 定理类,相似三角形性质（二）,相似三角形的周长比等于相似比,1. 能说出性质；2. 会用性质进行周长计算,九年级_下册_第二十七章第 2 节_相似三角形的性质 （二）.docx,,,丽玲,,,,,,,,,,,,,,,,,,,,,,,
,数学,数学,下册,九年级,第二十七章 相似,27.2.2,11,相似三角形的性质 （三）,性质 / 定理类,相似三角形性质（三）,相似三角形的面积比等于相似比的平方,1. 能说出性质；2. 会用性质进行面积计算,九年级_下册_第二十七章第 2 节_相似三角形的性质 （三）.docx,,,丽玲,,,,,,,,,,,,,,,,,,,,,,,
,数学,数学,下册,九年级,第二十七章 相似,27.2.3,12,相似三角形应用举例,方法 / 步骤类,相似三角形的应用,利用相似三角形解决实际测量、计算问题,1. 能说出应用的基本思路；2. 会用相似三角形解决简单实际问题,九年级_下册_第二十七章第 2 节_相似三角形应用举例.docx,,,丽玲,,,,,,,,,,,,,,,,,,,,,,,
,数学,数学,下册,九年级,第二十七章 相似,观察与猜想,13,奇妙的分形图形,拓展阅读类,分形图形、相似拓展,了解分形图形基本特点，感受相似图形在分形图案当中的运用,1. 认识常见分形图形；2. 体会相似在图形领域的延伸应用,九年级_下册_第二十七章第 4 节_奇妙的分形图形.docx,,,丽玲,,,,,,,,,,,,,,,,,,,,,,,
,数学,数学,下册,九年级,第二十七章 相似,27.3,12,位似图形的定义与性质,概念定义类 / 性质定理类,位似图形定义、位似图形性质,两个图形不仅相似，且对应顶点连线相交于一点，对应边平行；位似图形上任意一对对应点到位似中心的距离之比等于位似比,1. 能说出位似图形的定义；2. 会判断两个图形是否位似；3. 会利用性质进行计算,九年级_下册_第二十七章第 3 节_位似图形的定义与性质.docx,,,丽玲,,,,,,,,,,,,,,,,,,,,,,,
,数学,数学,下册,九年级,第二十七章 相似,27.3,14,图形的放大与缩小,方法 / 步骤类,位似图形画法,以某点为位似中心，按一定比例放大或缩小图形,1. 能说出位似图形的画法步骤；2. 会画简单的位似图形,九年级_下册_第二十七章第 3 节_图形的放大与缩小.docx,,,丽玲,,,,,,,,,,,,,,,,,,,,,,,
,数学,数学,下册,九年级,第二十七章 相似,27.3,15,直角坐标系中位似图形的坐标表示,性质 / 定理类,坐标系中的位似变换,以原点为位似中心，相似比为k，对应点坐标为原坐标的k或−k倍,1. 能说出坐标变化规律；2. 会求位似变换后点的坐标,九年级_下册_第二十七章第 3 节_直角坐标系中位似图形的坐标表示.docx,,,丽玲,,,,,,,,,,,,,,,,,,,,,,,
,数学,数学,下册,九年级,第二十八章 锐角三角函数,28.1,1,锐角三角函数（正弦、余弦、正切）,概念定义类,正弦的定义、余弦的定义、正切的定义,掌握正弦值、余弦值、正切值的计算方法,1. 能说出正弦、余弦、正切的定义；2. 会计算锐角的正弦值、余弦值、正切值。,九年级_下册_第二十七章第 3 节_锐角三角函数（正弦、余弦、正切）.docx,,,丽玲,,,,,,,,,,,,,,,,,,,,,,,
,数学,数学,下册,九年级,第二十八章 锐角三角函数,28.1,2,特殊角（30°、45°、60°）的三角函数值,性质 / 定理类,特殊角三角函数值,掌握 30°、45°、60° 角的正弦、余弦、正切值,1. 能说出特殊角的三角函数值；2. 会利用特殊值进行计算,九年级_下册_第二十八章第 1 节_特殊角的三角函数值.docx,,,丽玲,,,,,,,,,,,,,,,,,,,,,,,
,数学,数学,下册,九年级,第二十八章 锐角三角函数,28.1,3,用计算器求锐角三角函数值,方法 / 步骤类,用计算器求三角函数值,掌握用计算器求锐角三角函数值及由值求锐角的方法,1. 能说出操作步骤；2. 会用计算器进行相关计算,九年级_下册_第二十八章第 1 节_用计算器求锐角三角函数值.docx,,,丽玲,,,,,,,,,,,,,,,,,,,,,,,
,数学,数学,下册,九年级,第二十八章 锐角三角函数,28.1,4,锐角三角函数之间的关系,概念定义类,锐角三角函数之间的关系,清楚锐角三角函数之间的关系互余，平方，倒数，商数,清楚锐角三角函数之间的关系,九年级_下册_第二十八章第 1 节_锐角三角函数之间的关系.docx,,,丽玲,,,,,,,,,,,,,,,,,,,,,,,
,数学,数学,下册,九年级,第二十八章 锐角三角函数,28.2.1,5,解直角三角形,概念定义类,解直角三角形定义和依据,勾股定理、两锐角互余、锐角三角函数关系,1. 能说出解直角三角形的定义；2. 能说出解直角三角形的依据；3. 会选择合适的依据解题,九年级_下册_第二十八章第 2 节_解直角三角形.docx,,,丽玲,,,,,,,,,,,,,,,,,,,,,,,
,数学,数学,下册,九年级,第二十八章 锐角三角函数,28.2.1,6,解直角三角形的常见类型及解法,方法 / 步骤类,解直角三角形步骤,类型分为两边（两直角边，斜边和一直角边）一边一角（一直角边和一锐角，斜边和锐角）对应题型讲解法。,1. 能说出解直角三角形的步骤；2. 会解简单的直角三角形,九年级_下册_第二十八章第 2 节_解直角三角形的常见类型及解法.docx,,,丽玲,,,,,,,,,,,,,,,,,,,,,,,
,数学,数学,下册,九年级,第二十八章 锐角三角函数,阅读与思考,7,坡度、坡角的定义与应用,概念定义类,坡度坡角定义,坡面的垂直高度与水平宽度的比为坡度，坡面与水平面的夹角为坡角,1. 能说出坡度坡角的定义；2. 会用解直角三角形解决坡度问题,九年级_下册_第二十八章第 2 节_坡度坡角的定义与应用.docx,,,丽玲,,,,,,,,,,,,,,,,,,,,,,,
,数学,数学,下册,九年级,第二十八章 锐角三角函数,数学活动,8,仰角、俯角的定义与应用,概念定义类,仰角俯角定义,视线在水平线上方的角为仰角，下方的为俯角，用于测量问题,1. 能说出仰角俯角的定义；2. 会用解直角三角形解决仰角俯角问题,九年级_下册_第二十八章第 2 节_仰角俯角的定义与应用.docx,,,晓静,,,,,,,,,,,,,,,,,,,,,,,
,数学,数学,下册,九年级,第二十九章 投影与视图,29.1,1,投影的定义,概念定义类,投影定义,用光线照射物体，在某个平面上得到的影子叫做物体的投影,1. 能说出投影的定义；2. 会识别投影现象,九年级_下册_第二十九章第 1 节_投影的定义.docx,,,晓静,,,,,,,,,,,,,,,,,,,,,,,
,数学,数学,下册,九年级,第二十九章 投影与视图,29.1,2,平行投影的定义与性质,性质 / 定理类,平行投影性质,由平行光线形成的投影，如太阳光下的影子，投影线平行,1. 能说出平行投影的定义；2. 会判断平行投影,九年级_下册_第二十九章第 1 节_平行投影的定义与性质.docx,,,晓静,,,,,,,,,,,,,,,,,,,,,,,
,数学,数学,下册,九年级,第二十九章 投影与视图,29.1,3,中心投影的定义与性质,性质 / 定理类,中心投影性质,由同一点发出的光线形成的投影，如灯光下的影子，投影线交于一点,1. 能说出中心投影的定义；2. 会判断中心投影,九年级_下册_第二十九章第 1 节_中心投影的定义与性质.docx,,,晓静,,,,,,,,,,,,,,,,,,,,,,,
,数学,数学,下册,九年级,第二十九章 投影与视图,29.1,4,正投影的定义与性质,性质 / 定理类,正投影性质,投影线垂直于投影面产生的投影，物体的正投影与物体形状有关,1. 能说出正投影的定义；2. 会判断物体的正投影形状,九年级_下册_第二十九章第 1 节_正投影的定义与性质.docx,,,晓静,,,,,,,,,,,,,,,,,,,,,,,
,数学,数学,下册,九年级,第二十九章 投影与视图,29.2,5,三视图的定义,概念定义类,三视图定义,主视图、俯视图、左视图的统称，分别从正面、上面、左面看物体得到的视图,1. 能说出三视图的定义；2. 会识别简单几何体的三视图,九年级_下册_第二十九章第 2 节_三视图的定义.docx,,,晓静,,,,,,,,,,,,,,,,,,,,,,,
,数学,数学,下册,九年级,第二十九章 投影与视图,29.2,6,三视图的画法规则,方法 / 步骤类,三视图画法规则,长对正、高平齐、宽相等,1. 能说出三视图的画法规则；2. 会根据规则画简单几何体的三视图,九年级_下册_第二十九章第 2 节_三视图的画法规则.docx,,,晓静,,,,,,,,,,,,,,,,,,,,,,,
,数学,数学,下册,九年级,第二十九章 投影与视图,29.2,7,由三视图还原几何体,方法 / 步骤类,由三视图还原几何体,根据三视图的形状，想象几何体的形状，还原立体图形,1. 能说出还原步骤；2. 会根据简单三视图还原几何体,九年级_下册_第二十九章第 2 节_由三视图还原几何体.docx,,,晓静,,,,,,,,,,,,,,,,,,,,,,,
,,,,,,,,,,,,,,,,,,,,,,,,,,,,,,,,,,,,,,,
,,,,,,,,,,,,,,,,,,,,,,,,,,,,,,,,,,,,,,,
,,,,,,,,,,,,,,,,,,,,,,,,,,,,,,,,,,,,,,,
,,,,,,,,,,,,,,,,,,,,,,,,,,,,,,,,,,,,,,,
,,,,,,,,,,,,,,,,,,,,,,,,,,,,,,,,,,,,,,,
,,,,,,,,,,,,,,,,,,,,,,,,,,,,,,,,,,,,,,,
,,,,,,,,,,,,,,,,,,,,,,,,,,,,,,,,,,,,,,,
,,,,,,,,,,,,,,,,,,,,,,,,,,,,,,,,,,,,,,,
,,,,,,,,,,,,,,,,,,,,,,,,,,,,,,,,,,,,,,,
,,,,,,,,,,,,,,,,,,,,,,,,,,,,,,,,,,,,,,,
,,,,,,,,,,,,,,,,,,,,,,,,,,,,,,,,,,,,,,,
,,,,,,,,,,,,,,,,,,,,,,,,,,,,,,,,,,,,,,,
,,,,,,,,,,,,,,,,,,,,,,,,,,,,,,,,,,,,,,,
,,,,,,,,,,,,,,,,,,,,,,,,,,,,,,,,,,,,,,,
,,,,,,,,,,,,,,,,,,,,,,,,,,,,,,,,,,,,,,,
,,,,,,,,,,,,,,,,,,,,,,,,,,,,,,,,,,,,,,,
,,,,,,,,,,,,,,,,,,,,,,,,,,,,,,,,,,,,,,,
,,,,,,,,,,,,,,,,,,,,,,,,,,,,,,,,,,,,,,,
,,,,,,,,,,,,,,,,,,,,,,,,,,,,,,,,,,,,,,,
,,,,,,,,,,,,,,,,,,,,,,,,,,,,,,,,,,,,,,,
,,,,,,,,,,,,,,,,,,,,,,,,,,,,,,,,,,,,,,,
,,,,,,,,,,,,,,,,,,,,,,,,,,,,,,,,,,,,,,,
,,,,,,,,,,,,,,,,,,,,,,,,,,,,,,,,,,,,,,,
,,,,,,,,,,,,,,,,,,,,,,,,,,,,,,,,,,,,,,,
,,,,,,,,,,,,,,,,,,,,,,,,,,,,,,,,,,,,,,,
,,,,,,,,,,,,,,,,,,,,,,,,,,,,,,,,,,,,,,,
,,,,,,,,,,,,,,,,,,,,,,,,,,,,,,,,,,,,,,,
,,,,,,,,,,,,,,,,,,,,,,,,,,,,,,,,,,,,,,,
,,,,,,,,,,,,,,,,,,,,,,,,,,,,,,,,,,,,,,,
,,,,,,,,,,,,,,,,,,,,,,,,,,,,,,,,,,,,,,,
,,,,,,,,,,,,,,,,,,,,,,,,,,,,,,,,,,,,,,,
,,,,,,,,,,,,,,,,,,,,,,,,,,,,,,,,,,,,,,,