学科,学期,学段,大章节名称,教材节数,小章节名称,单元内排序,课文标题,知识点类型,知识点关键词,知识点说明,核心教学目标,确认版url,压缩后url
数学,下册,初一,第七章 相交线与平行线,7.1.1,相交线,1,相交线、邻补角与对顶角,概念定义类,相交线、邻补角、对顶角,两条直线相交形成邻补角和对顶角，掌握对顶角与邻补角的位置、数量关系,1. 能区分邻补角与对顶角并说出其性质；2. 会用对顶角、邻补角的性质进行角度计算；3. 能完成简单的几何推理,https://cdn-private.sm.cn/souti-imgs-lasting/cover_gm_e7082bf6b9c22f179b1dee7779effa6c.jpg,https://cdn-private.sm.cn/souti-imgs-lasting/cover_gm_e7082bf6b9c22f179b1dee7779effa6c_compressed.jpg
数学,下册,初一,第七章 相交线与平行线,7.1.2,相交线,2,垂线及其基本事实的认识,概念定义类,垂线的定义，垂线性质 （一）,理解垂线的定义，理解平面内过一点（直线上 / 外）作已知直线垂线的唯一性,1. 能识别垂直关系；2. 会用符号表示垂直；3. 能过一点画已知直线的垂线；4. 理解垂线的存在唯一性,https://cdn-private.sm.cn/souti-imgs-lasting/cover_gm_0f5c66abb921b2d36c15842d82e5cb5f.jpg,https://cdn-private.sm.cn/souti-imgs-lasting/cover_gm_0f5c66abb921b2d36c15842d82e5cb5f_compressed.jpg
数学,下册,初一,第七章 相交线与平行线,7.1.2,相交线,3,垂线段最短和点到直线的距离,性质 / 定理类,垂线段性质（二）、点到直线的距离,理解垂线段的性质，掌握点到直线的距离定义,1. 能说出垂线段最短的性质；2. 会用垂线段最短解释实际问题；3. 能说出点到直线的距离的概念,https://cdn-private.sm.cn/souti-imgs-lasting/cover_gm_b2afb267ee0cc55c2ede32bc84e5c125.jpg,https://cdn-private.sm.cn/souti-imgs-lasting/cover_gm_b2afb267ee0cc55c2ede32bc84e5c125_compressed.jpg
数学,下册,初一,第七章 相交线与平行线,7.1.3,相交线,4,同位角的识别,概念定义类,同位角,两条直线被第三条直线所截，位置相同的角，形如 “F” 型,1. 能在三线八角中识别同位角；2. 掌握同位角的位置特征,https://cdn-private.sm.cn/souti-imgs-lasting/cover_gm_dcd553a12b12b1c08251caa06e127849.jpg,https://cdn-private.sm.cn/souti-imgs-lasting/cover_gm_dcd553a12b12b1c08251caa06e127849_compressed.jpg
数学,下册,初一,第七章 相交线与平行线,7.1.3,相交线,5,内错角的识别,概念定义类,内错角,两条直线被第三条直线所截，在两线之间、截线两侧的角，形如 “Z” 型,1. 能在三线八角中识别内错角；2. 掌握内错角的位置特征,https://cdn-private.sm.cn/souti-imgs-lasting/cover_gm_794e64c4cf29457f5f4f3fa429f1bafa.jpg,https://cdn-private.sm.cn/souti-imgs-lasting/cover_gm_794e64c4cf29457f5f4f3fa429f1bafa_compressed.jpg
数学,下册,初一,第七章 相交线与平行线,7.1.3,相交线,6,同旁内角的识别,概念定义类,同旁内角,两条直线被第三条直线所截，在两线之间、截线同侧的角，形如 “U” 型,1. 能在三线八角中识别同旁内角；2. 掌握同旁内角的位置特征,https://cdn-private.sm.cn/souti-imgs-lasting/cover_gm_7ef9e371d820462231e5fe17b1af53fc.jpg,https://cdn-private.sm.cn/souti-imgs-lasting/cover_gm_7ef9e371d820462231e5fe17b1af53fc_compressed.jpg
数学,下册,初一,第七章 相交线与平行线,7.2.1,平行线,7,平行线的定义与表示,概念定义类,平行线,同一平面内不相交的两条直线，会用 “∥” 表示平行关系,1. 能说出平行线的定义；2. 会用符号表示两条直线平行,https://cdn-private.sm.cn/souti-imgs-lasting/cover_gm_502b90dc65a7669e3a72757f02302e22.jpg,https://cdn-private.sm.cn/souti-imgs-lasting/cover_gm_502b90dc65a7669e3a72757f02302e22_compressed.jpg
数学,下册,初一,第七章 相交线与平行线,7.2.1,平行线,8,平行线的基本事实及传递性,性质 / 定理类,平行线的基本事实以及推论,理解过直线外一点有且只有一条直线与已知直线平行，掌握平行线的传递性,1. 能说出平行线基本事实的内容；2. 能说出平行线传递性的推论；3. 会用符号语言表示平行基本事实及平行线传递性其推论,https://cdn-private.sm.cn/souti-imgs-lasting/cover_gm_ae82e972e17afcb1838f895fc46dfb6f.jpg,https://cdn-private.sm.cn/souti-imgs-lasting/cover_gm_ae82e972e17afcb1838f895fc46dfb6f_compressed.jpg
数学,下册,初一,第七章 相交线与平行线,7.2.2,平行线,9,同位角相等判定两直线平行,判定方法类,平行线判定（一）,利用同位角相等判定两条直线平行，掌握符号语言,1. 能说出判定定理；2. 会用同位角相等证明两直线平行,https://cdn-private.sm.cn/souti-imgs-lasting/cover_gm_90958be7d82475325b1c33bcb870bb4d.jpg,https://cdn-private.sm.cn/souti-imgs-lasting/cover_gm_90958be7d82475325b1c33bcb870bb4d_compressed.jpg
数学,下册,初一,第七章 相交线与平行线,7.2.2,平行线,10,内错角相等判定两直线平行,判定方法类,平行线判定（二）,利用内错角相等判定两条直线平行，掌握符号语言,1. 能说出判定定理；2. 会用内错角相等证明两直线平行,https://cdn-private.sm.cn/souti-imgs-lasting/cover_gm_bddbc18d1f7e46435a56fa5919b76cb1.jpg,https://cdn-private.sm.cn/souti-imgs-lasting/cover_gm_bddbc18d1f7e46435a56fa5919b76cb1_compressed.jpg
数学,下册,初一,第七章 相交线与平行线,7.2.2,平行线,11,同旁内角互补判定两直线平行,判定方法类,平行线判定（三）,利用同旁内角互补判定两条直线平行，掌握符号语言,1. 能说出判定定理；2. 会用同旁内角互补证明两直线平行,https://cdn-private.sm.cn/souti-imgs-lasting/cover_gm_e9b2cee25f42ff56b710bcc466bff740.jpg,https://cdn-private.sm.cn/souti-imgs-lasting/cover_gm_e9b2cee25f42ff56b710bcc466bff740_compressed.jpg
数学,下册,初一,第七章 相交线与平行线,7.2.3,平行线,12,两直线平行，同位角相等,性质 / 定理类,平行线性质（一）,理解两直线平行时同位角的数量关系，掌握符号语言,1. 能说出性质定理；2. 会用两直线平行证明同位角相等,https://cdn-private.sm.cn/souti-imgs-lasting/cover_gm_369e95c04cf922127d78a0be43b5203c.jpg,https://cdn-private.sm.cn/souti-imgs-lasting/cover_gm_369e95c04cf922127d78a0be43b5203c_compressed.jpg
数学,下册,初一,第七章 相交线与平行线,7.2.3,平行线,13,两直线平行，内错角相等,性质 / 定理类,平行线性质（二）,理解两直线平行时内错角的数量关系，掌握符号语言,1. 能说出性质定理；2. 会用两直线平行证明内错角相等,https://cdn-private.sm.cn/souti-imgs-lasting/cover_gm_35dd283a792df4a43cda810742a1a991.jpg,https://cdn-private.sm.cn/souti-imgs-lasting/cover_gm_35dd283a792df4a43cda810742a1a991_compressed.jpg
数学,下册,初一,第七章 相交线与平行线,7.2.3,平行线,14,两直线平行，同旁内角互补,性质 / 定理类,平行线性质（三）,理解两直线平行时同旁内角的数量关系，掌握符号语言,1. 能说出性质定理；2. 会用两直线平行证明同旁内角互补,https://cdn-private.sm.cn/souti-imgs-lasting/cover_gm_da0650be48a6bcebb7cb9c716e629093.jpg,https://cdn-private.sm.cn/souti-imgs-lasting/cover_gm_da0650be48a6bcebb7cb9c716e629093_compressed.jpg
数学,下册,初一,第七章 相交线与平行线,7.3,定义、命题、定理,15,定义的概念,概念定义类,定义,明确数学中定义的作用，能区分定义与命题,1. 能说出定义的含义；2. 会识别数学中的定义语句,https://cdn-private.sm.cn/souti-imgs-lasting/cover_gm_2f5b1d1f38254adbfdfcf4c42cc28434.jpg,https://cdn-private.sm.cn/souti-imgs-lasting/cover_gm_2f5b1d1f38254adbfdfcf4c42cc28434_compressed.jpg
数学,下册,初一,第七章 相交线与平行线,7.3,定义、命题、定理,16,命题及其组成,概念定义类,真命题与假命题,判断一件事情的语句，由题设和结论两部分组成，理解命题的真假，会举反例判断假命题,1. 会区分命题的题设和结论2.能区分真命题与假命题；2. 会用反例说明假命题,https://cdn-private.sm.cn/souti-imgs-lasting/cover_gm_3c5873909da6a986ba0e40e8b42e2020.jpg,https://cdn-private.sm.cn/souti-imgs-lasting/cover_gm_3c5873909da6a986ba0e40e8b42e2020_compressed.jpg
数学,下册,初一,第七章 相交线与平行线,7.3,定义、命题、定理,17,定理与证明,概念定义类,定理与证明,经过推理证实的真命题为定理，推理的过程叫做证明, 能说出定理与证明的定义,https://cdn-private.sm.cn/souti-imgs-lasting/cover_gm_6c2eabbe935af5eea81b1fb103374977.jpg,https://cdn-private.sm.cn/souti-imgs-lasting/cover_gm_6c2eabbe935af5eea81b1fb103374977_compressed.jpg
数学,下册,初一,第七章 相交线与平行线,7.4,平移,18,平移的定义,概念定义类,平移,图形沿某一方向移动一定距离的运动，形状大小不变,1. 能说出平移的定义；2. 会识别平移现象,https://cdn-private.sm.cn/souti-imgs-lasting/cover_gm_a78c8ed9eb642ae1716b2658f1f86554.jpg,https://cdn-private.sm.cn/souti-imgs-lasting/cover_gm_a78c8ed9eb642ae1716b2658f1f86554_compressed.jpg
数学,下册,初一,第七章 相交线与平行线,7.4,平移,19,平移前后图形全等,性质 / 定理类,平移性质 （一）,理解平移不改变图形的形状和大小，对应线段、角相等,1. 能说出平移的性质；2. 会判断平移前后的对应元素,https://cdn-private.sm.cn/souti-imgs-lasting/cover_gm_2b072a783cdf9bc2d95c29668eccb947.jpg,https://cdn-private.sm.cn/souti-imgs-lasting/cover_gm_2b072a783cdf9bc2d95c29668eccb947_compressed.jpg
数学,下册,初一,第七章 相交线与平行线,7.4,平移,20,平移对应点连线平行且相等 ,性质 / 定理类,平移性质 （二）,理解平移后对应点连线的位置与数量关系,1. 能说出平移的性质；2. 会画平移后的图形,https://cdn-private.sm.cn/souti-imgs-lasting/cover_gm_d990b463eab5e775465b8c8ee5b5d333.jpg,https://cdn-private.sm.cn/souti-imgs-lasting/cover_gm_d990b463eab5e775465b8c8ee5b5d333_compressed.jpg
数学,下册,初一,第八章 实数,8.1,平方根,1,平方根的定义与性质,性质 / 定理类,平方根性，平方根性质,若 x²=a，则 x 叫 a 的平方根，记作 ±√a,1. 能说出平方根的定义；2. 会用符号表示平方根；3. 能说出平方根的性质；4. 会求正数的平方根,https://cdn-private.sm.cn/souti-imgs-lasting/cover_gm_89b382d9a7ae11e19106fc4be9e81d7b.jpg,https://cdn-private.sm.cn/souti-imgs-lasting/cover_gm_89b382d9a7ae11e19106fc4be9e81d7b_compressed.jpg
数学,下册,初一,第八章 实数,8.1,平方根,2,求平方根的运算：开平方,运算法则类,开平方,求一个数的平方根的运算，与平方互为逆运算,1. 能说出开平方的定义；2. 会用开平方求非负数的平方根,https://cdn-private.sm.cn/souti-imgs-lasting/cover_gm_387476bafdd4c3cca8a26d5bf1d0abf6.jpg,https://cdn-private.sm.cn/souti-imgs-lasting/cover_gm_387476bafdd4c3cca8a26d5bf1d0abf6_compressed.jpg
数学,下册,初一,第八章 实数,8.1,平方根,3,算术平方根的定义与性质,性质 / 定理类,算术平方根，算术平方根性质,若 x²=a（x≥0），则 x 叫 a 的算术平方根，记作√a；理解√a 的双重非负性（a≥0，√a≥0）,1. 能说出算术平方根的定义；2. 会用符号表示算术平方根；3. 能说出算术平方根的性质；4. 会求非负数的算术平方根,https://cdn-private.sm.cn/souti-imgs-lasting/cover_gm_7ed20f71ccc1bc0a523e852d2c7ccd5d.jpg,https://cdn-private.sm.cn/souti-imgs-lasting/cover_gm_7ed20f71ccc1bc0a523e852d2c7ccd5d_compressed.jpg
数学,下册,初一,第八章 实数,8.2,立方根,4,立方根的定义,概念定义类,立方根,若 x³=a，则 x 叫 a 的立方根，记作∛a,1. 能说出立方根的定义；2. 会用符号表示立方根,https://cdn-private.sm.cn/souti-imgs-lasting/cover_gm_2c731689c0e1a774fce36df62e9cfc99.jpg,https://cdn-private.sm.cn/souti-imgs-lasting/cover_gm_2c731689c0e1a774fce36df62e9cfc99_compressed.jpg
数学,下册,初一,第八章 实数,8.2,立方根,5,立方根的性质,性质 / 定理类,立方根性质,正数的立方根是正数，负数的立方根是负数，0 的立方根是 0,1. 能说出立方根的性质；2. 会求一个数的立方根,https://cdn-private.sm.cn/souti-imgs-lasting/cover_gm_79e27c718a695720d909ab0d02fdb932.jpg,https://cdn-private.sm.cn/souti-imgs-lasting/cover_gm_79e27c718a695720d909ab0d02fdb932_compressed.jpg
数学,下册,初一,第八章 实数,8.2,立方根,6,求立方根的运算：开立方,运算法则类,开立方,求一个数的立方根的运算，与立方互为逆运算,1. 能说出开立方的定义；2. 会用开立方求数的立方根,https://cdn-private.sm.cn/souti-imgs-lasting/cover_gm_be786bd3a729d63b084d60a80a56cec2.jpg,https://cdn-private.sm.cn/souti-imgs-lasting/cover_gm_be786bd3a729d63b084d60a80a56cec2_compressed.jpg
数学,下册,初一,第八章 实数,8.3,实数及其简单运算,7,无理数的定义,概念定义类,无理数,无限不循环小数，如√2、π 等,1. 能说出无理数的定义；2. 会区分有理数与无理数,https://cdn-private.sm.cn/souti-imgs-lasting/cover_gm_317c4cf3a52560a6a0aa33b1bda5cd20.jpg,https://cdn-private.sm.cn/souti-imgs-lasting/cover_gm_317c4cf3a52560a6a0aa33b1bda5cd20_compressed.jpg
数学,下册,初一,第八章 实数,8.3,实数及其简单运算,8,实数的定义与分类,概念定义类,实数,有理数和无理数的统称，会按定义和正负分类,1. 能说出实数的定义；2. 会对实数进行分类,https://cdn-private.sm.cn/souti-imgs-lasting/cover_gm_fc6aa514f7b6024bfa565f6fecefb2af.jpg,https://cdn-private.sm.cn/souti-imgs-lasting/cover_gm_fc6aa514f7b6024bfa565f6fecefb2af_compressed.jpg
数学,下册,初一,第八章 实数,8.3,实数及其简单运算,9,实数在数轴上的表示,性质 / 定理类,实数与数轴,理解实数与数轴上的点的一一对应关系,1. 能说出对应关系；2. 会在数轴上表示简单无理数,https://cdn-private.sm.cn/souti-imgs-lasting/cover_gm_6a1e4e447844afe4c44e4792a9723477.jpg,https://cdn-private.sm.cn/souti-imgs-lasting/cover_gm_6a1e4e447844afe4c44e4792a9723477_compressed.jpg
数学,下册,初一,第八章 实数,8.3,实数及其简单运算,10,实数的相反数与绝对值,概念定义类,实数的相反数与绝对值,实数 a 的相反数是 - a，绝对值与有理数一致,1. 能说出实数相反数、绝对值的定义；2. 会求实数的相反数与绝对值,https://cdn-private.sm.cn/souti-imgs-lasting/cover_gm_2271a742b5ab41afedbce72cb2348bfa.jpg,https://cdn-private.sm.cn/souti-imgs-lasting/cover_gm_2271a742b5ab41afedbce72cb2348bfa_compressed.jpg
数学,下册,初一,第八章 实数,8.3,实数及其简单运算,11,实数的运算,运算法则类,实数的加减乘除运算,理解有理数的运算法则、运算律在实数范围内仍适用,1. 能说出实数的运算法则；2. 会进行简单的实数加减乘除运算,https://cdn-private.sm.cn/souti-imgs-lasting/cover_gm_34a3fd622226ea694f12467b3a89214e.jpg,https://cdn-private.sm.cn/souti-imgs-lasting/cover_gm_34a3fd622226ea694f12467b3a89214e_compressed.jpg
数学,下册,初一,第九章 平面直角坐标系,9.1.1,用坐标描述平面内点的位置,1,平面直角坐标系的建立,概念定义类,有序数对、平面直角坐标系、点的坐标,理解有序数对的定义，掌握平面直角坐标系的组成（x 轴、y 轴、原点、象限），理解点的坐标定义,1. 能说出有序数对的定义；2. 能说出平面直角坐标系的组成；3. 会写平面内点的坐标,https://cdn-private.sm.cn/souti-imgs-lasting/cover_gm_05a92f0566a80d622ff44d4501143d1f.jpg,https://cdn-private.sm.cn/souti-imgs-lasting/cover_gm_05a92f0566a80d622ff44d4501143d1f_compressed.jpg
数学,下册,初一,第九章 平面直角坐标系,9.1.1,用坐标描述平面内点的位置,2,象限的划分与点的坐标特征,性质 / 定理类,象限内点的坐标特征、坐标轴上点的坐标特征,理解各象限内点（+，+）（-，+）（-，-）（+，-）的符号特征，以及坐标轴上点的坐标特征（x 轴上 y=0，y 轴上 x=0）,1. 能说出各象限和坐标轴上点的坐标特征；2. 会根据点的坐标判断所在位置；3. 会根据位置写出点的坐标,https://cdn-private.sm.cn/souti-imgs-lasting/cover_gm_c8ea2f9090c1e652c39e1bbb66a8beb5.jpg,https://cdn-private.sm.cn/souti-imgs-lasting/cover_gm_c8ea2f9090c1e652c39e1bbb66a8beb5_compressed.jpg
数学,下册,初一,第九章 平面直角坐标系,9.1.2,用坐标描述平面内点的位置,3,用坐标描述简单几何图形,方法 / 步骤类,用坐标描述图形,理解建立平面直角坐标系，用坐标描述简单几何图形的步骤,1. 能说出步骤；2. 会用坐标描述简单几何图形,https://cdn-private.sm.cn/souti-imgs-lasting/cover_gm_4aa792cb72319170cc9b92a0e4f36709.jpg,https://cdn-private.sm.cn/souti-imgs-lasting/cover_gm_4aa792cb72319170cc9b92a0e4f36709_compressed.jpg
数学,下册,初一,第九章 平面直角坐标系,9.2.1,坐标方法的简单应用,4,用坐标表示地理位置,方法 / 步骤类,用坐标表示位置,建立平面直角坐标系，确定原点、单位长度，用坐标表示位置,1. 能说出步骤；2. 会用坐标表示简单地理位置,https://cdn-private.sm.cn/souti-imgs-lasting/cover_gm_eaef31fa09ec33d5890d89009e12bba8.jpg,https://cdn-private.sm.cn/souti-imgs-lasting/cover_gm_eaef31fa09ec33d5890d89009e12bba8_compressed.jpg
数学,下册,初一,第九章 平面直角坐标系,9.2.2,坐标方法的简单应用,5,用坐标表示平移,性质 / 定理类,点的平移坐标变化,左右平移改变横坐标，上下平移改变纵坐标，规律：左减右加，上加下减,1. 能说出点平移的坐标变化规律；2. 会求平移后点的坐标3. 能说出图形平移的坐标变化规律；4. 会画平移后的图形并写出对应点坐标,https://cdn-private.sm.cn/souti-imgs-lasting/cover_gm_61430d23f13bc96c439f62eb25ffe837.jpg,https://cdn-private.sm.cn/souti-imgs-lasting/cover_gm_61430d23f13bc96c439f62eb25ffe837_compressed.jpg
数学,下册,初一,第十章 二元一次方程组,10.1,二元一次方程组的概念,1,二元一次方程的定义,概念定义类,二元一次方程,含有两个未知数，且含未知数的项的次数都是 1 的整式方程,1. 能说出二元一次方程的定义；2. 会判断方程是否为二元一次方程,https://cdn-private.sm.cn/souti-imgs-lasting/cover_gm_287bc03fe634e56b2aa9bf19d3354713.jpg,https://cdn-private.sm.cn/souti-imgs-lasting/cover_gm_287bc03fe634e56b2aa9bf19d3354713_compressed.jpg
数学,下册,初一,第十章 二元一次方程组,10.1,二元一次方程组的概念,2,二元一次方程的解,概念定义类,二元一次方程的解,使二元一次方程两边相等的两个未知数的值，有无数组解,1. 能说出二元一次方程解的定义；2. 会检验一对数是否为方程的解,https://cdn-private.sm.cn/souti-imgs-lasting/cover_gm_0660c8ebc51a217db0a7629c0e91e5ea.jpg,https://cdn-private.sm.cn/souti-imgs-lasting/cover_gm_0660c8ebc51a217db0a7629c0e91e5ea_compressed.jpg
数学,下册,初一,第十章 二元一次方程组,10.1,二元一次方程组的概念,3,二元一次方程组的定义,概念定义类,二元一次方程组,含有两个未知数，且含未知数的项的次数都是 1 的方程组,1. 能说出二元一次方程组的定义；2. 会判断是否为二元一次方程组,https://cdn-private.sm.cn/souti-imgs-lasting/cover_gm_de3b95a41235d391e9490831d4d431f8.jpg,https://cdn-private.sm.cn/souti-imgs-lasting/cover_gm_de3b95a41235d391e9490831d4d431f8_compressed.jpg
数学,下册,初一,第十章 二元一次方程组,10.1,二元一次方程组的概念,4,二元一次方程组的解,概念定义类,二元一次方程组的解,使方程组中两个方程都成立的两个未知数的值,1. 能说出方程组解的定义；2. 会检验一对数是否为方程组的解,https://cdn-private.sm.cn/souti-imgs-lasting/cover_gm_573c5a86f93673ba7fca13afa1752597.jpg,https://cdn-private.sm.cn/souti-imgs-lasting/cover_gm_573c5a86f93673ba7fca13afa1752597_compressed.jpg
数学,下册,初一,第十章 二元一次方程组,10.2.1,消元——解二元一次方程组,5,代入消元法,方法 / 步骤类,代入消元法,将一个方程变形，代入另一个方程消元，转化为一元一次方程,1. 能说出代入消元法的步骤；2. 会用代入消元法解简单方程组,https://cdn-private.sm.cn/souti-imgs-lasting/cover_gm_50921244e8b28b01824f80f636506f7d.jpg,https://cdn-private.sm.cn/souti-imgs-lasting/cover_gm_50921244e8b28b01824f80f636506f7d_compressed.jpg
数学,下册,初一,第十章 二元一次方程组,10.2.2,消元——解二元一次方程组,6,加减消元法,方法 / 步骤类,加减消元法,通过两方程相加或相减消去一个未知数，转化为一元一次方程,1. 能说出加减消元法的步骤；2. 会用加减消元法解简单方程组,https://cdn-private.sm.cn/souti-imgs-lasting/cover_gm_ba209dccb19796a91a5537c693343528.jpg,https://cdn-private.sm.cn/souti-imgs-lasting/cover_gm_ba209dccb19796a91a5537c693343528_compressed.jpg
数学,下册,初一,第十章 二元一次方程组,10.3,消元——解二元一次方程组,7,实际问题与二元一次方程组,方法 / 步骤类,列二元一次方程组解应用题,掌握列二元一次方程组解应用题的步骤（审、设、列、解、验、答）,1. 能说出步骤；2. 会根据实际问题列二元一次方程组并求解,https://cdn-private.sm.cn/souti-imgs-lasting/cover_gm_b9c521815d5a0c0b61d00c2c0072314f.jpg,https://cdn-private.sm.cn/souti-imgs-lasting/cover_gm_b9c521815d5a0c0b61d00c2c0072314f_compressed.jpg
数学,下册,初一,第十章 二元一次方程组,10.4,三元一次方程组的解法,8,三元一次方程组的定义,概念定义类,三元一次方程组,含有三个未知数，且含未知数的项的次数都是 1 的方程组,1. 能说出三元一次方程组的定义；2. 会判断是否为三元一次方程组,https://cdn-private.sm.cn/souti-imgs-lasting/cover_gm_99e20147aade9eeacdadeeb5ca7c353e.jpg,https://cdn-private.sm.cn/souti-imgs-lasting/cover_gm_99e20147aade9eeacdadeeb5ca7c353e_compressed.jpg
数学,下册,初一,第十章 二元一次方程组,10.4,三元一次方程组的解法,9,三元一次方程组的解法,概念定义类 / 方法步骤类,三元一次方程组的解法,掌握消元法解三元一次方程组的思路（三元→二元→一元）,会用消元法将三元转化为二元、一元求解；3. 会解简单的三元一次方程组,https://cdn-private.sm.cn/souti-imgs-lasting/cover_gm_b538572044c4c15046ed95f060a4cd15.jpg,https://cdn-private.sm.cn/souti-imgs-lasting/cover_gm_b538572044c4c15046ed95f060a4cd15_compressed.jpg
数学,下册,初一,第十章 二元一次方程组,图说数学史,图说数学史,10,解多元一次方程组,方法 / 步骤类,多元一次方程组的解法,理解多元一次方程组的消元思路，掌握逐步消元的方法,1. 能说出多元一次方程组的解法思路；2. 会用消元法解简单的多元一次方程组,https://cdn-private.sm.cn/souti-imgs-lasting/cover_gm_441943788d772c6419d299bc2cfe65dc.jpg,https://cdn-private.sm.cn/souti-imgs-lasting/cover_gm_441943788d772c6419d299bc2cfe65dc_compressed.jpg
数学,下册,初一,第十一章 不等式与不等式组,11.1.1,不等式,1,不等式的定义,概念定义类,不等式,用不等号（>、<、≥、≤、≠）表示不等关系的式子,1. 能说出不等式的定义；2. 会用不等号表示数量关系,https://cdn-private.sm.cn/souti-imgs-lasting/cover_gm_f02ceaf79ef40a21255b6d47fed0bf5c.jpg,https://cdn-private.sm.cn/souti-imgs-lasting/cover_gm_f02ceaf79ef40a21255b6d47fed0bf5c_compressed.jpg
数学,下册,初一,第十一章 不等式与不等式组,11.1.1,不等式,2,不等式的解与解集,概念定义类,不等式的解与解集,使不等式成立的未知数的值是解，所有解组成解集,1. 能说出解与解集的定义；2. 会检验解、用数轴表示解集,https://cdn-private.sm.cn/souti-imgs-lasting/cover_gm_5c1c42ab962959df1f695ab10a0b2f59.jpg,https://cdn-private.sm.cn/souti-imgs-lasting/cover_gm_5c1c42ab962959df1f695ab10a0b2f59_compressed.jpg
数学,下册,初一,第十一章 不等式与不等式组,11.1.1,不等式,3,不等式的两个基本事实,性质 / 定理类,不等式的两个基本事实,交换不等式两边，不等号的方向改变；不等关系可以传递,1. 能说出不等式两个基本是事实；2. 会运用两个基本事实做题,https://cdn-private.sm.cn/souti-imgs-lasting/cover_gm_60ecae27c0ab1d5d381dfeefcca6bc10.jpg,https://cdn-private.sm.cn/souti-imgs-lasting/cover_gm_60ecae27c0ab1d5d381dfeefcca6bc10_compressed.jpg
数学,下册,初一,第十一章 不等式与不等式组,11.1.2,不等式,4,不等式的加减性质,性质 / 定理类,不等式的加减性质,不等式两边加（或减）同一个数（或式子），不等号方向不变,1. 能说出性质；2. 会用性质进行不等式变形,https://cdn-private.sm.cn/souti-imgs-lasting/cover_gm_e6122ae4cb0c23bfaf80afe175be325e.jpg,https://cdn-private.sm.cn/souti-imgs-lasting/cover_gm_e6122ae4cb0c23bfaf80afe175be325e_compressed.jpg
数学,下册,初一,第十一章 不等式与不等式组,11.1.2,不等式,5,不等式同乘正数，不等号方向不变,性质 / 定理类,不等式同乘正数，不等号方向不变,不等式两边乘（或除以）同一个正数，不等号方向不变,1. 能说出性质；2. 会用性质进行不等式变形,https://cdn-private.sm.cn/souti-imgs-lasting/cover_gm_5c05360ca3ec79fa44dc29bacfa3b1d8.jpg,https://cdn-private.sm.cn/souti-imgs-lasting/cover_gm_5c05360ca3ec79fa44dc29bacfa3b1d8_compressed.jpg
数学,下册,初一,第十一章 不等式与不等式组,11.1.2,不等式,6,不等式同乘负数，不等号方向改变,性质 / 定理类,不等式同乘负数，不等号方向改变,不等式两边乘（或除以）同一个负数，不等号方向改变,1. 能说出性质；2. 会用性质进行不等式变形,https://cdn-private.sm.cn/souti-imgs-lasting/cover_gm_8914819bb12f8541941d9f583450ae66.jpg,https://cdn-private.sm.cn/souti-imgs-lasting/cover_gm_8914819bb12f8541941d9f583450ae66_compressed.jpg
数学,下册,初一,第十一章 不等式与不等式组,阅读与理解,不等式,7,用求差法比较大小,方法 / 步骤类,求差法比较大小,掌握用求差法比较两个数（或式子）大小的方法（作差、变形、判断符号、得出结论）,1. 能说出求差法的步骤；2. 会用求差法比较两个数或式子的大小,https://cdn-private.sm.cn/souti-imgs-lasting/cover_gm_778a9f28640bbc0bf9056e71dc57c33f.jpg,https://cdn-private.sm.cn/souti-imgs-lasting/cover_gm_778a9f28640bbc0bf9056e71dc57c33f_compressed.jpg
数学,下册,初一,第十一章 不等式与不等式组,11.2,一元一次不等式,8,一元一次不等式的定义,概念定义类,一元一次不等式,含有一个未知数，未知数次数为 1 的不等式,1. 能说出定义；2. 会判断是否为一元一次不等式,https://cdn-private.sm.cn/souti-imgs-lasting/cover_gm_69a89ae094c18e74e6eb1f8ca0f68a15.jpg,https://cdn-private.sm.cn/souti-imgs-lasting/cover_gm_69a89ae094c18e74e6eb1f8ca0f68a15_compressed.jpg
数学,下册,初一,第十一章 不等式与不等式组,11.2,一元一次不等式,9,解一元一次不等式,方法 / 步骤类,解一元一次不等式,掌握解一元一次不等式的步骤（去分母、去括号、移项、合并同类项、系数化为 1）,1. 能说出步骤；2. 会解一元一次不等式并在数轴上表示解集,https://cdn-private.sm.cn/souti-imgs-lasting/cover_gm_5af495d97f07f1d2a35996ad851462f9.jpg,https://cdn-private.sm.cn/souti-imgs-lasting/cover_gm_5af495d97f07f1d2a35996ad851462f9_compressed.jpg
数学,下册,初一,第十一章 不等式与不等式组,11.2,一元一次不等式,10,一元一次不等式的应用,方法 / 步骤类,一元一次不等式的应用,掌握列一元一次不等式解应用题的步骤，会解决实际问题,1. 能说出步骤；2. 会根据实际问题列一元一次不等式并求解,https://cdn-private.sm.cn/souti-imgs-lasting/cover_gm_6dc399e835a436406ffcdf743291f189.jpg,https://cdn-private.sm.cn/souti-imgs-lasting/cover_gm_6dc399e835a436406ffcdf743291f189_compressed.jpg
数学,下册,初一,第十一章 不等式与不等式组,11.3,一元一次不等式组,11,一元一次不等式组的定义,概念定义类,一元一次不等式组,含有同一个未知数的几个一元一次不等式组成的组,1. 能说出定义；2. 会判断是否为一元一次不等式组,https://cdn-private.sm.cn/souti-imgs-lasting/cover_gm_69402462d6cdc353e98506cfeabb9212.jpg,https://cdn-private.sm.cn/souti-imgs-lasting/cover_gm_69402462d6cdc353e98506cfeabb9212_compressed.jpg
数学,下册,初一,第十一章 不等式与不等式组,11.3,一元一次不等式组,12,解一元一次不等式组,方法 / 步骤类,解一元一次不等式组,掌握解一元一次不等式组的步骤（分别解不等式，找公共部分）,1. 能说出步骤；2. 会解一元一次不等式组；3. 会用数轴确定不等式组的解集,https://cdn-private.sm.cn/souti-imgs-lasting/cover_gm_5822514fe113263d5de8a3c762aa134a.jpg,https://cdn-private.sm.cn/souti-imgs-lasting/cover_gm_5822514fe113263d5de8a3c762aa134a_compressed.jpg
数学,下册,初一,第十一章 不等式与不等式组,数学活动,一元一次不等式组,13,一元一次不等式组的应用,方法 / 步骤类,一元一次不等式组的应用,掌握列一元一次不等式组解应用题的方法，会解决实际问题,1. 能说出步骤；2. 会根据实际问题列一元一次不等式组并求解；3. 会检验结果是否符合实际意义,https://cdn-private.sm.cn/souti-imgs-lasting/cover_gm_c49b6c556ab8ab5b3b9c0e278debb621.jpg,https://cdn-private.sm.cn/souti-imgs-lasting/cover_gm_c49b6c556ab8ab5b3b9c0e278debb621_compressed.jpg
数学,下册,初一,第十二章 数据的收集、整理与描述,12.1.1,统计调查,1,全面调查的定义,概念定义类,全面调查,对全体对象进行调查，也叫普查,1. 能说出定义；2. 会判断调查方式是否为全面调查,https://cdn-private.sm.cn/souti-imgs-lasting/cover_gm_90f1db15f0a2ec6f34f53bdeb23a5eb5.jpg,https://cdn-private.sm.cn/souti-imgs-lasting/cover_gm_90f1db15f0a2ec6f34f53bdeb23a5eb5_compressed.jpg
数学,下册,初一,第十二章 数据的收集、整理与描述,12.1.2,统计调查,2,抽样调查与简单随机抽样,方法 / 步骤类,抽样调查与简单随机抽样,理解简单随机抽样的定义，掌握简单随机抽样的方法,"1. 能说出定义；2. 会判断抽样方式是否为简单随机抽样；3. 会用简单随机抽样抽取样本，4.会判断调查方式是否为抽样调查5.会区分总体、个体、样本、样本容量
",https://cdn-private.sm.cn/souti-imgs-lasting/cover_gm_5a2055033b6d1f4a73c84b8fdb6e46b5.jpg,https://cdn-private.sm.cn/souti-imgs-lasting/cover_gm_5a2055033b6d1f4a73c84b8fdb6e46b5_compressed.jpg
数学,下册,初一,第十二章 数据的收集、整理与描述,12.2.1,用统计图描述数据,3,扇形图、条形图和折线图,方法 / 步骤类,扇形图、条形图和折线图,掌握每个图形的特点并绘制,1.会认识条形图，折线图，讲扇形图及其绘制，2.清楚特点与选用,https://cdn-private.sm.cn/souti-imgs-lasting/cover_gm_ca26e9d374f26e1fefd3e0d62d8dae7a.jpg,https://cdn-private.sm.cn/souti-imgs-lasting/cover_gm_ca26e9d374f26e1fefd3e0d62d8dae7a_compressed.jpg
数学,下册,初一,第十二章 数据的收集、整理与描述,12.2.2,用统计图描述数据,4,频数分布表,方法 / 步骤类,组距，频数与频数分布表,掌握制作频数分布表的步骤（计算极差、确定组距与组数、列频数分布表）组距、组数、频数、频率的定义,1. 能说出步骤；2. 会制作简单的频数分布表；3. 会根据频数分布表分析数据分布4. 能说出各概念的定义；5. 会计算频数与频率,https://cdn-private.sm.cn/souti-imgs-lasting/cover_gm_01eb5cacbf3ab872aa4e52ebadd8b9dd.jpg,https://cdn-private.sm.cn/souti-imgs-lasting/cover_gm_01eb5cacbf3ab872aa4e52ebadd8b9dd_compressed.jpg
数学,下册,初一,第十二章 数据的收集、整理与描述,12.2.2,用统计图描述数据,5,频数分布直方图,方法 / 步骤类,频数分布直方图,计算极差、确定组距与组数、列频数分布表、画直方图,1. 能说出步骤；2. 会绘制简单的频数分布直方图,https://cdn-private.sm.cn/souti-imgs-lasting/cover_gm_1a80ac8d998109440a02c40a78f827bd.jpg,https://cdn-private.sm.cn/souti-imgs-lasting/cover_gm_1a80ac8d998109440a02c40a78f827bd_compressed.jpg
数学,下册,初一,第十二章 数据的收集、整理与描述,12.2.3,用统计图描述数据,6,趋势图,方法 / 步骤类,趋势图的特点与绘制,理解折线统计图的特点反映数据的变化趋势,1. 能说出特点；2.会根据趋势图分析数据变化,https://cdn-private.sm.cn/souti-imgs-lasting/cover_gm_3bf99a6510f77872f3b82203a3388bf0.jpg,https://cdn-private.sm.cn/souti-imgs-lasting/cover_gm_3bf99a6510f77872f3b82203a3388bf0_compressed.jpg
数学,下册,初二,第十九章 二次根式,19.1,二次根式及其性质,1,二次根式的定义,概念定义类,二次根式的定义,形如√a(a≥0)的式子叫作二次根式，a为被开方数，a表示非负数a的算术平方根,"1. 理解二次根式的数学定义；
2. 能判断代数式是否为二次根式；
3. 掌握二次根式有意义的条件",https://cdn-private.sm.cn/souti-imgs-lasting/cover_gm_83bef204b2d75e532536138a89b9a4f0.jpg,https://cdn-private.sm.cn/souti-imgs-lasting/cover_gm_83bef204b2d75e532536138a89b9a4f0_compressed.jpg
数学,下册,初二,第十九章 二次根式,19.1,二次根式及其性质,2,二次根式的性质,公式类,二次根式的性质,包含√a≥0(a≥0)、√(a) 2=a(a≥0)、√a2=∣a∣三条核心性质,"1. 掌握二次根式的三条基本性质；
2. 能运用性质进行简单化简；
3. 区分√(a) 2与√a2的适用范围",https://cdn-private.sm.cn/souti-imgs-lasting/cover_gm_339d44f5d5f7457c1872a861f86a7130.jpg,https://cdn-private.sm.cn/souti-imgs-lasting/cover_gm_339d44f5d5f7457c1872a861f86a7130_compressed.jpg
数学,下册,初二,第十九章 二次根式,19.2,二次根式的乘法与除法,3,二次根式的乘法法则,公式类,二次根式的乘法法则,"两个二次根式相乘，把被开方数相乘，根指数不变，即√a・√b=√(ab)(a≥0,b≥0)","1. 掌握二次根式的乘法法则；
2. 能运用法则进行乘法运算；
3. 会逆用法则化简二次根式",https://cdn-private.sm.cn/souti-imgs-lasting/cover_gm_8300a554c54d2e5281a1835694a9c111.jpg,https://cdn-private.sm.cn/souti-imgs-lasting/cover_gm_8300a554c54d2e5281a1835694a9c111_compressed.jpg
数学,下册,初二,第十九章 二次根式,19.2,二次根式的乘法与除法,4,二次根式的除法法则,公式类,二次根式的除法法则,"两个二次根式相除，把被开方数相除，根指数不变，即√a/√b=√(a/b)(a≥0,b>0)","1. 掌握二次根式的除法法则；
2. 能运用法则进行除法运算；
3. 会逆用法则化简二次根式",https://cdn-private.sm.cn/souti-imgs-lasting/cover_gm_e8e26e9c947ce57f341ddfaabd3e8b37.jpg,https://cdn-private.sm.cn/souti-imgs-lasting/cover_gm_e8e26e9c947ce57f341ddfaabd3e8b37_compressed.jpg
数学,下册,初二,第十九章 二次根式,19.2,二次根式的乘法与除法,5,最简二次根式,运算法则类,最简二次根式,满足被开方数不含分母、被开方数中不含能开得尽方的因数或因式的二次根式,"1. 理解最简二次根式的定义；
2. 能判断二次根式是否为最简形式；
3. 会将二次根式化为最简形式",https://cdn-private.sm.cn/souti-imgs-lasting/cover_gm_964802d830f2d041ad3f669056ee78b1.jpg,https://cdn-private.sm.cn/souti-imgs-lasting/cover_gm_964802d830f2d041ad3f669056ee78b1_compressed.jpg
数学,下册,初二,第十九章 二次根式,19.3,二次根式的加法与减法,6,二次根式的加减法则,运算法则类,二次根式的加减法则,二次根式加减时，先将二次根式化为最简，再合并被开方数相同的二次根式,"1. 掌握二次根式的加减法则；
2. 能识别同类二次根式；
3. 能进行二次根式的加减运算",https://cdn-private.sm.cn/souti-imgs-lasting/cover_gm_bf9e2ef60fc0fc9cfdeac8a95858e3cc.jpg,https://cdn-private.sm.cn/souti-imgs-lasting/cover_gm_bf9e2ef60fc0fc9cfdeac8a95858e3cc_compressed.jpg
数学,下册,初二,第十九章 二次根式,19.3,二次根式的加法与减法,7,二次根式的混合运算,运算法则类,二次根式的混合运算,二次根式的混合运算顺序与实数一致，先乘方、再乘除、最后加减，有括号先算括号内,"1. 掌握二次根式混合运算的顺序；
2. 能运用运算律简化运算；
3. 能解决简单的混合运算问题",https://cdn-private.sm.cn/souti-imgs-lasting/cover_gm_fe900033a863b9bc5645e16b9129fb0a.jpg,https://cdn-private.sm.cn/souti-imgs-lasting/cover_gm_fe900033a863b9bc5645e16b9129fb0a_compressed.jpg
数学,下册,初二,第十九章 二次根式,阅读与思考,二次根式的加法与减法,8,海伦-秦九韶公式,公式类,海伦-秦九韶公式,若三角形的三边长分别为 a、b、c，半周长 p=(a+b+c)/2，则三角形的面积 S=√[p (p-a)(p-b)(p-c)],"1.理解海伦 - 秦九韶公式的内容
2.熟练运用海伦 - 秦九韶公式计算任意三角形的面积
3.了解海伦 - 秦九韶公式的中外历史背景",https://cdn-private.sm.cn/souti-imgs-lasting/cover_gm_31e49f0687b8467a4c5b726710250688.jpg,https://cdn-private.sm.cn/souti-imgs-lasting/cover_gm_31e49f0687b8467a4c5b726710250688_compressed.jpg
数学,下册,初二,第二十章 勾股定理,20.1,勾股定理及其应用,1,勾股定理,性质/定理类,勾股定理,"直角三角形两条直角边长的平方和等于斜边长的平方，即a2+b2=c2（a,b为直角边，c为斜边），能够成为直角三角形三条边长的三个正整数称为勾股数","1. 理解勾股定理的内容；
2. 能直接运用勾股定理求边长
3.理解勾股数的定义
4.熟记常见的勾股数",https://cdn-private.sm.cn/souti-imgs-lasting/cover_gm_3d7de6de2751c4f8d5260efa536bb73f.jpg,https://cdn-private.sm.cn/souti-imgs-lasting/cover_gm_3d7de6de2751c4f8d5260efa536bb73f_compressed.jpg
数学,下册,初二,第二十章 勾股定理,20.1,勾股定理及其应用,2,勾股定理的应用,性质/定理类,勾股定理的应用,运用勾股定理解决实际生活中与直角三角形相关的边长计算问题,"1. 能将实际问题转化为直角三角形模型；
2. 能运用勾股定理解决实际问题；
3. 会在数轴上表示无理数",https://cdn-private.sm.cn/souti-imgs-lasting/cover_gm_35e1cae565cac2d308ab1a7e9b9ce8aa.jpg,https://cdn-private.sm.cn/souti-imgs-lasting/cover_gm_35e1cae565cac2d308ab1a7e9b9ce8aa_compressed.jpg
数学,下册,初二,第二十章 勾股定理,阅读与思考,勾股定理及其应用,3,勾股定理的证明,性质/定理类,勾股定理的证明,以商高提出的 “勾三、股四、弦五” 为起源，通过图形分割、拼接后面积相等的关系，证明直角三角形两条直角边长的平方和等于斜边长的平方,"1. 了解勾股定理证明的历史背景，知晓《周髀算经》中商高的相关记载，感受我国古代数学的辉煌成就；
2. 理解出入相补、面积相等的证明核心思路，掌握赵爽弦图证明勾股定理的过程；
3. 体会数形结合的数学思想，提升几何直观与逻辑推理素养。",https://cdn-private.sm.cn/souti-imgs-lasting/cover_gm_fc3dc7242de385797deaddcdecec5856.jpg,https://cdn-private.sm.cn/souti-imgs-lasting/cover_gm_fc3dc7242de385797deaddcdecec5856_compressed.jpg
数学,下册,初二,第二十章 勾股定理,20.2,勾股定理的逆定理及其应用,4,勾股定理的逆定理,判定⽅法类,勾股定理的逆定理,"若三角形三边长a,b,c满足a2+b2=c2，则这个三角形是直角三角形","1. 理解勾股定理逆定理的内容；
2. 能运用逆定理判定直角三角形；
3. 区分勾股定理与逆定理的适用条件",https://cdn-private.sm.cn/souti-imgs-lasting/cover_gm_e840c8570dfd13d1ed9846bc4a24e42d.jpg,https://cdn-private.sm.cn/souti-imgs-lasting/cover_gm_e840c8570dfd13d1ed9846bc4a24e42d_compressed.jpg
数学,下册,初二,第二十章 勾股定理,20.2,勾股定理的逆定理及其应用,5,勾股定理逆定理的应用,性质/定理类,勾股定理逆定理的应用,运用勾股定理的逆定理解决实际问题中直角的判定与边长计算问题,"1. 能运用逆定理判定实际问题中的直角；
2. 能综合运用勾股定理及其逆定理解决问题",https://cdn-private.sm.cn/souti-imgs-lasting/cover_gm_ea920563f86e3b5d0a8f75d694210023.jpg,https://cdn-private.sm.cn/souti-imgs-lasting/cover_gm_ea920563f86e3b5d0a8f75d694210023_compressed.jpg
数学,下册,初二,第二十一章 四边形,21.1.1,四边形及多边形,1,四边形的定义,概念定义类,四边形的定义,平面内由不在同一直线上的四条线段首尾顺次相接组成的图形，分为凸四边形和凹四边形,"1. 理解四边形的定义；
2. 能识别凸四边形与凹四边形；
3. 掌握四边形的边、角、顶点、对角线概念",https://cdn-private.sm.cn/souti-imgs-lasting/cover_gm_d6436b94c3261a8aea3ce8d2443e8fe0.jpg,https://cdn-private.sm.cn/souti-imgs-lasting/cover_gm_d6436b94c3261a8aea3ce8d2443e8fe0_compressed.jpg
数学,下册,初二,第二十一章 四边形,21.1.1,四边形及多边形,2,四边形的内角和与外角和,性质/定理类,四边形的内角和与外角和,四边形的内角和等于360∘，外角和等于360∘,"1. 掌握四边形内角和与外角和定理；
2. 能运用定理计算四边形的角度；
3. 理解四边形不稳定性的特点",https://cdn-private.sm.cn/souti-imgs-lasting/cover_gm_a761603b7545e051db1ce1d13f39fac1.jpg,https://cdn-private.sm.cn/souti-imgs-lasting/cover_gm_a761603b7545e051db1ce1d13f39fac1_compressed.jpg
数学,下册,初二,第二十一章 四边形,21.1.2,四边形及多边形,3,多边形与正多边形,概念定义类,多边形与正多变形,平面内由n(n≥3)条线段首尾顺次相接组成的图形，有几条边就叫作几边形，各个角都相等、各条边都相等的多边形叫作正多边形,"1. 理解多边形的定义；
2. 掌握多边形的边、角、顶点、对角线概念；
3. 能识别凸多边形与正多边形
4.能计算正多边形的内角与外角",https://cdn-private.sm.cn/souti-imgs-lasting/cover_gm_25aa6a44bffca629e444755e62798f0a.jpg,https://cdn-private.sm.cn/souti-imgs-lasting/cover_gm_25aa6a44bffca629e444755e62798f0a_compressed.jpg
数学,下册,初二,第二十一章 四边形,21.1.2,四边形及多边形,4,多边形对角线条数的计算,公式类,多边形对角线条数的计算,连接多边形不相邻两个顶点的线段叫做多边形的对角线；n 边形（n≥3 且 n 为整数）的对角线条数计算公式为n(n-3)/2,"1. 理解多边形对角线的定义，掌握 n 边形对角线条数的计算公式；
2. 能运用公式计算多边形的对角线条数，或根据对角线条数求多边形边数；
3. 经历公式推导过程，体会从特殊到一般的数学思想。",https://cdn-private.sm.cn/souti-imgs-lasting/cover_gm_1e5373f1867cde617224c1b568c28749.jpg,https://cdn-private.sm.cn/souti-imgs-lasting/cover_gm_1e5373f1867cde617224c1b568c28749_compressed.jpg
数学,下册,初二,第二十一章 四边形,21.1.2,四边形及多边形,5,多边形的内角和与外角和,性质/定理类,多边形的内角和与外角和,n边形内角和等于(n−2)×180∘，任意多边形的外角和都等于360∘,"1. 掌握多边形内角和与外角和公式；
2. 能运用公式计算多边形的角度和边数；
3. 理解公式的推导过程",https://cdn-private.sm.cn/souti-imgs-lasting/cover_gm_2f9b4b11064d2ca7a2171415ef8efbf5.jpg,https://cdn-private.sm.cn/souti-imgs-lasting/cover_gm_2f9b4b11064d2ca7a2171415ef8efbf5_compressed.jpg
数学,下册,初二,第二十一章 四边形,21.2.1,平行四边形,6,平行四边形及其性质,概念定义类,两组对边分别平行的四边形叫作平行四边形，记作 “□ABCD”。平行四边形对边相等、对角相等、对角线互相平分，是中心对称图形,"1. 理解平行四边形的定义；
2. 掌握平行四边形的边、角、对角线性质；
3. 理解平行四边形的中心对称性。",八年级_下册_第二十一章第 2 节_平行四边形及其性质.docx,https://cdn-private.sm.cn/souti-imgs-lasting/cover_gm_5aed9d78f5f477f796c311b2a2649141.jpg,https://cdn-private.sm.cn/souti-imgs-lasting/cover_gm_5aed9d78f5f477f796c311b2a2649141_compressed.jpg
数学,下册,初二,第二十一章 四边形,21.2.1,平行四边形 ,7,两条平行线之间的距离,概念定义类,平行线之间的距离,两条平行线中，一条直线上任意一点到另一条直线的垂线段的长度，叫做这两条平行线之间的距离；,"1. 理解平行线之间距离的定义；
2. 掌握平行线间距离处处相等的性质，能运用性质解决简单问题；
3. 会计算或测量两条平行线之间的距离。",https://cdn-private.sm.cn/souti-imgs-lasting/cover_gm_982cb853ec74defe475c20f41192b5d5.jpg,https://cdn-private.sm.cn/souti-imgs-lasting/cover_gm_982cb853ec74defe475c20f41192b5d5_compressed.jpg
数学,下册,初二,第二十一章 四边形,21.2.2,平行四边形 ,8,两组对边相等判定平行四边形,判定⽅法类,平行四边形的判定-两组对边分别相等,两组对边分别相等的四边形是平行四边形，是平行四边形的核心判定定理,"1. 理解该判定定理的内容；
2. 能结合三角形全等证明此判定定理；
3. 能运用定理判定四边形为平行四边形。",https://cdn-private.sm.cn/souti-imgs-lasting/cover_gm_bb31f8aae202e61cb29a86067ff7e69e.jpg,https://cdn-private.sm.cn/souti-imgs-lasting/cover_gm_bb31f8aae202e61cb29a86067ff7e69e_compressed.jpg
数学,下册,初二,第二十一章 四边形,21.2.2,平行四边形 ,9,两组对角相等判定平行四边形 ,判定⽅法类,平行四边形的判定-两组对角分别相等,两组对角分别相等的四边形是平行四边形，是平行四边形的核心判定定理,"1. 掌握平行四边形的四种判定方法；
2. 能运用判定定理证明四边形是平行四边形；
3. 能区分性质与判定的应用场景",https://cdn-private.sm.cn/souti-imgs-lasting/cover_gm_34af7fb45b5c38f5fa72d5089db78cb3.jpg,https://cdn-private.sm.cn/souti-imgs-lasting/cover_gm_34af7fb45b5c38f5fa72d5089db78cb3_compressed.jpg
数学,下册,初二,第二十一章 四边形,21.2.2,平行四边形 ,10,对角线互相平分判定平行四边形,判定⽅法类,平行四边形的判定-对角线互相平分,对角线互相平分的四边形是平行四边形，是从对角线角度判定的定理。,"1. 理解对角线判定平行四边形的定理内容；
2. 能运用对角线关系判定四边形为平行四边形；
3. 能综合运用多种判定方法解决简单几何问题。",https://cdn-private.sm.cn/souti-imgs-lasting/cover_gm_65d5beb1266fcc9ca54d702aef31648a.jpg,https://cdn-private.sm.cn/souti-imgs-lasting/cover_gm_65d5beb1266fcc9ca54d702aef31648a_compressed.jpg
数学,下册,初二,第二十一章 四边形,21.2.2,平行四边形 ,11,一组对边平行相等判定平行四边形,判定⽅法类,平行四边形的判定-一组对边平行且相等,一组对边平行且相等的四边形是平行四边形，是简便常用的判定定理。,"1. 理解 “一组对边平行且相等” 的判定条件；
2. 能运用该定理证明四边形是平行四边形；
3. 体会此判定方法的简洁性与解题优势。",https://cdn-private.sm.cn/souti-imgs-lasting/cover_gm_20cb81d809350ee11401f1ec6123cf45.jpg,https://cdn-private.sm.cn/souti-imgs-lasting/cover_gm_20cb81d809350ee11401f1ec6123cf45_compressed.jpg
数学,下册,初二,第二十一章 四边形,21.2.3,平行四边形 ,12,三角形的中位线,性质/定理类,三角形的中位线,三角形的中位线平行于第三边，并且等于第三边的一半,"1. 理解三角形中位线的定义；
2. 掌握三角形中位线定理；
3. 能运用定理解决线段平行与长度计算问题",https://cdn-private.sm.cn/souti-imgs-lasting/cover_gm_0b54c4346870561bef98276612e6a74c.jpg,https://cdn-private.sm.cn/souti-imgs-lasting/cover_gm_0b54c4346870561bef98276612e6a74c_compressed.jpg
数学,下册,初二,第二十一章 四边形,21.3.1, 特殊的平行四边形,13,矩形的定义与性质,概念定义类,矩形的定义与性质,有一个角是直角的平行四边形叫作矩形，矩形四个角都是直角、对角线相等,"1. 理解矩形的定义；
2. 掌握矩形的边、角、对角线性质；
3. 能运用性质进行计算与证明",https://cdn-private.sm.cn/souti-imgs-lasting/cover_gm_1d9e065968d8b5da83f12c4a1bc39d47.jpg,https://cdn-private.sm.cn/souti-imgs-lasting/cover_gm_1d9e065968d8b5da83f12c4a1bc39d47_compressed.jpg
数学,下册,初二,第二十一章 四边形,21.3.1, 特殊的平行四边形,14,直角三角形斜边中线的性质,概念定义类,直角三角形斜边上的中线等于斜边的一半,直角三角形斜边上的中线是连接斜边中点与直角顶点的线段，该线段的长度等于斜边长度的一半,"1. 理解直角三角形斜边上的中线等于斜边一半的性质；
2. 能运用该性质进行线段长度计算与相关几何推理；
3. 了解该性质的证明思路，体会几何图形间的转化思想。",https://cdn-private.sm.cn/souti-imgs-lasting/cover_gm_b115957cc51c3639961c1e13e3d497a9.jpg,https://cdn-private.sm.cn/souti-imgs-lasting/cover_gm_b115957cc51c3639961c1e13e3d497a9_compressed.jpg
数学,下册,初二,第二十一章 四边形,21.3.1, 特殊的平行四边形,15,对角线相等的平行四边形是矩形,判定⽅法类,矩形的判定-对角线相等的平行四边形判定,对角线相等的平行四边形是矩形，是从对角线角度判定平行四边形为矩形的核心定理。,"1. 理解对角线相等的平行四边形是矩形的定理；
2. 能运用该定理判定平行四边形为矩形；
3. 区分平行四边形与矩形的对角线性质。",https://cdn-private.sm.cn/souti-imgs-lasting/cover_gm_f580499ee0c16b2c3679757085d3eb12.jpg,https://cdn-private.sm.cn/souti-imgs-lasting/cover_gm_f580499ee0c16b2c3679757085d3eb12_compressed.jpg
数学,下册,初二,第二十一章 四边形,21.3.1, 特殊的平行四边形,16,三个角是直角的四边形是矩形,判定⽅法类,矩形的判定-三个角是直角的四边形判定,三个角都是直角的四边形是矩形，无需先判定平行四边形，可直接判定四边形为矩形,"1. 理解该判定定理的内容；
2. 能运用定理证明四边形是矩形；
3. 结合四边形内角和定理理解判定依据。",https://cdn-private.sm.cn/souti-imgs-lasting/cover_gm_4b7b51ea3f56e4e4b86431db439fde54.jpg,https://cdn-private.sm.cn/souti-imgs-lasting/cover_gm_4b7b51ea3f56e4e4b86431db439fde54_compressed.jpg
数学,下册,初二,第二十一章 四边形,21.3.2, 特殊的平行四边形,17,菱形的定义与性质,判定⽅法类,菱形的定义与性质,有一组邻边相等的平行四边形叫作菱形，菱形四条边都相等、对角线互相垂直且平分一组对角,"1. 理解菱形的定义；
2. 掌握菱形的边、角、对角线性质；
3. 能运用性质进行计算与证明",https://cdn-private.sm.cn/souti-imgs-lasting/cover_gm_a1cdf1a31a46b1d7e3c689719531f851.jpg,https://cdn-private.sm.cn/souti-imgs-lasting/cover_gm_a1cdf1a31a46b1d7e3c689719531f851_compressed.jpg
数学,下册,初二,第二十一章 四边形,21.3.2, 特殊的平行四边形,18,一组邻边相等的平行四边形是菱形,判定⽅法类,菱形的判定定理-一组邻边相等的平行四边形,有一组邻边相等的平行四边形叫作菱形，这是菱形的定义，也是最基础的判定方法。,"1. 理解菱形的定义，掌握定义判定法；
2. 能运用定义判定一个平行四边形是菱形；
3. 明确菱形与平行四边形的从属关系。",https://cdn-private.sm.cn/souti-imgs-lasting/cover_gm_3b2001b2353e5637c481fbc8185f7bd3.jpg,https://cdn-private.sm.cn/souti-imgs-lasting/cover_gm_3b2001b2353e5637c481fbc8185f7bd3_compressed.jpg
数学,下册,初二,第二十一章 四边形,21.3.2, 特殊的平行四边形,19,对角线互相垂直的平行四边形是菱形,判定⽅法类,菱形的判定定理-对角线互相垂直的平行四边形,对角线互相垂直的平行四边形是菱形，是从对角线角度判定平行四边形为菱形的判定定理。,"1. 理解该判定定理的内容；
2. 能运用定理判定平行四边形为菱形；
3. 结合菱形性质理解定理的推导思路。",https://cdn-private.sm.cn/souti-imgs-lasting/cover_gm_273c16da6ef8317c9e01c9e3e39b297a.jpg,https://cdn-private.sm.cn/souti-imgs-lasting/cover_gm_273c16da6ef8317c9e01c9e3e39b297a_compressed.jpg
数学,下册,初二,第二十一章 四边形,21.3.2, 特殊的平行四边形,20,四条边相等的四边形是菱形,判定⽅法类,菱形的判定定理-四条边相等的四边形,四条边相等的四边形是菱形，可直接判定四边形为菱形，无需先判定为平行四边形。,"1. 理解该判定定理的内容；
2. 能运用定理证明四边形是菱形；
3. 能结合四边形边的特征灵活应用判定方法。",https://cdn-private.sm.cn/souti-imgs-lasting/cover_gm_1d7cd950d6e937cec7271a9663a511a0.jpg,https://cdn-private.sm.cn/souti-imgs-lasting/cover_gm_1d7cd950d6e937cec7271a9663a511a0_compressed.jpg
数学,下册,初二,第二十一章 四边形,21.3.3, 特殊的平行四边形,21,正方形的定义与性质,概念定义类,正方形的定义与性质,有一组邻边相等且有一个角是直角的平行四边形叫作正方形，兼具矩形与菱形的所有性质,"1. 理解正方形的定义；
2. 掌握正方形的性质；
3. 能理清正方形与矩形、菱形的关系",https://cdn-private.sm.cn/souti-imgs-lasting/cover_gm_f4de860b113d09485d84fa76aec49ede.jpg,https://cdn-private.sm.cn/souti-imgs-lasting/cover_gm_f4de860b113d09485d84fa76aec49ede_compressed.jpg
数学,下册,初二,第二十一章 四边形,21.3.3, 特殊的平行四边形,22,正方形的判定,判定⽅法类,正方形的判定,既是矩形又是菱形的四边形是正方形，可通过先证矩形再证菱形或先证菱形再证矩形判定,"1. 掌握正方形的判定思路；
2. 能运用判定定理证明四边形是正方形；
3. 能区分特殊平行四边形的判定条件",https://cdn-private.sm.cn/souti-imgs-lasting/cover_gm_fe8274ec2fbe8034d07e9ea8f9dd93a5.jpg,https://cdn-private.sm.cn/souti-imgs-lasting/cover_gm_fe8274ec2fbe8034d07e9ea8f9dd93a5_compressed.jpg
数学,下册,初二,第二十一章 四边形,数学活动,数学活动,23,黄金矩形,性质/定理类,黄金矩形,宽与长的比是25−1（约 0.618）的矩形叫作黄金矩形,"1. 理解黄金矩形的定义；
2. 掌握黄金矩形的折纸方法；
3. 了解黄金矩形在生活中的应用",https://cdn-private.sm.cn/souti-imgs-lasting/cover_gm_49a22c7208b81f021af73ec0b88496a2.jpg,https://cdn-private.sm.cn/souti-imgs-lasting/cover_gm_49a22c7208b81f021af73ec0b88496a2_compressed.jpg
数学,下册,初二,第二十二章 函数,22.1,函数的概念,1,常量与变量,概念定义类,常量与变量,在一个变化过程中，数值始终不变的量叫作常量，数值发生变化的量叫作变量,"1. 理解常量与变量的定义；
2. 能在具体问题中识别常量与变量；
3. 体会变化过程中的数量关系",https://cdn-private.sm.cn/souti-imgs-lasting/cover_gm_0c7303a44b00f1f2575d78bfe4b020c9.jpg,https://cdn-private.sm.cn/souti-imgs-lasting/cover_gm_0c7303a44b00f1f2575d78bfe4b020c9_compressed.jpg
数学,下册,初二,第二十二章 函数,22.1,函数的概念,2,函数的定义与解析式,概念定义类,函数的定义与解析式,在一个变化过程中，有两个变量 x 与 y，对于 x 的每一个确定的值，y 都有唯一确定的值与其对应，则 y 是 x 的函数,"1. 理解函数的定义；
2. 理解函数解析式的定义
3. 掌握求自变量取值范围的方法
4.能根据函数解析式，在自变量的取值范围内正确求出对应的函数值",https://cdn-private.sm.cn/souti-imgs-lasting/cover_gm_7f71bff3a84f79bc2919f85145100a93.jpg,https://cdn-private.sm.cn/souti-imgs-lasting/cover_gm_7f71bff3a84f79bc2919f85145100a93_compressed.jpg
数学,下册,初二,第二十二章 函数,22.2,函数的表示,3,函数的图象,概念定义类,函数的图象,对于一个函数，把自变量与函数的每对对应值作为点的横、纵坐标，坐标平面内由这些点组成的图形就是函数的图象,"1. 理解函数图象的定义；
2. 能从函数图象中获取信息；
3. 能判断点是否在函数图象上；
4.体会函数解析式与图象之间的对应关系",https://cdn-private.sm.cn/souti-imgs-lasting/cover_gm_5b9bd6cf0dd33966fc05c60983f87852.jpg,https://cdn-private.sm.cn/souti-imgs-lasting/cover_gm_5b9bd6cf0dd33966fc05c60983f87852_compressed.jpg
数学,下册,初二,第二十二章 函数,22.2,函数的表示,4,函数的三种表示方法,⽅法步骤类,函数的三种表示方法,函数的表示方法包括解析法、列表法和图象法，三种方法各有优缺点,"1. 掌握函数的三种表示方法；
2. 能进行三种表示方法之间的转化；
3. 能根据实际问题选择合适的表示方法",https://cdn-private.sm.cn/souti-imgs-lasting/cover_gm_93904a54575c6f8056ed11bc97551e96.jpg,https://cdn-private.sm.cn/souti-imgs-lasting/cover_gm_93904a54575c6f8056ed11bc97551e96_compressed.jpg
数学,下册,初二,第二十三章 一次函数,23.1,一次函数的概念,1,一次函数的定义,概念定义类,一次函数的定义,"形如y=kx+b（k,b是常数，k=0）的函数叫作一次函数，当b=0时即为正比例函数","1. 理解一次函数的定义；
2. 能判断一个函数是否为一次函数；
3. 理清一次函数与正比例函数的关系",https://cdn-private.sm.cn/souti-imgs-lasting/cover_gm_30893841b0c741a4ab6d9683c9d416d6.jpg,https://cdn-private.sm.cn/souti-imgs-lasting/cover_gm_30893841b0c741a4ab6d9683c9d416d6_compressed.jpg
数学,下册,初二,第二十三章 一次函数,23.1,一次函数的概念,2,正比例函数的定义,概念定义类,正比例函数的定义,形如y=kx（k是常数，k=0）的函数叫作正比例函数，k叫作比例系数,"1. 理解正比例函数的定义；
2. 能判断一个函数是否为正比例函数；
3. 能根据条件求正比例函数解析式",https://cdn-private.sm.cn/souti-imgs-lasting/cover_gm_4f30712b74ea01fc1dceebc1bf966c8b.jpg,https://cdn-private.sm.cn/souti-imgs-lasting/cover_gm_4f30712b74ea01fc1dceebc1bf966c8b_compressed.jpg
数学,下册,初二,第二十三章 一次函数,23.2,一次函数的图象和性质,3,正比例函数的图象与性质,性质/定理类,正比例函数的图象与性质,正比例函数y=kx的图象是过原点的直线，k>0时图象过一、三象限，y随x增大而增大；k<0时过二、四象限，y随x增大而减小,"1. 掌握正比例函数的图象特征；
2. 掌握正比例函数的增减性；
3. 能根据k的符号判断函数性质",https://cdn-private.sm.cn/souti-imgs-lasting/cover_gm_67e89cde8e055246dda0b084a7538ca3.jpg,https://cdn-private.sm.cn/souti-imgs-lasting/cover_gm_67e89cde8e055246dda0b084a7538ca3_compressed.jpg
数学,下册,初二,第二十三章 一次函数,23.2,一次函数的图象和性质,4,一次函数的图象与性质,性质/定理类,一次函数的图象与性质,一次函数y=kx+b的图象是一条直线，可由y=kx平移得到，k>0时y随x增大而增大，k<0时y随x增大而减小,"1. 掌握一次函数的图象特征；
2. 掌握一次函数的增减性；
3. 理解k,b对图象位置的影响",https://cdn-private.sm.cn/souti-imgs-lasting/cover_gm_879da7059dfdb092ea3e2130a10abe21.jpg,https://cdn-private.sm.cn/souti-imgs-lasting/cover_gm_879da7059dfdb092ea3e2130a10abe21_compressed.jpg
数学,下册,初二,第二十三章 一次函数,23.2,一次函数的图象和性质,5,待定系数法求一次函数解析式,公式类,待定系数法求一次函数解析式,先设出函数解析式，再根据条件确定解析式中未知系数，从而得出函数解析式的方法叫作待定系数法,"1. 理解待定系数法的原理；
2. 掌握用待定系数法求一次函数解析式的步骤；
3. 能根据两点坐标求一次函数解析式",https://cdn-private.sm.cn/souti-imgs-lasting/cover_gm_2e0cf48ff284827a5db6c5aecc04e6dd.jpg,https://cdn-private.sm.cn/souti-imgs-lasting/cover_gm_2e0cf48ff284827a5db6c5aecc04e6dd_compressed.jpg
数学,下册,初二,第二十三章 一次函数,23.3,一次函数与方程 （组）、不等式,6,一次函数与一元一次方程,公式类,一次函数与一元一次方程,解一元一次方程ax+b=0相当于求一次函数y=ax+b的函数值为 0 时自变量x的值,"1. 理解一次函数与一元一次方程的关系；
2. 能利用一次函数图象解一元一次方程；
3. 体会数形结合的思想",https://cdn-private.sm.cn/souti-imgs-lasting/cover_gm_72fc07991fbc0a7d84950cc77251332e.jpg,https://cdn-private.sm.cn/souti-imgs-lasting/cover_gm_72fc07991fbc0a7d84950cc77251332e_compressed.jpg
数学,下册,初二,第二十三章 一次函数,23.3,一次函数与方程 （组）、不等式,7,一次函数与一元一次不等式,公式类,一次函数与一元一次不等式,解一元一次不等式ax+b>0（或<0）相当于求一次函数y=ax+b的函数值大于 0（或小于 0）时自变量x的取值范围,1. 理解一次函数与一元一次不等式的关系；2. 能利用一次函数图象解一元一次不等式；3. 能从图象中获取不等式的解集,https://cdn-private.sm.cn/souti-imgs-lasting/cover_gm_033eebb2dae1db3c1006385fb6535992.jpg,https://cdn-private.sm.cn/souti-imgs-lasting/cover_gm_033eebb2dae1db3c1006385fb6535992_compressed.jpg
数学,下册,初二,第二十三章 一次函数,23.3,一次函数与方程 （组）、不等式,8,一次函数与二元一次方程（组）,⽅法步骤类,一次函数与二元一次方程组,解二元一次方程组相当于求两个一次函数图象的交点坐标，交点的横、纵坐标即为方程组的解,1. 理解一次函数与二元一次方程组的关系；2. 能利用一次函数图象解二元一次方程组；3. 体会数形结合的思想,https://cdn-private.sm.cn/souti-imgs-lasting/cover_gm_c602561e330a8ce7bada12f5d987f156.jpg,https://cdn-private.sm.cn/souti-imgs-lasting/cover_gm_c602561e330a8ce7bada12f5d987f156_compressed.jpg
数学,下册,初二,第二十三章 一次函数,23.4,实际问题与一次函数,9,实际问题与一次函数,⽅法步骤类,实际问题与一次函数,利用一次函数的性质，比较不同方案的函数值大小，包括建立函数模型，结合实际确定自变量取值范围，从而选择最优方案的问题,"1. 能将实际方案问题转化为一次函数模型；
2. 能运用一次函数性质进行方案选择；
3. 体会函数在实际决策中的应用",https://cdn-private.sm.cn/souti-imgs-lasting/cover_gm_ea50e239eb0e8c7cf7ebdeefb8eb2f4d.jpg,https://cdn-private.sm.cn/souti-imgs-lasting/cover_gm_ea50e239eb0e8c7cf7ebdeefb8eb2f4d_compressed.jpg
数学,下册,初二,第二十四章 数据的分析,24.1.1,数据的集中趋势,1,平均数与加权平均数,公式类,平均数与加权平均数,"若n个数x1,x2​,…,xn的权分别为w1,w2,…,wn，则x=w1+w2+⋯+wn​x1​w1​+x2​w2​+⋯+xn​wn叫作加权平均数","1. 理解平均数与加权平均数的定义；
2. 能计算一组数据的平均数与加权平均数；
3. 理解“权”的意义和作用",https://cdn-private.sm.cn/souti-imgs-lasting/cover_gm_63f1e87e3f65d21fb759f7aef74d6137.jpg,https://cdn-private.sm.cn/souti-imgs-lasting/cover_gm_63f1e87e3f65d21fb759f7aef74d6137_compressed.jpg
数学,下册,初二,第二十四章 数据的分析,24.1.2,数据的集中趋势,2,中位数,概念定义类,中位数,将一组数据按从小到大（或从大到小）的顺序排列，处于中间位置的数叫作这组数据的中位数,"1. 理解中位数的定义；
2. 能计算一组数据的中位数；
3. 体会中位数反映数据的中间水平",https://cdn-private.sm.cn/souti-imgs-lasting/cover_gm_a95ff01e28acc33a111169acc72f8961.jpg,https://cdn-private.sm.cn/souti-imgs-lasting/cover_gm_a95ff01e28acc33a111169acc72f8961_compressed.jpg
数学,下册,初二,第二十四章 数据的分析,24.1.2,数据的集中趋势,3,众数,概念定义类,众数,一组数据中出现次数最多的数据叫作这组数据的众数，一组数据可以有多个众数或没有众数,"1. 理解众数的定义；
2. 能找出一组数据的众数；
3. 体会众数反映数据的集中趋势",https://cdn-private.sm.cn/souti-imgs-lasting/cover_gm_6ee2a13a4ff7ac9b751923b8bdd0abd6.jpg,https://cdn-private.sm.cn/souti-imgs-lasting/cover_gm_6ee2a13a4ff7ac9b751923b8bdd0abd6_compressed.jpg
数学,下册,初二,第二十四章 数据的分析,24.2, 数据的离散程度,4,方差,概念定义类,方差,一组数据中各数据与平均数的差的平方的平均数，即s2=n1[(x1−x)2+(x2−x)2+⋯+(xn−x)2],"1. 理解方差的定义；
2. 能计算一组数据的方差；
3. 能根据方差判断数据的离散程度",https://cdn-private.sm.cn/souti-imgs-lasting/cover_gm_133a5204b6bdb14d3c27d39cbad3f87e.jpg,https://cdn-private.sm.cn/souti-imgs-lasting/cover_gm_133a5204b6bdb14d3c27d39cbad3f87e_compressed.jpg
数学,下册,初二,第二十四章 数据的分析,24.3,数据的四分位数,5,四分位数,概念定义类,四分位数,将一组数据按从小到大排列后，处于 25%、50%、75% 位置的数，分别叫作第一、第二、第三四分位数,"1. 理解四分位数的定义；
2. 能计算一组数据的四分位数；
3. 体会四分位数反映数据的分布情况",https://cdn-private.sm.cn/souti-imgs-lasting/cover_gm_9884d70c92aa09622d823f5a08b3e685.jpg,https://cdn-private.sm.cn/souti-imgs-lasting/cover_gm_9884d70c92aa09622d823f5a08b3e685_compressed.jpg
数学,下册,初二,第二十四章 数据的分析,24.3,数据的四分位数,6,箱线图,概念定义类,箱线图,由一组数据的最小值、第一四分位数、中位数、第三四分位数、最大值绘制的统计图，用于展示数据的分布,"1. 理解箱线图的构成；
2. 能绘制简单的箱线图；
3. 能从箱线图中获取数据的分布信息",https://cdn-private.sm.cn/souti-imgs-lasting/cover_gm_1d0a73504f72c720d096700e79b93d05.jpg,https://cdn-private.sm.cn/souti-imgs-lasting/cover_gm_1d0a73504f72c720d096700e79b93d05_compressed.jpg
数学,下册,初二,第二十四章 数据的分析,24.4,数据的分组,7,利用组内组间离差平方和分组数据,概念定义类,利用组内组间离差平方和分组数据,将数据分组后，用于分析数据离散程度来源的两个统计量。组内离差平方和是每组数据的离差平方和的总和，反映各组内部数据的离散程度；组间离差平方和是各组平均数与总体平均数的差的平方乘以各组频数的总和，反映不同组之间数据的差异程度,"1. 理解组内、组间离差平方和的定义；
2. 能计算分组数据的组内、组间离差平方和；
3. 体会其在数据分组中的作用",https://cdn-private.sm.cn/souti-imgs-lasting/cover_gm_c411d9b848f2cf1110526cf205f7499f.jpg,https://cdn-private.sm.cn/souti-imgs-lasting/cover_gm_c411d9b848f2cf1110526cf205f7499f_compressed.jpg
数学,下册,初三,第二十六章 反比例函数,26.1.1,反比例函数,1,反比例函数的定义与解析式,概念定义类,定义与解析式,形如y=xk​（k为常数，k=0）的函数，x为自变量，用待定系数法，代入已知点坐标求k的值,1. 能说出反比例函数的定义；2. 会判断函数是否为反比例函数3. 能说出待定系数法的步骤；4. 会求反比例函数的解析式,https://cdn-private.sm.cn/souti-imgs-lasting/cover_gm_d377a10722736578e59138b1a4cdf74a.jpg,https://cdn-private.sm.cn/souti-imgs-lasting/cover_gm_d377a10722736578e59138b1a4cdf74a_compressed.jpg
数学,下册,初三,第二十六章 反比例函数,26.1.2,反比例函数,2,反比例函数的图象,方法 / 步骤类,反比例函数图象画法,用描点法画反比例函数的双曲线图象,1. 能说出描点法的步骤；2. 会画简单反比例函数的图象,https://cdn-private.sm.cn/souti-imgs-lasting/cover_gm_cde4483ac2a3ac3040146e1f376e8f39.jpg,https://cdn-private.sm.cn/souti-imgs-lasting/cover_gm_cde4483ac2a3ac3040146e1f376e8f39_compressed.jpg
数学,下册,初三,第二十六章 反比例函数,26.1.2,反比例函数,3,反比例函数的性质（k>0）,性质 / 定理类,反比例函数性质（k>0）,k>0时，图象位于一、三象限，在每个象限内y随x增大而减小,1. 能说出k>0时的性质；2. 会根据性质判断函数变化趋势,https://cdn-private.sm.cn/souti-imgs-lasting/cover_gm_cdcd45d52ebec5c94fae7936aef203f8.jpg,https://cdn-private.sm.cn/souti-imgs-lasting/cover_gm_cdcd45d52ebec5c94fae7936aef203f8_compressed.jpg
数学,下册,初三,第二十六章 反比例函数,26.1.2,反比例函数,4,反比例函数的性质（k<0）,性质 / 定理类,反比例函数性质（k<0）,k<0时，图象位于二、四象限，在每个象限内y随x增大而增大,1. 能说出k<0时的性质；2. 会根据性质判断函数变化趋势,https://cdn-private.sm.cn/souti-imgs-lasting/cover_gm_e622f1f2dd7784bf7925d3b185a1468c.jpg,https://cdn-private.sm.cn/souti-imgs-lasting/cover_gm_e622f1f2dd7784bf7925d3b185a1468c_compressed.jpg
数学,下册,初三,第二十六章 反比例函数,信息技术应用,反比例函数,5,探索反比例函数的对称性,实践探究类,反比例函数对称性,借助信息技术探究反比例函数图像对称特点，掌握中心对称、轴对称规律,1. 熟知反比例函数图像对称特征；2. 能利用对称性解题,https://cdn-private.sm.cn/souti-imgs-lasting/cover_gm_2c99b52e5ac1f766d3517d5822c7a370.jpg,https://cdn-private.sm.cn/souti-imgs-lasting/cover_gm_2c99b52e5ac1f766d3517d5822c7a370_compressed.jpg
数学,下册,初三,第二十六章 反比例函数,信息技术应用,反比例函数,6,|k | 值与反比例图像的关系,实践探究类,|k | 大小,反比例函数图像 借助信息技术探究 | k | 取值大小，对反比例函数图像弯曲程度以及分布情况产生的影响,1. 明确 | k | 大小和反比例函数图像之间的联系；2. 学会根据图像判断 | k | 的大小,https://cdn-private.sm.cn/souti-imgs-lasting/cover_gm_2684ae277740450596b721b0295d38bf.jpg,https://cdn-private.sm.cn/souti-imgs-lasting/cover_gm_2684ae277740450596b721b0295d38bf_compressed.jpg
数学,下册,初三,第二十六章 反比例函数,26.2,实际问题与反比例函数,7,反比例函数在实际问题中的应用,方法 / 步骤类,反比例函数的应用,根据实际问题中的等量关系，建立反比例函数关系,1. 能说出解决问题步骤；2. 会列简单反比例函数解决实际问题,https://cdn-private.sm.cn/souti-imgs-lasting/cover_gm_ccd467a92efb4f48c92a983414bce0f2.jpg,https://cdn-private.sm.cn/souti-imgs-lasting/cover_gm_ccd467a92efb4f48c92a983414bce0f2_compressed.jpg
数学,下册,初三,第二十七章 相似,27.1,相似三角形,1,相似图形的定义,概念定义类,相似图形定义,形状相同的图形叫做相似图形，大小不一定相同,1. 能说出相似图形的定义；2. 会判断两个图形是否相似,https://cdn-private.sm.cn/souti-imgs-lasting/cover_gm_af5a9fa385c2e397cc5a3367a1593832.jpg,https://cdn-private.sm.cn/souti-imgs-lasting/cover_gm_af5a9fa385c2e397cc5a3367a1593832_compressed.jpg
数学,下册,初三,第二十七章 相似,27.1,相似三角形,2,相似多边形与相似比,性质 / 定理类,相似多边形性质,对应角相等，对应边成比例，相似比为对应边的比,1. 能说出相似多边形的定义；2. 会用性质进行简单计算,https://cdn-private.sm.cn/souti-imgs-lasting/cover_gm_94469630911f675689548f95a666ffa8.jpg,https://cdn-private.sm.cn/souti-imgs-lasting/cover_gm_94469630911f675689548f95a666ffa8_compressed.jpg
数学,下册,初三,第二十七章 相似,27.2.1,相似三角形,3,相似三角形的定义,概念定义类,相似三角形定义,对应角相等，对应边成比例的三角形，相似比为对应边的比,1. 能说出相似三角形的定义；2. 会计算相似比,https://cdn-private.sm.cn/souti-imgs-lasting/cover_gm_3c2f76adf13b7045afb1ded720dcef67.jpg,https://cdn-private.sm.cn/souti-imgs-lasting/cover_gm_3c2f76adf13b7045afb1ded720dcef67_compressed.jpg
数学,下册,初三,第二十七章 相似,27.2.1,相似三角形,4,平行线分线段成比例,性质 / 定理类,平行线分线段成比例,两条直线被一组平行线所截，所得的对应线段成比例,1. 能说出定理内容；2. 会用定理判断线段是否成比例,https://cdn-private.sm.cn/souti-imgs-lasting/cover_gm_888e279af14b7b2ac5a321ddea84282c.jpg,https://cdn-private.sm.cn/souti-imgs-lasting/cover_gm_888e279af14b7b2ac5a321ddea84282c_compressed.jpg
数学,下册,初三,第二十七章 相似,27.2.1,相似三角形,5,平行线法判定相似三角形,判定方法类,相似三角形的判定定理（一）,平行于三角形一边的直线截其他两边，所得三角形与原三角形相似,1. 能说出判定定理；2. 会用该定理判定三角形相似,https://cdn-private.sm.cn/souti-imgs-lasting/cover_gm_984195d7b99b175fb40f8b105043769c.jpg,https://cdn-private.sm.cn/souti-imgs-lasting/cover_gm_984195d7b99b175fb40f8b105043769c_compressed.jpg
数学,下册,初三,第二十七章 相似,27.2.1,相似三角形,6,SSS判定相似三角形,判定方法类,相似三角形的判定定理（二）,三边成比例的两个三角形相似,1. 能说出判定定理；2. 会用三边成比例判定三角形相似,https://cdn-private.sm.cn/souti-imgs-lasting/cover_gm_10f71d6e382472c003fe3fbb8e4b7c44.jpg,https://cdn-private.sm.cn/souti-imgs-lasting/cover_gm_10f71d6e382472c003fe3fbb8e4b7c44_compressed.jpg
数学,下册,初三,第二十七章 相似,27.2.1,相似三角形,7,SAS判定相似三角形,判定方法类,相似三角形的判定定理（三）,两边成比例且夹角相等的两个三角形相似,1. 能说出判定定理；2. 会用该定理判定三角形相似,https://cdn-private.sm.cn/souti-imgs-lasting/cover_gm_32df9834e137219553a8d1076e30aa94.jpg,https://cdn-private.sm.cn/souti-imgs-lasting/cover_gm_32df9834e137219553a8d1076e30aa94_compressed.jpg
数学,下册,初三,第二十七章 相似,27.2.1,相似三角形,8,AA判定相似三角形,判定方法类,相似三角形的判定定理（四）,两角分别相等的两个三角形相似,1. 能说出判定定理；2. 会用两角相等判定三角形相似,https://cdn-private.sm.cn/souti-imgs-lasting/cover_gm_fc55f37daa6ba6381fb75bd2dc9e7056.jpg,https://cdn-private.sm.cn/souti-imgs-lasting/cover_gm_fc55f37daa6ba6381fb75bd2dc9e7056_compressed.jpg
数学,下册,初三,第二十七章 相似,27.2.2,相似三角形,9,相似三角形的性质（线/边/角）,性质 / 定理类,相似三角形性质（一）,相似三角形对应高、中线、角平分线的比等于相似比,1. 能说出性质；2. 会用性质进行线段长度计算,https://cdn-private.sm.cn/souti-imgs-lasting/cover_gm_ca41590041440ae1b83b0b3bd02045e3.jpg,https://cdn-private.sm.cn/souti-imgs-lasting/cover_gm_ca41590041440ae1b83b0b3bd02045e3_compressed.jpg
数学,下册,初三,第二十七章 相似,27.2.2,相似三角形,10,相似三角形的性质（周长）,性质 / 定理类,相似三角形性质（二）,相似三角形的周长比等于相似比,1. 能说出性质；2. 会用性质进行周长计算,https://cdn-private.sm.cn/souti-imgs-lasting/cover_gm_3502160b6d3ba679a6743ade5fb14e87.jpg,https://cdn-private.sm.cn/souti-imgs-lasting/cover_gm_3502160b6d3ba679a6743ade5fb14e87_compressed.jpg
数学,下册,初三,第二十七章 相似,27.2.2,相似三角形,11,相似三角形的性质 （面积）,性质 / 定理类,相似三角形性质（三）,相似三角形的面积比等于相似比的平方,1. 能说出性质；2. 会用性质进行面积计算,https://cdn-private.sm.cn/souti-imgs-lasting/cover_gm_af8d752c4e097c8e2f3e983b85cf7a44.jpg,https://cdn-private.sm.cn/souti-imgs-lasting/cover_gm_af8d752c4e097c8e2f3e983b85cf7a44_compressed.jpg
数学,下册,初三,第二十七章 相似,27.2.3,相似三角形,12,相似三角形应用举例,方法 / 步骤类,相似三角形的应用,利用相似三角形解决实际测量、计算问题,1. 能说出应用的基本思路；2. 会用相似三角形解决简单实际问题,https://cdn-private.sm.cn/souti-imgs-lasting/cover_gm_8fc7b045ab89fdef16546953b305ff1c.jpg,https://cdn-private.sm.cn/souti-imgs-lasting/cover_gm_8fc7b045ab89fdef16546953b305ff1c_compressed.jpg
数学,下册,初三,第二十七章 相似,27.3,位似,13,位似图形的定义与性质,概念定义类 / 性质定理类,位似图形定义、位似图形性质,两个图形不仅相似，且对应顶点连线相交于一点，对应边平行；位似图形上任意一对对应点到位似中心的距离之比等于位似比,1. 能说出位似图形的定义；2. 会判断两个图形是否位似；3. 会利用性质进行计算,https://cdn-private.sm.cn/souti-imgs-lasting/cover_gm_bf545aa899220c6d8b7df49019ec9221.jpg,https://cdn-private.sm.cn/souti-imgs-lasting/cover_gm_bf545aa899220c6d8b7df49019ec9221_compressed.jpg
数学,下册,初三,第二十七章 相似,27.3,位似,14,图形的放大与缩小,方法 / 步骤类,位似图形画法,以某点为位似中心，按一定比例放大或缩小图形,1. 能说出位似图形的画法步骤；2. 会画简单的位似图形,https://cdn-private.sm.cn/souti-imgs-lasting/cover_gm_e21a221b752c7a4593678b7bccbe65ba.jpg,https://cdn-private.sm.cn/souti-imgs-lasting/cover_gm_e21a221b752c7a4593678b7bccbe65ba_compressed.jpg
数学,下册,初三,第二十七章 相似,27.3,位似,15,位似图形的坐标表示,性质 / 定理类,坐标系中的位似变换,以原点为位似中心，相似比为k，对应点坐标为原坐标的k或−k倍,1. 能说出坐标变化规律；2. 会求位似变换后点的坐标,https://cdn-private.sm.cn/souti-imgs-lasting/cover_gm_309c4c8e4c356481725358910061019a.jpg,https://cdn-private.sm.cn/souti-imgs-lasting/cover_gm_309c4c8e4c356481725358910061019a_compressed.jpg
数学,下册,初三,第二十八章 锐角三角函数,28.1,锐角三角函数,1,正弦、余弦、正切的概念及计算,概念定义类,正弦的定义、余弦的定义、正切的定义,掌握正弦值、余弦值、正切值的计算方法,1. 能说出正弦、余弦、正切的定义；2. 会计算锐角的正弦值、余弦值、正切值。,https://cdn-private.sm.cn/souti-imgs-lasting/cover_gm_b15f8386185a7fdc8fc7fe961817f048.jpg,https://cdn-private.sm.cn/souti-imgs-lasting/cover_gm_b15f8386185a7fdc8fc7fe961817f048_compressed.jpg
数学,下册,初三,第二十八章 锐角三角函数,28.1,锐角三角函数,2,常见特殊角的三角函数值,性质 / 定理类,特殊角三角函数值,掌握 30°、45°、60° 角的正弦、余弦、正切值,1. 能说出特殊角的三角函数值；2. 会利用特殊值进行计算,https://cdn-private.sm.cn/souti-imgs-lasting/cover_gm_41037a3d59cd7049e1412bfa901a77a3.jpg,https://cdn-private.sm.cn/souti-imgs-lasting/cover_gm_41037a3d59cd7049e1412bfa901a77a3_compressed.jpg
数学,下册,初三,第二十八章 锐角三角函数,28.1,锐角三角函数,3,用计算器求锐角三角函数值,方法 / 步骤类,用计算器求三角函数值,掌握用计算器求锐角三角函数值及由值求锐角的方法,1. 能说出操作步骤；2. 会用计算器进行相关计算,https://cdn-private.sm.cn/souti-imgs-lasting/cover_gm_393df7ce6df3dad2d7cfb33e84bebc8d.jpg,https://cdn-private.sm.cn/souti-imgs-lasting/cover_gm_393df7ce6df3dad2d7cfb33e84bebc8d_compressed.jpg
数学,下册,初三,第二十八章 锐角三角函数,28.2.1,解直角三角形及其应用,4,解直角三角形,概念定义类,解直角三角形定义和依据,勾股定理、两锐角互余、锐角三角函数关系,1. 能说出解直角三角形的定义；2. 能说出解直角三角形的依据；3. 会选择合适的依据解题,https://cdn-private.sm.cn/souti-imgs-lasting/cover_gm_f59df7060cd65e82805f2fa0b8bf155f.jpg,https://cdn-private.sm.cn/souti-imgs-lasting/cover_gm_f59df7060cd65e82805f2fa0b8bf155f_compressed.jpg
数学,下册,初三,第二十八章 锐角三角函数,数学活动,解直角三角形及其应用,5,解直角三角形之仰角、俯角问题,概念定义类,仰角俯角定义,视线在水平线上方的角为仰角，下方的为俯角，用于测量问题,1. 能说出仰角俯角的定义；2. 会用解直角三角形解决仰角俯角问题,https://cdn-private.sm.cn/souti-imgs-lasting/cover_gm_01da49fa70219b00abbf60d978ab1966.jpg,https://cdn-private.sm.cn/souti-imgs-lasting/cover_gm_01da49fa70219b00abbf60d978ab1966_compressed.jpg
数学,下册,初三,第二十八章 锐角三角函数,28.2,解直角三角形及其应用,6,解直角三角形之方向角问题,概念定义类,直角三角形方向,以正南、正北为基准描述方位（北偏东 / 南偏西等），多用于航海测距，依托双直角三角形拆分解题（如例题：海轮从北偏东 65° 航行至南偏东 34°，分段用三角函数求边长）,1. 掌握方向角方位描述规则；2. 能拆分直角三角形，利用三角函数求解航海类方向角应用题,https://cdn-private.sm.cn/souti-imgs-lasting/cover_gm_fe10abadc45882d5874ca5fa77ac74b9.jpg,https://cdn-private.sm.cn/souti-imgs-lasting/cover_gm_fe10abadc45882d5874ca5fa77ac74b9_compressed.jpg
数学,下册,初三,第二十八章 锐角三角函数,阅读与思考,解直角三角形及其应用,7,解直角三角形之坡度、坡角问题,概念定义类,坡度坡角定义,坡面的垂直高度与水平宽度的比为坡度，坡面与水平面的夹角为坡角,1. 能说出坡度坡角的定义；2. 会用解直角三角形解决坡度问题,https://cdn-private.sm.cn/souti-imgs-lasting/cover_gm_c3838e810f8e4d37ac1b098315dd2661.jpg,https://cdn-private.sm.cn/souti-imgs-lasting/cover_gm_c3838e810f8e4d37ac1b098315dd2661_compressed.jpg
数学,下册,初三,第二十九章 投影与视图,29.1,投影,1,平行投影的定义与性质,性质 / 定理类,投影定义、平行投影性质,投影定义，中心投影:由同一点发出的光线形成的投影，如灯光下的影子，投影线交于一点,1. 能说出投影的定义；2. 会判断中心投影,https://cdn-private.sm.cn/souti-imgs-lasting/cover_gm_76b47dd318b061b00d88f8a5ceb30177.jpg,https://cdn-private.sm.cn/souti-imgs-lasting/cover_gm_76b47dd318b061b00d88f8a5ceb30177_compressed.jpg
数学,下册,初三,第二十九章 投影与视图,29.1,投影,2,中心投影的定义与性质,性质 / 定理类,中心投影性质,由同一点发出的光线形成的投影，如灯光下的影子，投影线交于一点,1. 能说出中心投影的定义；2. 会判断中心投影,https://cdn-private.sm.cn/souti-imgs-lasting/cover_gm_ec9429c5b8a8528f8f2767fae2348096.jpg,https://cdn-private.sm.cn/souti-imgs-lasting/cover_gm_ec9429c5b8a8528f8f2767fae2348096_compressed.jpg
数学,下册,初三,第二十九章 投影与视图,29.1,投影,3,正投影的定义与性质,性质 / 定理类,正投影性质,投影线垂直于投影面产生的投影，物体的正投影与物体形状有关,1. 能说出正投影的定义；2. 会判断物体的正投影形状,https://cdn-private.sm.cn/souti-imgs-lasting/cover_gm_503bbf20dbc237c6db9d869e05ae7629.jpg,https://cdn-private.sm.cn/souti-imgs-lasting/cover_gm_503bbf20dbc237c6db9d869e05ae7629_compressed.jpg
数学,下册,初三,第二十九章 投影与视图,29.2,三视图,4,三视图的定义,概念定义类,三视图定义,主视图、俯视图、左视图的统称，分别从正面、上面、左面看物体得到的视图,1. 能说出三视图的定义；2. 会识别简单几何体的三视图,https://cdn-private.sm.cn/souti-imgs-lasting/cover_gm_09398cdfe11ebd8ac05072738a02f779.jpg,https://cdn-private.sm.cn/souti-imgs-lasting/cover_gm_09398cdfe11ebd8ac05072738a02f779_compressed.jpg
数学,下册,初三,第二十九章 投影与视图,29.2,三视图,5,三视图的画法规则,方法 / 步骤类,三视图画法规则,长对正、高平齐、宽相等,1. 能说出三视图的画法规则；2. 会根据规则画简单几何体的三视图,https://cdn-private.sm.cn/souti-imgs-lasting/cover_gm_dc9c100b2a0cc5ac6f94c3d2316757b6.jpg,https://cdn-private.sm.cn/souti-imgs-lasting/cover_gm_dc9c100b2a0cc5ac6f94c3d2316757b6_compressed.jpg
数学,下册,初三,第二十九章 投影与视图,29.2,三视图,6,由三视图还原几何体,方法 / 步骤类,由三视图还原几何体,根据三视图的形状，想象几何体的形状，还原立体图形,1. 能说出还原步骤；2. 会根据简单三视图还原几何体,https://cdn-private.sm.cn/souti-imgs-lasting/cover_gm_2661fcf1ed297a41d129017434d9f5a7.jpg,https://cdn-private.sm.cn/souti-imgs-lasting/cover_gm_2661fcf1ed297a41d129017434d9f5a7_compressed.jpg
