guid（新生产链路）,ID（旧生产链路）,学科,年级,册次,章节,课程名称,内容类型,一句话介绍,url,其它tab,,钩子·确认版,学名·确认版,url·确认版,封面压图压缩前url,封面压图压缩后url
49e293ca8b304948a186001ca6558ba4,,妙题高招,,,,"""一问三不知""中的""三不知""指的是？ A. 不知道、不清楚、不了解 B. 不知事情的开始、经过、结果 C. 不知天文、地理、人事 D. 不知过去、现在、未来",,,https://image.quark.cn/s/uae/g/8r/assets/mentorx/0425/49e293ca8b304948a186001ca6558ba4.png,妙题高招,,问什么都摇头,文史趣闻《一问三不知》,https://cdn-private.sm.cn/souti-imgs-lasting/cover_gm_6e4d4594f68aaa768901ad17571f1ef8.jpg,https://cdn-private.sm.cn/souti-imgs-lasting/0bf731071075fe0a6d07e52c0c9826a2.png,https://cdn-private.sm.cn/souti-imgs-lasting/0bf731071075fe0a6d07e52c0c9826a2.jpg
ffca3d2b556141e6ba88a422e3c5be4e,,妙题高招,,,,"""买东西""为什么不叫""买南北""? A. 东西比南北好听 B. 五行中东属木、西属金可装入篮中，南属火、北属水不可 C. 古代市场在东西方向 D. B和C都有此说法",,,https://image.quark.cn/s/uae/g/8r/assets/mentorx/0425/ffca3d2b556141e6ba88a422e3c5be4e.png,妙题高招,,,,
d3c1e63cead44b8b8ccb55b99aa728a5,,妙题高招,,,,"""人不为己，天诛地灭""中""为""的正确读音和含义是？ A. wèi，为了自己 B. wéi，修为/修养自己 C. wèi，保护自己 D. wéi，做自己",,,https://image.quark.cn/s/uae/g/8r/assets/mentorx/0425/d3c1e63cead44b8b8ccb55b99aa728a5.png,妙题高招,,"""为己""竟不是自私？",文史趣闻《人不为己》,https://cdn-private.sm.cn/souti-imgs-lasting/cover_gm_68ed6ed3b0379f999198500532b1c750.jpg,https://cdn-private.sm.cn/souti-imgs-lasting/8a2db073555f1ba0c958a588d0885187.png,https://cdn-private.sm.cn/souti-imgs-lasting/8a2db073555f1ba0c958a588d0885187.jpg
bfec6798a8a84b708f422951cf406bcf,,妙题高招,,,,"""赶鸭子上架""为什么用鸭子而不是鸡? A. 鸭子比鸡笨 B. 鸭子脚蹼不适合抓握，无法上架 C. 鸭子太重 D. 鸭子不听话",,,https://image.quark.cn/s/uae/g/8r/assets/mentorx/0425/bfec6798a8a84b708f422951cf406bcf.png,妙题高招,,鸭子为什么上不了架？,科普冷知识《赶鸭子上架》,https://cdn-private.sm.cn/souti-imgs-lasting/cover_gm_7cca00c01b95a79426c1285273dcc437.jpg,https://cdn-private.sm.cn/souti-imgs-lasting/5864dd0cf8fe9b700b958e374186ab01.png,https://cdn-private.sm.cn/souti-imgs-lasting/5864dd0cf8fe9b700b958e374186ab01.jpg
2760f37844c24d9c916266000b506755,,妙题高招,,,,$$\bigcirc \div 4 = \bigcirc - 39$$ ，求 $$\bigcirc$$,,,https://image.quark.cn/s/uae/g/8r/assets/mentorx/0425/2760f37844c24d9c916266000b506755.png,妙题高招,,,,
4bf70c501de848be9fa1657ce14c89f8,,妙题高招,,,,$$\frac{a}{3} = \frac{b}{4} = \frac{c}{5} = \frac{2025}{2026}$$  $$\frac{a+b+c}{a+b-c} = \underline{\quad\quad\quad}?$$,,,https://image.quark.cn/s/uae/g/8r/assets/mentorx/0425/4bf70c501de848be9fa1657ce14c89f8.png,妙题高招,,,,
355435b5ca8b43bf802efa3bc33dd4f0,,妙题高招,,,,$1\times2\times3\times4\times\cdots\times2026$ 的结果末尾有多少个连续的0？,,,https://image.quark.cn/s/uae/g/8r/assets/mentorx/0425/355435b5ca8b43bf802efa3bc33dd4f0.png,妙题高招,,,,
102b88ebb29f452d922c8f9e9e5da85b,,妙题高招,,,,$a^2 + 25 = 5a$  求：$a^3 =$ ______,,,https://image.quark.cn/s/uae/g/8r/assets/mentorx/0425/102b88ebb29f452d922c8f9e9e5da85b.png,妙题高招,,,,
9817b77a018d41a99fa7bd3499618c3a,,妙题高招,,,,"1932年，清华大学招生试题中有一道对对子题，上联""孙行者""，下面下联中最合适的是： A. 祖冲之 B. 周作人 C. 郁达夫 D. 唐三藏",,,https://image.quark.cn/s/uae/g/8r/assets/mentorx/0425/9817b77a018d41a99fa7bd3499618c3a.png,妙题高招,,,,
5d31bce49bdc46959b720250bd8ee616,,妙题高招,,,,22本书轮流拿，每次拿1-5本，保证最后一次是你拿的必胜策略！,,,https://image.quark.cn/s/uae/g/8r/assets/mentorx/0425/5d31bce49bdc46959b720250bd8ee616.png,妙题高招,,怎么拿，稳赢最后一本？,趣味逻辑《拿书必胜》,https://cdn-private.sm.cn/souti-imgs-lasting/cover_gm_57edc5af10e1da79753b3e2c45d6c2c3.jpg,https://cdn-private.sm.cn/souti-imgs-lasting/d869ab805de9acef55e98bfc4add08ae.png,https://cdn-private.sm.cn/souti-imgs-lasting/d869ab805de9acef55e98bfc4add08ae.jpg
8732a847fbf8484c855bb2baf0dfc7cf,,妙题高招,,,,5×7巧克力全部掰成1×1小块，到底要掰几下？,,,https://image.quark.cn/s/uae/g/8r/assets/mentorx/0425/8732a847fbf8484c855bb2baf0dfc7cf.png,妙题高招,,,,
1f66277c4aeb4a35b594916e285f9b6c,,妙题高招,,,,“三寸不烂之舌”指的是谁？ A. 管仲 B. 毛遂 C. 诸葛亮 D. 苏秦,,,https://image.quark.cn/s/uae/g/8r/assets/mentorx/0425/1f66277c4aeb4a35b594916e285f9b6c.png,妙题高招,,会说话，也是真本事,文史趣闻《三寸不烂之舌》,https://cdn-private.sm.cn/souti-imgs-lasting/cover_gm_7d8b13378c4d561a0eae853e4406a6bf.jpg,https://cdn-private.sm.cn/souti-imgs-lasting/54d2c25c7ed7b1840339fa7ad1dabbe3.png,https://cdn-private.sm.cn/souti-imgs-lasting/54d2c25c7ed7b1840339fa7ad1dabbe3.jpg
26bf8df9c7e94126aa106ea91dfbbbef,,妙题高招,,,,“冬天麦盖三层被，来年枕着馒头睡”描述的是哪种天气的积极作用 A. 降雪  B. 霜冻,,,https://image.quark.cn/s/uae/g/8r/assets/mentorx/0425/26bf8df9c7e94126aa106ea91dfbbbef.png,妙题高招,,雪盖麦田，是好事？,科普冷知识《麦盖三层被》,https://cdn-private.sm.cn/souti-imgs-lasting/cover_gm_f0f51a3457b5a941e7e19673268dc3de.jpg,https://cdn-private.sm.cn/souti-imgs-lasting/4a767135d65bea9388b4f8733b056ad0.png,https://cdn-private.sm.cn/souti-imgs-lasting/4a767135d65bea9388b4f8733b056ad0.jpg
5140628ed98a49eaa998f44f6738f704,,妙题高招,,,,“十八般武艺”最初指的是什么？ A. 使用十八种兵器的技能 B. 十八种武术动作 C. 十八种武功 D. 十八个武林人物,,,https://image.quark.cn/s/uae/g/8r/assets/mentorx/0425/5140628ed98a49eaa998f44f6738f704.png,妙题高招,,真功夫，是练出来的,文史趣闻《十八般武艺》,https://cdn-private.sm.cn/souti-imgs-lasting/cover_gm_eaa8751e4d56fea332b3eea0ec7ba59c.jpg,https://cdn-private.sm.cn/souti-imgs-lasting/82dc236f4bf11ea7f511d25d87e560ae.png,https://cdn-private.sm.cn/souti-imgs-lasting/82dc236f4bf11ea7f511d25d87e560ae.jpg
ab0ce56184b1441084d3fda2453cc321,,妙题高招,,,,“舍不得孩子套不住狼”中孩子原本指？ A. 猎物 B. 小红帽 C. 鞋子 D. 小孩,,,https://image.quark.cn/s/uae/g/8r/assets/mentorx/0425/ab0ce56184b1441084d3fda2453cc321.png,妙题高招,,想得到，先得舍得,文史趣闻《套不住狼》,https://cdn-private.sm.cn/souti-imgs-lasting/cover_gm_18c27441d2ed8a22efb6de5328daf906.jpg,https://cdn-private.sm.cn/souti-imgs-lasting/2f0fc503d26bb571a60428f74bb0deb4.png,https://cdn-private.sm.cn/souti-imgs-lasting/2f0fc503d26bb571a60428f74bb0deb4.jpg
013ee405ef7b47bcac168b43f3b5ec1a,,妙题高招,,,,《过零丁洋》里，“干戈寥落四周星”中的“四周星”指的是（ ）。 A. 四年的时光 B. 四周的天空 C. 四面的星星 D. 四边的流星,,,https://image.quark.cn/s/uae/g/8r/assets/mentorx/0425/013ee405ef7b47bcac168b43f3b5ec1a.png,妙题高招,,"""四周星""是星星吗？",文史趣闻《过零丁洋》,https://cdn-private.sm.cn/souti-imgs-lasting/cover_gm_9dd41a6ae22ae4549984093bb3ffb581.jpg,https://cdn-private.sm.cn/souti-imgs-lasting/866f53a0ada58f57f75c27300e115574.png,https://cdn-private.sm.cn/souti-imgs-lasting/866f53a0ada58f57f75c27300e115574.jpg
94c9e87f72de43db9d56d8bd2c346122,,妙题高招,,,,一个字盯久了就不认识了？,,,https://image.quark.cn/s/uae/g/8r/assets/mentorx/0425/94c9e87f72de43db9d56d8bd2c346122.png,妙题高招,,不是你笨，是脑子累了,科普冷知识《字看久了》,https://cdn-private.sm.cn/souti-imgs-lasting/cover_gm_eda6f693a89ffc22b557a10e76ee298a.jpg,https://cdn-private.sm.cn/souti-imgs-lasting/049accd489d2d66f88b1c4b9afa0ba84.png,https://cdn-private.sm.cn/souti-imgs-lasting/049accd489d2d66f88b1c4b9afa0ba84.jpg
86124bfae046462aa5c15399648c6a67,,妙题高招,,,,一个数，在末尾添加一个0后， 比原数增加了18234，那原数是？,,,https://image.quark.cn/s/uae/g/8r/assets/mentorx/0425/86124bfae046462aa5c15399648c6a67.png,妙题高招,,数字的小魔术,趣味逻辑《末尾添个0》,https://cdn-private.sm.cn/souti-imgs-lasting/cover_gm_0d29a33ee25fd06272fe7217f08a96d1.jpg,https://cdn-private.sm.cn/souti-imgs-lasting/3a27a9f753bc29fe4d5c33e36d760f76.png,https://cdn-private.sm.cn/souti-imgs-lasting/3a27a9f753bc29fe4d5c33e36d760f76.jpg
2fe494596b4249189fa3770da4d745f2,,妙题高招,,,,一只烤鸭，甲买差60元，乙买差45元，丙买差40元，三个人一共140元，烤鸭多少钱？,,,https://image.quark.cn/s/uae/g/8r/assets/mentorx/0425/2fe494596b4249189fa3770da4d745f2.png,妙题高招,,,,
e818044834c144deacac501d4a28d786,,妙题高招,,,,一张纸对折42次后，厚度大约有多少？ A. 大约1米高 B. 大约一栋楼高（30米） C. 大约珠穆朗玛峰那么高 D. 大约从地球到月球的距离,,,https://image.quark.cn/s/uae/g/8r/assets/mentorx/0425/e818044834c144deacac501d4a28d786.png,妙题高招,,,,
849be172c45045b2afc44dd686c7e606,,妙题高招,,,,一条裙子进价50元，卖70元，收了一百元假币。 问：老板赔了多少钱？,,,https://image.quark.cn/s/uae/g/8r/assets/mentorx/0425/849be172c45045b2afc44dd686c7e606.png,妙题高招,,,,
714a0b0209fa4acc9674d0bee4feec28,,妙题高招,,,,三张卡片分别写着2、1、6，能排成被43整除的整数吗？,,,https://image.quark.cn/s/uae/g/8r/assets/mentorx/0425/714a0b0209fa4acc9674d0bee4feec28.png,妙题高招,,,,
583ca22c3a1a4743b9a4c122c00e63b1,,妙题高招,,,,两数之和是78，两数之差是14， 这两个数是多少？,,,https://image.quark.cn/s/uae/g/8r/assets/mentorx/0425/583ca22c3a1a4743b9a4c122c00e63b1.png,妙题高招,,一加一减，两数现身,趣味逻辑《和差之谜》,https://cdn-private.sm.cn/souti-imgs-lasting/cover_gm_31dcfec7432783586d1f34ef9f4ef668.jpg,https://cdn-private.sm.cn/souti-imgs-lasting/e1247ac2b8182b3be10287c9de7947f7.png,https://cdn-private.sm.cn/souti-imgs-lasting/e1247ac2b8182b3be10287c9de7947f7.jpg
1f6c77442e0643cda879a12417cc4373,,妙题高招,,,,中心重叠的正方形，总面积怎么算？,,,https://image.quark.cn/s/uae/g/8r/assets/mentorx/0425/1f6c77442e0643cda879a12417cc4373.png,妙题高招,,,,
5bfd6ee593194ad782c184a2a92b0d67,,妙题高招,,,,为什么冰块会浮在水面上？,,,https://image.quark.cn/s/uae/g/8r/assets/mentorx/0425/5bfd6ee593194ad782c184a2a92b0d67.png,妙题高招,,冰为什么不沉下去？,科普冷知识《冰块为何浮》,https://cdn-private.sm.cn/souti-imgs-lasting/cover_gm_feadaa0c97c6dcb037043f125d57fffe.jpg,https://cdn-private.sm.cn/souti-imgs-lasting/e13fc73fb70128e96262967abff96dd0.png,https://cdn-private.sm.cn/souti-imgs-lasting/e13fc73fb70128e96262967abff96dd0.jpg
f503fd11a5a649b5acd832aeb3ac2d17,,妙题高招,,,,为什么叫“房东”不叫“房西”（ ）？ A. 最早出租房子的人姓东 B. 原为“房董”后讹误 C. 古代房屋主人都住东边屋子 D. 因为“房西”不顺口,,,https://image.quark.cn/s/uae/g/8r/assets/mentorx/0425/f503fd11a5a649b5acd832aeb3ac2d17.png,妙题高招,,"为什么是""东""不是""西""？",文史趣闻《房东房西》,https://cdn-private.sm.cn/souti-imgs-lasting/cover_gm_a96ad31e8c799dc04bef76005bec3614.jpg,https://cdn-private.sm.cn/souti-imgs-lasting/bd1913af8942fba01c49b068f43ead0d.png,https://cdn-private.sm.cn/souti-imgs-lasting/bd1913af8942fba01c49b068f43ead0d.jpg
74cd70300c754d47b0843a134ef59be6,,妙题高招,,,,为什么用“学富五车”形容饱学之士？ A. 五车竹简书指很多书 B. 五车是古代很有学问的一人 C. 一个人写的书有五辆车那么大,,,https://image.quark.cn/s/uae/g/8r/assets/mentorx/0425/74cd70300c754d47b0843a134ef59be6.png,妙题高招,,五车装的是什么书？,文史趣闻《学富五车》,https://cdn-private.sm.cn/souti-imgs-lasting/cover_gm_624cf2aef1bd6df29db39f723fd1b1d4.jpg,https://cdn-private.sm.cn/souti-imgs-lasting/3b18b45eb666981b1a8b52c1e7ec5088.png,https://cdn-private.sm.cn/souti-imgs-lasting/3b18b45eb666981b1a8b52c1e7ec5088.jpg
a89d2136ed6f41e6b86d449c4fc554c4,,妙题高招,,,,为什么非洲人头发都卷卷的？,,,https://image.quark.cn/s/uae/g/8r/assets/mentorx/0425/a89d2136ed6f41e6b86d449c4fc554c4.png,妙题高招,,卷发，能挡烈日,科普冷知识《头发为啥卷》,https://cdn-private.sm.cn/souti-imgs-lasting/cover_gm_219567e5511be961cda6c56660f5a503.jpg,https://cdn-private.sm.cn/souti-imgs-lasting/a19d4158b4b45a2cddfa3bc7ecd81dc1.png,https://cdn-private.sm.cn/souti-imgs-lasting/a19d4158b4b45a2cddfa3bc7ecd81dc1.jpg
d9fc7812fc4044929bf0d3f2253b94d1,,妙题高招,,,,为什么鸡会吃沙粒？,,,https://image.quark.cn/s/uae/g/8r/assets/mentorx/0425/d9fc7812fc4044929bf0d3f2253b94d1.png,妙题高招,,鸡为什么要吞沙子？,科普冷知识《鸡为啥吃沙》,https://cdn-private.sm.cn/souti-imgs-lasting/cover_gm_885fc2867e5cab1ce73e01efba98cdd8.jpg,https://cdn-private.sm.cn/souti-imgs-lasting/8b8db794a6712306c6c158ea1cc991d9.png,https://cdn-private.sm.cn/souti-imgs-lasting/8b8db794a6712306c6c158ea1cc991d9.jpg
043c3614cc82460696b18cf0480c908d,,妙题高招,,,,人不能看到空气，鱼能看到水吗？,,,https://image.quark.cn/s/uae/g/8r/assets/mentorx/0425/043c3614cc82460696b18cf0480c908d.png,妙题高招,,鱼能看见水吗？,科普冷知识《鱼能看到水》,https://cdn-private.sm.cn/souti-imgs-lasting/cover_gm_0ff284ad2093773e9a8eb914b08fa85d.jpg,https://cdn-private.sm.cn/souti-imgs-lasting/2800a0ebc495371cfbb27ee5fbaa91d0.png,https://cdn-private.sm.cn/souti-imgs-lasting/2800a0ebc495371cfbb27ee5fbaa91d0.jpg
775b172e08404839a9ce5492b1110fc5,,妙题高招,,,,人在空腹时不宜吃（） A. 草莓 B. 香蕉 C. 橙子 D. 苹果,,,https://image.quark.cn/s/uae/g/8r/assets/mentorx/0425/775b172e08404839a9ce5492b1110fc5.png,妙题高招,,空着肚子，能随便吃？,科普冷知识《空腹别乱吃》,https://cdn-private.sm.cn/souti-imgs-lasting/cover_gm_182c7450d102c9955c7ef90718499c13.jpg,https://cdn-private.sm.cn/souti-imgs-lasting/10338d2682f8a6be496cf55bd582eac3.png,https://cdn-private.sm.cn/souti-imgs-lasting/10338d2682f8a6be496cf55bd582eac3.jpg
b2d3c9784cf44ed0bc6b1e64bec86a8e,,妙题高招,,,,什么情况下5大于0，0大于2，2大于5？,,,https://image.quark.cn/s/uae/g/8r/assets/mentorx/0425/b2d3c9784cf44ed0bc6b1e64bec86a8e.png,妙题高招,,一物降一物,趣味逻辑《剪刀石头布》,https://cdn-private.sm.cn/souti-imgs-lasting/cover_gm_b5e4fb0044bd8e26d0ca6d1bfcd76e00.jpg,https://cdn-private.sm.cn/souti-imgs-lasting/8be6a1802b4a95b9dc3202c6ce084d7b.png,https://cdn-private.sm.cn/souti-imgs-lasting/8be6a1802b4a95b9dc3202c6ce084d7b.jpg
724982759a5f4882ba6a08bc583dfcd1,,妙题高招,,,,价格陷阱：先涨价10%， 又降价10%。 亏了吗？,,,https://image.quark.cn/s/uae/g/8r/assets/mentorx/0425/724982759a5f4882ba6a08bc583dfcd1.png,妙题高招,,小心数字里的套路,趣味逻辑《价格陷阱》,https://cdn-private.sm.cn/souti-imgs-lasting/cover_gm_6d87fbc44ecb6c4bef26aee5869f1a15.jpg,https://cdn-private.sm.cn/souti-imgs-lasting/4f37530f40e62e4fca3365e3669bbf8c.png,https://cdn-private.sm.cn/souti-imgs-lasting/4f37530f40e62e4fca3365e3669bbf8c.jpg
83995467c43342a7a30c7ced8c94643e,,妙题高招,,,,你在理发店剪掉的头发，最后都去了哪里？真会被用来做酱油吗？,,,https://image.quark.cn/s/uae/g/8r/assets/mentorx/0425/83995467c43342a7a30c7ced8c94643e.png,妙题高招,,剪掉的头发去哪了？,科普冷知识《头发去哪了》,https://cdn-private.sm.cn/souti-imgs-lasting/cover_gm_a6e0d8342df81138c0c84dd4e6c6aafd.jpg,https://cdn-private.sm.cn/souti-imgs-lasting/a2c287e871c1ad19337536e225485f9e.png,https://cdn-private.sm.cn/souti-imgs-lasting/a2c287e871c1ad19337536e225485f9e.jpg
ee696e2c4ba64356a2b018f9cda1baac,,妙题高招,,,,古代有没有身份证？,,,https://image.quark.cn/s/uae/g/8r/assets/mentorx/0425/ee696e2c4ba64356a2b018f9cda1baac.png,妙题高招,,古人也有身份证？,文史趣闻《古代身份证》,https://cdn-private.sm.cn/souti-imgs-lasting/cover_gm_7548746aa4b40519d1c433c1097ac873.jpg,https://cdn-private.sm.cn/souti-imgs-lasting/34550c0f6339643b7106ef6bf761d3d2.png,https://cdn-private.sm.cn/souti-imgs-lasting/34550c0f6339643b7106ef6bf761d3d2.jpg
d8ed220959704225bf63b54504cb5949,,妙题高招,,,,吸人血的公蚊子还是母蚊子？,,,https://image.quark.cn/s/uae/g/8r/assets/mentorx/0425/d8ed220959704225bf63b54504cb5949.png,妙题高招,,吸血的是公蚊还是母蚊？,科普冷知识《蚊子吸血》,https://cdn-private.sm.cn/souti-imgs-lasting/cover_gm_833b14f47ad72069749fd20bce8157a0.jpg,https://cdn-private.sm.cn/souti-imgs-lasting/214d72056cb9dd8c43d8b163e98675ed.png,https://cdn-private.sm.cn/souti-imgs-lasting/214d72056cb9dd8c43d8b163e98675ed.jpg
108e4089a6794529b11ae17815265bf9,,妙题高招,,,,哪种动物是海洋中的“歌唱家”，以歌声吸引伴侣? A. 海豚 B. 海狮 C. 座头鲸 D. 海龟,,,https://image.quark.cn/s/uae/g/8r/assets/mentorx/0425/108e4089a6794529b11ae17815265bf9.png,妙题高招,,谁是海里的歌唱家？,科普冷知识《海洋歌唱家》,https://cdn-private.sm.cn/souti-imgs-lasting/cover_gm_1ccc301f8e69658078efc9eb9d692dd5.jpg,https://cdn-private.sm.cn/souti-imgs-lasting/ea86e1321312fa58e9029902c3eae116.png,https://cdn-private.sm.cn/souti-imgs-lasting/ea86e1321312fa58e9029902c3eae116.jpg
39b6a4b3805d4815853fd71e9f38e3de,,妙题高招,,,,哪种鱼以其改变性别的能力而闻名？ A. 蛙鱼  B. 海马 C. 金鱼  D. 小丑鱼,,,https://image.quark.cn/s/uae/g/8r/assets/mentorx/0425/39b6a4b3805d4815853fd71e9f38e3de.png,妙题高招,,会变性的鱼,科普冷知识《变性别的鱼》,https://cdn-private.sm.cn/souti-imgs-lasting/cover_gm_47873fa5a7691659710bee68c1d4f9e9.jpg,https://cdn-private.sm.cn/souti-imgs-lasting/e0fcbca1f949e37b0d9c6755873e897f.png,https://cdn-private.sm.cn/souti-imgs-lasting/e0fcbca1f949e37b0d9c6755873e897f.jpg
c457fd319d164c1e90385f2c06148760,,妙题高招,,,,在水中漂浮的母鸡下了个蛋，鸡蛋沉底后水面是升是降还是不变？,,,https://image.quark.cn/s/uae/g/8r/assets/mentorx/0425/c457fd319d164c1e90385f2c06148760.png,妙题高招,,蛋沉底，水面升还降？,趣味逻辑《水面升降》,https://cdn-private.sm.cn/souti-imgs-lasting/cover_gm_28cc7582b065c718351f49634d08e950.jpg,https://cdn-private.sm.cn/souti-imgs-lasting/e4ee44b5780f64ca1036e7427811cc01.png,https://cdn-private.sm.cn/souti-imgs-lasting/e4ee44b5780f64ca1036e7427811cc01.jpg
42d0fff1424f43bc88607ea7d3708f4c,,妙题高招,,,,奇怪，消失的1元钱去哪了？,,,https://image.quark.cn/s/uae/g/8r/assets/mentorx/0425/42d0fff1424f43bc88607ea7d3708f4c.png,妙题高招,,1块钱凭空没了？,趣味逻辑《消失的1元》,https://cdn-private.sm.cn/souti-imgs-lasting/cover_gm_79bda9f0f897e7e004af35ea49d1d237.jpg,https://cdn-private.sm.cn/souti-imgs-lasting/7bae2ea4e77ad145e773c5363def60f3.png,https://cdn-private.sm.cn/souti-imgs-lasting/7bae2ea4e77ad145e773c5363def60f3.jpg
8a4d3a3059da4974a0cfa31db0b29c8d,,妙题高招,,,,如果倒立喝水，会（ ） A. 喝不进去 B. 水从鼻子中流出 C. 和站着喝水一样 D. 水从口中流出,,,https://image.quark.cn/s/uae/g/8r/assets/mentorx/0425/8a4d3a3059da4974a0cfa31db0b29c8d.png,妙题高招,,倒立着，能喝下水吗？,科普冷知识《倒立喝水》,https://cdn-private.sm.cn/souti-imgs-lasting/cover_gm_0a498479caf47b5b597e1ae908f9b23b.jpg,https://cdn-private.sm.cn/souti-imgs-lasting/7ec34e2cf1f5b88be7c7b0ac6b36f000.png,https://cdn-private.sm.cn/souti-imgs-lasting/7ec34e2cf1f5b88be7c7b0ac6b36f000.jpg
9edf46631f1944c69911a1df63f84130,,妙题高招,,,,如果有人训练了一只会偷东西的狗，狗去偷东西人算违法吗？,,,https://image.quark.cn/s/uae/g/8r/assets/mentorx/0425/9edf46631f1944c69911a1df63f84130.png,妙题高招,,狗偷东西，谁担责？,趣味逻辑《狗偷东西》,https://cdn-private.sm.cn/souti-imgs-lasting/cover_gm_152a43393882ab667db2184c0d8d22e7.jpg,https://cdn-private.sm.cn/souti-imgs-lasting/ebb4def09669c1b95ee18e2dcf86b598.png,https://cdn-private.sm.cn/souti-imgs-lasting/ebb4def09669c1b95ee18e2dcf86b598.jpg
5f4cf1d13308411ea07b30d208bf4149,,妙题高招,,,,如果水果也有眼睛，那么什么水果视力最差？,,,https://image.quark.cn/s/uae/g/8r/assets/mentorx/0425/5f4cf1d13308411ea07b30d208bf4149.png,妙题高招,,什么水果视力最差？,趣味逻辑《水果视力》,https://cdn-private.sm.cn/souti-imgs-lasting/cover_gm_6b06266fede4e6a6f544963f3f485727.jpg,https://cdn-private.sm.cn/souti-imgs-lasting/d13a9e6df21260ced9129d98e29ff9f0.png,https://cdn-private.sm.cn/souti-imgs-lasting/d13a9e6df21260ced9129d98e29ff9f0.jpg
b6c37a8f12994284b5353a6d7e5b6487,,妙题高招,,,,"宫保鸡丁中的""宫保""是什么意思？",,,https://image.quark.cn/s/uae/g/8r/assets/mentorx/0425/b6c37a8f12994284b5353a6d7e5b6487.png,妙题高招,,"""宫保""竟是个官衔？",文史趣闻《宫保鸡丁》,https://cdn-private.sm.cn/souti-imgs-lasting/cover_gm_27b4a59ff8cb2e7c1fc1ccc23a15a4b8.jpg,https://cdn-private.sm.cn/souti-imgs-lasting/33e96b46cd8f7d95793f98f48349df7d.png,https://cdn-private.sm.cn/souti-imgs-lasting/33e96b46cd8f7d95793f98f48349df7d.jpg
7320d2fc6d174916815233db1cae6214,,妙题高招,,,,将13棵树裁成12行，每行3棵应该以怎样的排列栽培呢？,,,https://image.quark.cn/s/uae/g/8r/assets/mentorx/0425/7320d2fc6d174916815233db1cae6214.png,妙题高招,,,,
c2275739b7af416cbb77b447cfa182c7,,妙题高招,,,,巧填方框等于 2026 $1\square6\square + 5\square7 = 2026$,,,https://image.quark.cn/s/uae/g/8r/assets/mentorx/0425/c2275739b7af416cbb77b447cfa182c7.png,妙题高招,,,,
6ed74c9f0bb04e86b1eed6367ad3d13b,,妙题高招,,,,已知$a^3 = 59319$，要求$a$的值。,,,https://image.quark.cn/s/uae/g/8r/assets/mentorx/0425/6ed74c9f0bb04e86b1eed6367ad3d13b.png,妙题高招,,,,
d9634bc57e8943c791de2c630eb39b01,,妙题高招,,,,广州又称羊城，它指的是（）。 A. 三只羊 B. 四只羊 C. 五只羊 D. 六只羊,,,https://image.quark.cn/s/uae/g/8r/assets/mentorx/0425/d9634bc57e8943c791de2c630eb39b01.png,妙题高招,,一座城的好彩头,文史趣闻《羊城五只羊》,https://cdn-private.sm.cn/souti-imgs-lasting/cover_gm_fb7b135061118d4a14c69a7bc56be164.jpg,https://cdn-private.sm.cn/souti-imgs-lasting/c028deec4f912a78e006330a48275045.png,https://cdn-private.sm.cn/souti-imgs-lasting/c028deec4f912a78e006330a48275045.jpg
0e6a63bb4dc344e4b5255fd61cdef520,,妙题高招,,,,我们常说的“毛病”中的毛，是指什么动物的毛（ ）。 A. 狗 B. 猪 C. 马 D. 羊,,,https://image.quark.cn/s/uae/g/8r/assets/mentorx/0425/0e6a63bb4dc344e4b5255fd61cdef520.png,妙题高招,,"""毛病""的毛，是什么毛？","文史趣闻《毛病的""毛""》",https://cdn-private.sm.cn/souti-imgs-lasting/cover_gm_ebea4a1042e122bc2d190b2e3578c785.jpg,https://cdn-private.sm.cn/souti-imgs-lasting/4e1c7af75a18b758348912b119db2d76.png,https://cdn-private.sm.cn/souti-imgs-lasting/4e1c7af75a18b758348912b119db2d76.jpg
7813bbc1f56c4f63b011b1afaad39ecd,,妙题高招,,,,数字换位谜题：先加后减乘积变，反向再算差多少？,,,https://image.quark.cn/s/uae/g/8r/assets/mentorx/0425/7813bbc1f56c4f63b011b1afaad39ecd.png,妙题高招,,换个位置，结果差多少？,趣味逻辑《数字换位》,https://cdn-private.sm.cn/souti-imgs-lasting/cover_gm_811e9fb4084ba50dd55ce4ed071f19b1.jpg,https://cdn-private.sm.cn/souti-imgs-lasting/d95d4696832de802c2f9c807fe1d9bce.png,https://cdn-private.sm.cn/souti-imgs-lasting/d95d4696832de802c2f9c807fe1d9bce.jpg
7e7b003f92a743de86e7b79e693e3d10,,妙题高招,,,,暗黑森林过桥：四人只有一个手电筒，你能找到最优解吗？,,,https://image.quark.cn/s/uae/g/8r/assets/mentorx/0425/7e7b003f92a743de86e7b79e693e3d10.png,妙题高招,,,,
0788b91059e4444392639b5461a2783f,,妙题高招,,,,李白一定没吃过（） A. 小鸡炖蘑菇 B. 红烧狮子头 C. 番茄炒鸡蛋 D. 水盆羊肉,,,https://image.quark.cn/s/uae/g/8r/assets/mentorx/0425/0788b91059e4444392639b5461a2783f.png,妙题高招,,这道菜，李白没吃过？,文史趣闻《李白没吃过》,https://cdn-private.sm.cn/souti-imgs-lasting/cover_gm_a3954b35d104f35f6f584c7e2fb6f573.jpg,https://cdn-private.sm.cn/souti-imgs-lasting/21b23be5e46ff700dbca68a0be408440.png,https://cdn-private.sm.cn/souti-imgs-lasting/21b23be5e46ff700dbca68a0be408440.jpg
66abcffc7d3a4b31ab18c1065c96a510,,妙题高招,,,,李白街上走，提壶去买酒。  遇店加一倍，见花喝八斗。  三遇店和花，喝光壶中酒。  试问酒壶中，原有酒几斗？,,,https://image.quark.cn/s/uae/g/8r/assets/mentorx/0425/66abcffc7d3a4b31ab18c1065c96a510.png,妙题高招,,,,
2cc3df98e2bf438095890aa1dc2cae9b,,妙题高招,,,,概率为0的事一定不发生吗？,,,https://image.quark.cn/s/uae/g/8r/assets/mentorx/0425/2cc3df98e2bf438095890aa1dc2cae9b.png,妙题高招,,,,
1ed7ea74e98c47d08a9e49ce85beff80,,妙题高招,,,,橡皮和尺子为什么总会粘在一起？,,,https://image.quark.cn/s/uae/g/8r/assets/mentorx/0425/1ed7ea74e98c47d08a9e49ce85beff80.png,妙题高招,,"橡皮""溶""了尺子",科普冷知识《橡皮粘尺子》,https://cdn-private.sm.cn/souti-imgs-lasting/cover_gm_f04166f30403330f4412641370692d68.jpg,https://cdn-private.sm.cn/souti-imgs-lasting/de816848d17d8848740fb5beb6f885d1.png,https://cdn-private.sm.cn/souti-imgs-lasting/de816848d17d8848740fb5beb6f885d1.jpg
6a4452491c4c42f69995706c2385baf5,,妙题高招,,,,比大小 ：$222^{333} \bigcirc 333^{222}$,,,https://image.quark.cn/s/uae/g/8r/assets/mentorx/0425/6a4452491c4c42f69995706c2385baf5.png,妙题高招,,,,
8581260e15344181bc315e56c6ee90db,,妙题高招,,,,比大小 ：$\frac{666}{6666} \bigcirc \frac{6666}{66666}$,,,https://image.quark.cn/s/uae/g/8r/assets/mentorx/0425/8581260e15344181bc315e56c6ee90db.png,妙题高招,,,,
fcb84b8244dc4e8299f8e2eed938f351,,妙题高招,,,,比较：$\frac{44443}{44445}$和$\frac{55557}{55559}$,,,https://image.quark.cn/s/uae/g/8r/assets/mentorx/0425/fcb84b8244dc4e8299f8e2eed938f351.png,妙题高招,,,,
11143c47fe6a407baa9d873bdaf539d7,,妙题高招,,,,活牛分家产：17头牛要分 1/2、1/3、1/9，怎么分？,,,https://image.quark.cn/s/uae/g/8r/assets/mentorx/0425/11143c47fe6a407baa9d873bdaf539d7.png,妙题高招,,,,
9a8dbabf066849af8b0e0b39d1d4b440,,妙题高招,,,,湖北和湖南的“湖”是指什么湖？ A. 太湖 B. 青海湖 C. 鄱阳湖 D. 洞庭湖,,,https://image.quark.cn/s/uae/g/8r/assets/mentorx/0425/9a8dbabf066849af8b0e0b39d1d4b440.png,妙题高招,,两湖，分的是哪个湖？,"文史趣闻《两湖之""湖""》",https://cdn-private.sm.cn/souti-imgs-lasting/cover_gm_764146b47f6270549505165a0d23b700.jpg,https://cdn-private.sm.cn/souti-imgs-lasting/061cde70e2b28cae313f774a6cb5a910.png,https://cdn-private.sm.cn/souti-imgs-lasting/061cde70e2b28cae313f774a6cb5a910.jpg
b77dcd3833f545aaa416bb5f59ecff8b,,妙题高招,,,,点燃十支蜡烛，吹灭四支，还剩几支() A. 10 B. 6 C. 4 D. 2,,,https://image.quark.cn/s/uae/g/8r/assets/mentorx/0425/b77dcd3833f545aaa416bb5f59ecff8b.png,妙题高招,,,,
330e54cbdd344e5aa28a884880c4a534,,妙题高招,,,,烂醉如泥的泥是指什么？,,,https://image.quark.cn/s/uae/g/8r/assets/mentorx/0425/330e54cbdd344e5aa28a884880c4a534.png,妙题高招,,"""泥""原来不是泥土？",文史趣闻《烂醉如泥》,https://cdn-private.sm.cn/souti-imgs-lasting/cover_gm_a3ded13c185a81fea63beba5c896096d.jpg,https://cdn-private.sm.cn/souti-imgs-lasting/19e6ac1ba1c89d764ede06e9e6b9ff42.png,https://cdn-private.sm.cn/souti-imgs-lasting/19e6ac1ba1c89d764ede06e9e6b9ff42.jpg
bf1bbf725c92461a95cd4de7ef8132db,,妙题高招,,,,烧绳问题：两根不均匀的绳子，每根烧完都刚好一个小时，怎么量出15分钟？,,,https://image.quark.cn/s/uae/g/8r/assets/mentorx/0425/bf1bbf725c92461a95cd4de7ef8132db.png,妙题高招,,,,
98a698175de44777b8856efd2481dff9,,妙题高招,,,,煎蛋前在热锅里加（）可以防止油的飞溅。 A. 温水 B. 鸡精 C. 淀粉 D. 盐,,,https://image.quark.cn/s/uae/g/8r/assets/mentorx/0425/98a698175de44777b8856efd2481dff9.png,妙题高招,,小妙招，大用处,科普冷知识《煎蛋不飞溅》,https://cdn-private.sm.cn/souti-imgs-lasting/cover_gm_2691b4452a5fc74a33c19e2f54d70d6d.jpg,https://cdn-private.sm.cn/souti-imgs-lasting/3ff69de208f81b72a528b7f1f4d18136.png,https://cdn-private.sm.cn/souti-imgs-lasting/3ff69de208f81b72a528b7f1f4d18136.jpg
c48152b5c32e4c6caf0732a2ec175450,,妙题高招,,,,照相机是仿照什么动物发明的（）？ A. 蝴蝶 B. 苍蝇 C. 青蛙 D. 蝙蝠,,,https://image.quark.cn/s/uae/g/8r/assets/mentorx/0425/c48152b5c32e4c6caf0732a2ec175450.png,妙题高招,,相机像哪种动物的眼？,科普冷知识《相机仿生》,https://cdn-private.sm.cn/souti-imgs-lasting/cover_gm_2cce4a90d8827762dfb9b18f3356bf05.jpg,https://cdn-private.sm.cn/souti-imgs-lasting/cbbbc81b16d4e9288274a4f80bf477b1.png,https://cdn-private.sm.cn/souti-imgs-lasting/cbbbc81b16d4e9288274a4f80bf477b1.jpg
d01864d874584880981381f1ec960eec,,妙题高招,,,,煮绿豆汤，想煮出绿汤、想煮出红汤，只差1个小动作，区别在哪？,,,https://image.quark.cn/s/uae/g/8r/assets/mentorx/0425/d01864d874584880981381f1ec960eec.png,妙题高招,,厨房里的变色魔法,科普冷知识《绿汤还红汤》,https://cdn-private.sm.cn/souti-imgs-lasting/cover_gm_813954ced5f3e4891592fc9a5c3c5ce3.jpg,https://cdn-private.sm.cn/souti-imgs-lasting/f1c53f2171b11622aa66033bb8eff86b.png,https://cdn-private.sm.cn/souti-imgs-lasting/f1c53f2171b11622aa66033bb8eff86b.jpg
be3e5602d95645db954a6d7b07fcad73,,妙题高招,,,,王婆卖瓜，自卖自夸。“王婆”其实是个男人？,,,https://image.quark.cn/s/uae/g/8r/assets/mentorx/0425/be3e5602d95645db954a6d7b07fcad73.png,妙题高招,,"""王婆""竟是个男人？",文史趣闻《王婆卖瓜》,https://cdn-private.sm.cn/souti-imgs-lasting/cover_gm_98e1beedfb5f2b3a29f8b5f346c3bbe7.jpg,https://cdn-private.sm.cn/souti-imgs-lasting/bf3865ad514445f4c96c54ecc61e0f32.png,https://cdn-private.sm.cn/souti-imgs-lasting/bf3865ad514445f4c96c54ecc61e0f32.jpg
e9e1561a18434e829ca716da1fea6d77,,妙题高招,,,,瓦斯通常无色无味，但有时能闻到类似（）的气味 A. 苹果 B. 香蕉 C. 橙子 D. 菠萝,,,https://image.quark.cn/s/uae/g/8r/assets/mentorx/0425/e9e1561a18434e829ca716da1fea6d77.png,妙题高招,,无味的瓦斯，咋有味？,科普冷知识《瓦斯的气味》,https://cdn-private.sm.cn/souti-imgs-lasting/cover_gm_5460c07b6db76d01eaa6c9c5d5ade1df.jpg,https://cdn-private.sm.cn/souti-imgs-lasting/297a618fcf53f71c7a7153b93a36187f.png,https://cdn-private.sm.cn/souti-imgs-lasting/297a618fcf53f71c7a7153b93a36187f.jpg
f7670945a7c84b369836d5d1ed001c92,,妙题高招,,,,疯狗推理：三天枪响，逻辑之王的考验,,,https://image.quark.cn/s/uae/g/8r/assets/mentorx/0425/f7670945a7c84b369836d5d1ed001c92.png,妙题高招,,层层推演，找出答案,趣味逻辑《疯狗推理》,https://cdn-private.sm.cn/souti-imgs-lasting/cover_gm_48d056fa9c1bb60821d4992958a48d60.jpg,https://cdn-private.sm.cn/souti-imgs-lasting/bf6b5ed37e2fad30fbcd4b38813195a3.png,https://cdn-private.sm.cn/souti-imgs-lasting/bf6b5ed37e2fad30fbcd4b38813195a3.jpg
6de2ca7f563f4211ad731d86baf5f240,,妙题高招,,,,神奇关灯游戏：最后哪几盏还亮着？,,,https://image.quark.cn/s/uae/g/8r/assets/mentorx/0425/6de2ca7f563f4211ad731d86baf5f240.png,妙题高招,,,,
829dc06e04bc4212a23e2e74daa09e86,,妙题高招,,,,糖果分一分：每人5颗多10颗，每人7颗少6颗，到底有多少人？,,,https://image.quark.cn/s/uae/g/8r/assets/mentorx/0425/829dc06e04bc4212a23e2e74daa09e86.png,妙题高招,,,,
983094ff25004c61be0c5e646072f5b4,,妙题高招,,,,船边挂着软梯，离海面2米，海水每小时上涨半米，几小时海水能淹没软梯？,,,https://image.quark.cn/s/uae/g/8r/assets/mentorx/0425/983094ff25004c61be0c5e646072f5b4.png,妙题高招,,,,
5b2369841fc44f2ca9554bb26df2c5ac,,妙题高招,,,,苍蝇为什么老爱搓手？,,,https://image.quark.cn/s/uae/g/8r/assets/mentorx/0425/5b2369841fc44f2ca9554bb26df2c5ac.png,妙题高招,,苍蝇为什么总搓手？,科普冷知识《苍蝇搓手》,https://cdn-private.sm.cn/souti-imgs-lasting/cover_gm_165b5123bf032f4f9344e862038e2d55.jpg,https://cdn-private.sm.cn/souti-imgs-lasting/b1cc3a5f00d4202c76fb13d8d5737bbd.png,https://cdn-private.sm.cn/souti-imgs-lasting/b1cc3a5f00d4202c76fb13d8d5737bbd.jpg
8242d18bf0774d03993232590db2b4ee,,妙题高招,,,,苹果同吃谜题：一箱苹果 ，爸爸10天吃完 ，妈妈15天吃完 。爸妈合力几天吃完？,,,https://image.quark.cn/s/uae/g/8r/assets/mentorx/0425/8242d18bf0774d03993232590db2b4ee.png,妙题高招,,,,
0c680fe9d66340938e58fdeafba7dee9,,妙题高招,,,,蒸馒头时，为什么关火后不能立刻开盖 A. 防止馒头回缩   B. 防止口感发苦,,,https://image.quark.cn/s/uae/g/8r/assets/mentorx/0425/0c680fe9d66340938e58fdeafba7dee9.png,妙题高招,,刚关火，能开盖吗？,科普冷知识《馒头别急开》,https://cdn-private.sm.cn/souti-imgs-lasting/cover_gm_d7d315be96f6586044880775ac4a2f47.jpg,https://cdn-private.sm.cn/souti-imgs-lasting/40ae4aa3d84c0e4467c170f4c158e9de.png,https://cdn-private.sm.cn/souti-imgs-lasting/40ae4aa3d84c0e4467c170f4c158e9de.jpg
a07bf0a2a0284ed392657d406811285f,,妙题高招,,,,"蛛丝马迹中的""马""指？ A. 海马 B. 斑马 C. 灶马 D. 千里马",,,https://image.quark.cn/s/uae/g/8r/assets/mentorx/0425/a07bf0a2a0284ed392657d406811285f.png,妙题高招,,"蛛丝马迹的""马""是什么？",文史趣闻《蛛丝马迹》,https://cdn-private.sm.cn/souti-imgs-lasting/cover_gm_21d90923e4f4ad7c9275b37a8e033eed.jpg,https://cdn-private.sm.cn/souti-imgs-lasting/2b4e4d2ba1cb0fcb77eeee83f2157605.png,https://cdn-private.sm.cn/souti-imgs-lasting/2b4e4d2ba1cb0fcb77eeee83f2157605.jpg
86e0ee14ce5c4a68bb5ce2122aaef9f4,,妙题高招,,,,蜂蜜为什么几乎不会变质？ A. 糖分太高，细菌渴死了 B. 蜜蜂翅膀扇风消毒了 C. 蜂蜜天生自带强力防腐剂 D. 蜜蜂有洁癖，采蜜环境无菌,,,https://image.quark.cn/s/uae/g/8r/assets/mentorx/0425/86e0ee14ce5c4a68bb5ce2122aaef9f4.png,妙题高招,,甜，也是种保护,科普冷知识《蜂蜜不变质》,https://cdn-private.sm.cn/souti-imgs-lasting/cover_gm_5627bbe49ccc7194c54baa223c5d9601.jpg,https://cdn-private.sm.cn/souti-imgs-lasting/1678205b5667fb14b39038ca6f8eea88.png,https://cdn-private.sm.cn/souti-imgs-lasting/1678205b5667fb14b39038ca6f8eea88.jpg
a279fcc979574ae596dc75a1a82167f7,,妙题高招,,,,蜗牛爬井：白天努力晚上滑，何时能出头？,,,https://image.quark.cn/s/uae/g/8r/assets/mentorx/0425/a279fcc979574ae596dc75a1a82167f7.png,妙题高招,,一步一滑，慢慢出井,趣味逻辑《蜗牛爬井》,https://cdn-private.sm.cn/souti-imgs-lasting/cover_gm_624ec8405e8a7ae5051761f2fe676cb7.jpg,https://cdn-private.sm.cn/souti-imgs-lasting/3e0c647bbe4ec5d618aa026d1773c1e0.png,https://cdn-private.sm.cn/souti-imgs-lasting/3e0c647bbe4ec5d618aa026d1773c1e0.jpg
91ac2cd4af444dc5a68c615a35799a91,,妙题高招,,,,解方程 ：$$(x+3)(x+5) = 9999$$,,,https://image.quark.cn/s/uae/g/8r/assets/mentorx/0425/91ac2cd4af444dc5a68c615a35799a91.png,妙题高招,,,,
96560981c8e0481cb455b7b4cf8a8895,,妙题高招,,,,计分谜题：答对得5分、答错扣3分，100 题得 316 分，东东做对几道？,,,https://image.quark.cn/s/uae/g/8r/assets/mentorx/0425/96560981c8e0481cb455b7b4cf8a8895.png,妙题高招,,,,
c700c5909a4c45118e87c120df07266e,,妙题高招,,,,计算：$\frac{1}{2} + \frac{1}{4} + \frac{1}{8} + \dots + \frac{1}{2048}$,,,https://image.quark.cn/s/uae/g/8r/assets/mentorx/0425/c700c5909a4c45118e87c120df07266e.png,妙题高招,,,,
a8f6122be27a46bfbff5cca44a032942,,妙题高招,,,,走哪跟哪！为什么总觉得月亮在 “跟着我” 走？,,,https://image.quark.cn/s/uae/g/8r/assets/mentorx/0425/a8f6122be27a46bfbff5cca44a032942.png,妙题高招,,月亮为什么跟着我走？,科普冷知识《月亮跟着走》,https://cdn-private.sm.cn/souti-imgs-lasting/cover_gm_5e2a5558486fad2ab10be7197f964475.jpg,https://cdn-private.sm.cn/souti-imgs-lasting/aa6b597e79e939fb7048ed0ad3d020fc.png,https://cdn-private.sm.cn/souti-imgs-lasting/aa6b597e79e939fb7048ed0ad3d020fc.jpg
c58f14f26a6e4907b786976fd5afbb4a,,妙题高招,,,,这三道，你能秒算吗？ $33 \times 37$ $46 \times 44$ $75 \times 75$,,,https://image.quark.cn/s/uae/g/8r/assets/mentorx/0425/c58f14f26a6e4907b786976fd5afbb4a.png,妙题高招,,,,
16565355b5f141f9b0f926472937889d,,妙题高招,,,,防毒面具是根据什么动物的脸部研制的？,,,https://image.quark.cn/s/uae/g/8r/assets/mentorx/0425/16565355b5f141f9b0f926472937889d.png,妙题高招,,防毒面具像哪种动物？,科普冷知识《防毒面具》,https://cdn-private.sm.cn/souti-imgs-lasting/cover_gm_8929df28aca3f1ec5c3b781adb99c4d9.jpg,https://cdn-private.sm.cn/souti-imgs-lasting/b22105595f7e34daf99d47e42f36b785.png,https://cdn-private.sm.cn/souti-imgs-lasting/b22105595f7e34daf99d47e42f36b785.jpg
5c7f5dfce4e74b7ab58e4ce6afbbee31,,妙题高招,,,,鸡的祖先是( )? A. 霸王龙 B. 恐龙 C. 凤凰 D. 肯德基老爷爷,,,https://image.quark.cn/s/uae/g/8r/assets/mentorx/0425/5c7f5dfce4e74b7ab58e4ce6afbbee31.png,妙题高招,,鸡的祖先是谁？,科普冷知识《鸡的祖先》,https://cdn-private.sm.cn/souti-imgs-lasting/cover_gm_b2a6c925434207e448b6df9a4f1c629e.jpg,https://cdn-private.sm.cn/souti-imgs-lasting/2bfea00bd6a9c3ed812ce71830de32b3.png,https://cdn-private.sm.cn/souti-imgs-lasting/2bfea00bd6a9c3ed812ce71830de32b3.jpg
0e0f02e063c14e7089eaa01cac2709dc,,妙题高招,,,,黄粱一梦的“黄粱”是什么？,,,https://image.quark.cn/s/uae/g/8r/assets/mentorx/0425/0e0f02e063c14e7089eaa01cac2709dc.png,妙题高招,,"""黄粱""到底是什么？",文史趣闻《黄粱一梦》,https://cdn-private.sm.cn/souti-imgs-lasting/cover_gm_79cc7b4d071e2183bddf95251cb73d4c.jpg,https://cdn-private.sm.cn/souti-imgs-lasting/f6aa6adee9d9325f7bf9c957143af109.png,https://cdn-private.sm.cn/souti-imgs-lasting/f6aa6adee9d9325f7bf9c957143af109.jpg
1a35d4fcc9a9451595a649bf2d22fee3,,科普,,,,为什么人会放屁呢？,,,https://cdn-private.sm.cn/souti-imgs-lasting/20260423_225016_1bbef5a844_b3e9a5df_bottomxise.jpg,神奇的世界,,屁，憋住了去哪儿？,科普《人会放屁》,https://cdn-private.sm.cn/souti-imgs-lasting/cover_gm_03de840f7d13b1784327c14c9499eb9d.jpg,https://cdn-private.sm.cn/souti-imgs-lasting/f106d71932edaf95fd16aef689add252.png,https://cdn-private.sm.cn/souti-imgs-lasting/f106d71932edaf95fd16aef689add252.jpg
032b0a8b78014cebb9e9bde54325593a,,科普,,,,为什么人的肤色各不相同？,,,https://cdn-private.sm.cn/souti-imgs-lasting/20260423_222257_190f7b30fb_81c2886c_bottomxise.jpg,神奇的世界,,为什么肤色不一样？,科普《肤色不同》,https://cdn-private.sm.cn/souti-imgs-lasting/cover_gm_35c096092ff89ffed447ebf3c8335dae.jpg,https://cdn-private.sm.cn/souti-imgs-lasting/e2b5e5c44b8c66f0b89df4d4a4667215.png,https://cdn-private.sm.cn/souti-imgs-lasting/e2b5e5c44b8c66f0b89df4d4a4667215.jpg
a1953e9e49ea44a1a5289eb3c72b8136,,科普,,,,为什么会说梦话？,,,https://cdn-private.sm.cn/souti-imgs-lasting/20260423_222709_68a706e871_776e0332_bottomxise.jpg,神奇的世界,,睡着了，谁在说话？,科普《说梦话》,https://cdn-private.sm.cn/souti-imgs-lasting/cover_gm_6c5d98894726d38a06f80a8053030cd3.jpg,https://cdn-private.sm.cn/souti-imgs-lasting/de0e2cbd35f7a382f6fe4828c67abcfc.png,https://cdn-private.sm.cn/souti-imgs-lasting/de0e2cbd35f7a382f6fe4828c67abcfc.jpg
6c1a7c7cdfe14a89ab88bf77b0712ee9,,科普,,,,为什么你闻不到自己的味道？,,,https://cdn-private.sm.cn/souti-imgs-lasting/4b4bbf047bf778e64714d068862fcc81_bottomxise.jpg,神奇的世界,,你闻得到自己吗？,科普《闻不到味道》,https://cdn-private.sm.cn/souti-imgs-lasting/cover_gm_91fa0c6412816d5d8e93dd4ed36f9c1e.jpg,https://cdn-private.sm.cn/souti-imgs-lasting/41a68dc0bba3d254cd82e65c3a444b38.png,https://cdn-private.sm.cn/souti-imgs-lasting/41a68dc0bba3d254cd82e65c3a444b38.jpg
4bbeb1a5f7af49b082a3a9e2976db249,,科普,,,,为什么做噩梦时跑不动？,,,https://cdn-private.sm.cn/souti-imgs-lasting/20260423_223813_be7ff1eb19_19f0930e_bottomxise.jpg,神奇的世界,,梦里想跑，为什么跑不动？,科普《噩梦跑不动》,https://cdn-private.sm.cn/souti-imgs-lasting/cover_gm_5087d088481554293be628287dc93580.jpg,https://cdn-private.sm.cn/souti-imgs-lasting/e8c8f2465788b1794b7b9f15a25cfb1a.png,https://cdn-private.sm.cn/souti-imgs-lasting/e8c8f2465788b1794b7b9f15a25cfb1a.jpg
04a8afdb7c1a46c79c1ae39836b5093c,,科普,,,,为什么冬天嘴唇总干裂？,,,https://cdn-private.sm.cn/souti-imgs-lasting/20260423_224931_5f40a3909a_8d0d8b09_bottomxise.jpg,神奇的世界,,冬天嘴唇为什么总裂？,科普《嘴唇干裂》,https://cdn-private.sm.cn/souti-imgs-lasting/cover_gm_f063e6c17997e6645441b4b9a6022830.jpg,https://cdn-private.sm.cn/souti-imgs-lasting/94493c4e72f984522660bc971ed27dbd.png,https://cdn-private.sm.cn/souti-imgs-lasting/94493c4e72f984522660bc971ed27dbd.jpg
efd8ed67ed8f411e9ce1a8ae174e1e61,,科普,,,,为什么双胞胎长得一模一样？,,,https://cdn-private.sm.cn/souti-imgs-lasting/20260423_163625_1d72498788_e45822e2_bottomxise.jpg,神奇的世界,,两个人，怎么一个样？,科普《双胞胎》,https://cdn-private.sm.cn/souti-imgs-lasting/cover_gm_a178ffa7b115c43c251b2e9235e2d71c.jpg,https://cdn-private.sm.cn/souti-imgs-lasting/ecb3a704df19f807ebbd29a76081b474.png,https://cdn-private.sm.cn/souti-imgs-lasting/ecb3a704df19f807ebbd29a76081b474.jpg
dc27b21e913f4f68860e61d43d7d2627,,科普,,,,为什么吃完饭就犯困？,,,https://cdn-private.sm.cn/souti-imgs-lasting/20260423_163314_5315107ce9_45124a82_bottomxise.jpg,神奇的世界,,一吃饱，眼皮就打架？,科普《吃完饭犯困》,https://cdn-private.sm.cn/souti-imgs-lasting/cover_gm_ce0aadaac2db63fba7e9537916631224.jpg,https://cdn-private.sm.cn/souti-imgs-lasting/b19062dea2cabc54aaa220ca78b9f460.png,https://cdn-private.sm.cn/souti-imgs-lasting/b19062dea2cabc54aaa220ca78b9f460.jpg
937ecb346eae4348989f1195928873f5,,科普,,,,为什么吃甜食会开心？,,,https://cdn-private.sm.cn/souti-imgs-lasting/20260423_224437_97207e30b7_4ecafa76_bottomxise.jpg,神奇的世界,,吃糖为什么会变开心？,科普《吃甜食开心》,https://cdn-private.sm.cn/souti-imgs-lasting/cover_gm_589ff445936cc64ea498c43e75248e3f.jpg,https://cdn-private.sm.cn/souti-imgs-lasting/a2e5506786a0494aeb7d152bc9f0d534.png,https://cdn-private.sm.cn/souti-imgs-lasting/a2e5506786a0494aeb7d152bc9f0d534.jpg
47bfb3925e5748669890e25125975528,,科普,,,,为什么吃辣第二天屁股疼？,,,https://cdn-private.sm.cn/souti-imgs-lasting/20260423_224226_b010f782af_f889fa3a_bottomxise.jpg,神奇的世界,,吃辣，为什么第二天疼？,科普《吃辣屁股疼》,https://cdn-private.sm.cn/souti-imgs-lasting/cover_gm_ce006b702315c3ad03339ef33638dc87.jpg,https://cdn-private.sm.cn/souti-imgs-lasting/770bf48e0ca26ed741a218aeb1aae3b8.png,https://cdn-private.sm.cn/souti-imgs-lasting/770bf48e0ca26ed741a218aeb1aae3b8.jpg
e3d9e0496df949718009a33c2c4d10c2,,科普,,,,为什么哭的时候会流鼻涕？,,,https://cdn-private.sm.cn/souti-imgs-lasting/20260423_224215_f398a736da_daa54e6a_bottomxise.jpg,神奇的世界,,一哭，鼻子为什么也漏？,科普《哭流鼻涕》,https://cdn-private.sm.cn/souti-imgs-lasting/cover_gm_87f88c48cc77275e974518882a8273b5.jpg,https://cdn-private.sm.cn/souti-imgs-lasting/1d53f541c346094185ded3a6625d8451.png,https://cdn-private.sm.cn/souti-imgs-lasting/1d53f541c346094185ded3a6625d8451.jpg
583dfe7d44c947e69e92c05606ab0f49,,科普,,,,为什么喝可乐会打嗝？,,,https://cdn-private.sm.cn/souti-imgs-lasting/20260423_224003_1cb52b9a40_88696177_bottomxise.jpg,神奇的世界,,喝可乐，嗝从哪来？,科普《喝可乐打嗝》,https://cdn-private.sm.cn/souti-imgs-lasting/cover_gm_24862ba84bfec934c5cf2e648005a304.jpg,https://cdn-private.sm.cn/souti-imgs-lasting/e6f6c08571ba925122e24650a3fd5ebf.png,https://cdn-private.sm.cn/souti-imgs-lasting/e6f6c08571ba925122e24650a3fd5ebf.jpg
07aca9ea53b14d9685e20bd1ffaea24c,,科普,,,,为什么喝牛奶会拉肚子？,,,https://cdn-private.sm.cn/souti-imgs-lasting/20260423_162935_1eb3b13406_3106315b_bottomxise.jpg,神奇的世界,,喝牛奶，肚子为什么闹？,科普《牛奶拉肚子》,https://cdn-private.sm.cn/souti-imgs-lasting/cover_gm_043503b2899ba14f275d24a4e2697dcf.jpg,https://cdn-private.sm.cn/souti-imgs-lasting/c4ef31e9b66b5cdfec9ec72915bb4ca5.png,https://cdn-private.sm.cn/souti-imgs-lasting/c4ef31e9b66b5cdfec9ec72915bb4ca5.jpg
26808d19b6ad42488393b21be295007b,,科普,,,,为什么大脑会单曲循环？,,,https://cdn-private.sm.cn/souti-imgs-lasting/20260423_163211_b0eb51dded_35ecf7eb_bottomxise.jpg,神奇的世界,,一首歌，为什么停不下来？,科普《大脑单曲循环》,https://cdn-private.sm.cn/souti-imgs-lasting/cover_gm_b8ed6daac03122b2e9dab06e1b806a69.jpg,https://cdn-private.sm.cn/souti-imgs-lasting/416028de22873016983d5230e79c9f62.png,https://cdn-private.sm.cn/souti-imgs-lasting/416028de22873016983d5230e79c9f62.jpg
5d59bfef65f440a78660fec3d7b98a83,,科普,,,,为什么头发会分叉？,,,https://cdn-private.sm.cn/souti-imgs-lasting/20260423_223608_9102d27762_2f3f85c2_bottomxise.jpg,神奇的世界,,头发尾巴，为什么开叉？,科普《头发分叉》,https://cdn-private.sm.cn/souti-imgs-lasting/cover_gm_3b5e9d85672bcd527d62924fa34a3eca.jpg,https://cdn-private.sm.cn/souti-imgs-lasting/6cb69145c4341cd343a9608ef02915f5.png,https://cdn-private.sm.cn/souti-imgs-lasting/6cb69145c4341cd343a9608ef02915f5.jpg
2a8686cebbca460d8a3e2f58525fa686,,科普,,,,为什么婴儿头顶是软的？,,,https://cdn-private.sm.cn/souti-imgs-lasting/20260423_223420_22cf54f5fc_a69665c5_bottomxise.jpg,神奇的世界,,小宝宝头顶为什么软？,科普《婴儿头顶软》,https://cdn-private.sm.cn/souti-imgs-lasting/cover_gm_7b9f2f5d3bba8fcf9ee1f5379d916679.jpg,https://cdn-private.sm.cn/souti-imgs-lasting/ad61260a4aae617c25a89ab90f60de23.png,https://cdn-private.sm.cn/souti-imgs-lasting/ad61260a4aae617c25a89ab90f60de23.jpg
964ce5085acd4b72ae881c0e31627ebf,,科普,,,,为什么学新东西脑子疼？,,,https://cdn-private.sm.cn/souti-imgs-lasting/20260423_223459_2ddc9cb6ec_43adbd8d_bottomxise.jpg,神奇的世界,,累，是因为你在变强,科普《学东西脑疼》,https://cdn-private.sm.cn/souti-imgs-lasting/cover_gm_cbe30f15adad3d1898800ee1ad5a8e4a.jpg,https://cdn-private.sm.cn/souti-imgs-lasting/5a9a96338c7814986ae9cb51418c09cc.png,https://cdn-private.sm.cn/souti-imgs-lasting/5a9a96338c7814986ae9cb51418c09cc.jpg
85bc47401f594bb2bdef08f507d2d99f,,科普,,,,为什么尿液是黄色的？,,,https://cdn-private.sm.cn/souti-imgs-lasting/20260423_223323_c001740bcc_ecce3727_bottomxise.jpg,神奇的世界,,尿，为什么是黄色的？,科普《尿液发黄》,https://cdn-private.sm.cn/souti-imgs-lasting/cover_gm_55a438e0d1f6272d2462ce134e2a71c8.jpg,https://cdn-private.sm.cn/souti-imgs-lasting/7cfada705bacafa096652460c9eb264f.png,https://cdn-private.sm.cn/souti-imgs-lasting/7cfada705bacafa096652460c9eb264f.jpg
9932692bfb3640dca4cc41a64b18067a,,科普,,,,为什么总有一个鼻孔是堵的？,,,https://cdn-private.sm.cn/souti-imgs-lasting/20260423_224704_efaf38d782_4c5e8dd2_bottomxise.jpg,神奇的世界,,它俩在偷偷换岗,科普《总堵一鼻孔》,https://cdn-private.sm.cn/souti-imgs-lasting/cover_gm_3d2d869b0252a4561ad2f6b44606cf2d.jpg,https://cdn-private.sm.cn/souti-imgs-lasting/828df274e455d1fa9d6ead1d7aad3d99.png,https://cdn-private.sm.cn/souti-imgs-lasting/828df274e455d1fa9d6ead1d7aad3d99.jpg
1e597b6a985e40ac924d285f1dcfa927,,科普,,,,为什么手指泡水久了会起皱？,,,https://cdn-private.sm.cn/souti-imgs-lasting/20260423_160650_09907f6d19_0430689b_bottomxise.jpg,神奇的世界,,皮肤换上了防滑纹,科普《泡水手起皱》,https://cdn-private.sm.cn/souti-imgs-lasting/cover_gm_9cf6514cdb1e0594959b21921ee26384.jpg,https://cdn-private.sm.cn/souti-imgs-lasting/9eaaab0b7b5f05e2f2aa414c1c71a202.png,https://cdn-private.sm.cn/souti-imgs-lasting/9eaaab0b7b5f05e2f2aa414c1c71a202.jpg
b23b2810bfe84f89925a4e494f7f1f18,,科普,,,,为什么打哈欠会传染？,,,https://cdn-private.sm.cn/souti-imgs-lasting/20260423_223110_cbfb73a854_23737467_bottomxise.jpg,神奇的世界,,哈欠，为什么会传染？,科普《哈欠会传染》,https://cdn-private.sm.cn/souti-imgs-lasting/cover_gm_7450e71d8fffa46a8eba10218c734476.jpg,https://cdn-private.sm.cn/souti-imgs-lasting/31fea0532638c6c4455e020d2de688a8.png,https://cdn-private.sm.cn/souti-imgs-lasting/31fea0532638c6c4455e020d2de688a8.jpg
9a164bad05564f5b842a1a1dfa87a908,,科普,,,,为什么早上量身高比晚上高？,,,https://cdn-private.sm.cn/souti-imgs-lasting/20260423_222947_e70d7c8ebf_9a42ec51_bottomxise.jpg,神奇的世界,,睡一觉，又高一点,科普《早上更高》,https://cdn-private.sm.cn/souti-imgs-lasting/cover_gm_4445fe4d10ac30135fad2a1b56488609.jpg,https://cdn-private.sm.cn/souti-imgs-lasting/2abeaac8b6cd65c2210876c42878061b.png,https://cdn-private.sm.cn/souti-imgs-lasting/2abeaac8b6cd65c2210876c42878061b.jpg
912de12706bd439c8be93dee08ee8155,,科普,,,,为什么有些人会过敏？,,,https://cdn-private.sm.cn/souti-imgs-lasting/20260423_221008_7469acfd2e_fa1915b2_bottomxise.jpg,神奇的世界,,不是娇气，是太负责,科普《有人会过敏》,https://cdn-private.sm.cn/souti-imgs-lasting/cover_gm_4e9ce73b69c0e14da8bc78e325f5f0d3.jpg,https://cdn-private.sm.cn/souti-imgs-lasting/b65383840effb15ba9883cac876be149.png,https://cdn-private.sm.cn/souti-imgs-lasting/b65383840effb15ba9883cac876be149.jpg
ff0603094823486b98e33880d183ea69,,科普,,,,为什么有些人是左撇子？,,,https://cdn-private.sm.cn/souti-imgs-lasting/20260423_222813_95f34e949b_e49fb92f_bottomxise.jpg,神奇的世界,,用左手，一样很棒,科普《左撇子》,https://cdn-private.sm.cn/souti-imgs-lasting/cover_gm_5ad2cae695095b16afde3633b4a60d2d.jpg,https://cdn-private.sm.cn/souti-imgs-lasting/83b8dbe89303936f84779db59f7b3352.png,https://cdn-private.sm.cn/souti-imgs-lasting/83b8dbe89303936f84779db59f7b3352.jpg
e0176b49c9c849d194dbcd8e7900d861,,科普,,,,为什么有人的头发是卷的？,,,https://cdn-private.sm.cn/souti-imgs-lasting/20260423_223702_bbe11e8503_54a9cb55_bottomxise.jpg,神奇的世界,,卷卷的，超可爱,科普《天生卷发》,https://cdn-private.sm.cn/souti-imgs-lasting/cover_gm_b5d46ec75b2c58995655e0685631c81c.jpg,https://cdn-private.sm.cn/souti-imgs-lasting/611a0ebffe43dd6162a59d83e03b2e3b.png,https://cdn-private.sm.cn/souti-imgs-lasting/611a0ebffe43dd6162a59d83e03b2e3b.jpg
32ff7f6ad5a441c08bb6acd7f47ab494,,科普,,,,为什么有人笑起来有酒窝？,,,https://cdn-private.sm.cn/souti-imgs-lasting/20260423_223022_807c82fb82_53b0c506_bottomxise.jpg,神奇的世界,,一笑，就甜出小窝,科普《笑有酒窝》,https://cdn-private.sm.cn/souti-imgs-lasting/cover_gm_053f0bc2543845640c2b2c7aba5deeb3.jpg,https://cdn-private.sm.cn/souti-imgs-lasting/a940b8cb516c86b065eaeb8261b02c67.png,https://cdn-private.sm.cn/souti-imgs-lasting/a940b8cb516c86b065eaeb8261b02c67.jpg
166ae718279a41fa80b77e8ba3dfad31,,科普,,,,为什么睡一觉就能恢复活力？,,,https://cdn-private.sm.cn/souti-imgs-lasting/20260423_224536_529a09b212_73dfb41d_bottomxise.jpg,神奇的世界,,好好睡，才有劲儿,科普《睡一觉满血》,https://cdn-private.sm.cn/souti-imgs-lasting/cover_gm_3b47e54480684a2edebdbc54aa69f94f.jpg,https://cdn-private.sm.cn/souti-imgs-lasting/cdfe0ee9e571acdc7a07b5bb4c3dd3fd.png,https://cdn-private.sm.cn/souti-imgs-lasting/cdfe0ee9e571acdc7a07b5bb4c3dd3fd.jpg
167ea81f4dd344419c72c26ba7a0ca65,,科普,,,,为什么结痂不能抠？,,,https://cdn-private.sm.cn/souti-imgs-lasting/20260423_222249_b595ef0dd9_efdb0bc4_bottomxise.jpg,神奇的世界,,痂是伤口的小盾牌,科普《结痂别抠》,https://cdn-private.sm.cn/souti-imgs-lasting/cover_gm_39c5c99cc6c7ee46d5c69d7e6fd2ed38.jpg,https://cdn-private.sm.cn/souti-imgs-lasting/9ad48fbb64ee303d4652efc32c5a60db.png,https://cdn-private.sm.cn/souti-imgs-lasting/9ad48fbb64ee303d4652efc32c5a60db.jpg
a8a53d1ff5184a5780f578ad98e3626a,,科普,,,,为什么自己挠自己不觉得痒？,,,https://cdn-private.sm.cn/souti-imgs-lasting/20260423_222429_9c97bc0e44_e61c34e2_bottomxise.jpg,神奇的世界,,大脑早就剧透了,科普《挠自己不痒》,https://cdn-private.sm.cn/souti-imgs-lasting/cover_gm_8ba6a4738a98710679790cb7ae1b7518.jpg,https://cdn-private.sm.cn/souti-imgs-lasting/32de16f67b47c913ca337dad34310979.png,https://cdn-private.sm.cn/souti-imgs-lasting/32de16f67b47c913ca337dad34310979.jpg
5daa058cf56f4922b3862f26adf05a7a,,科普,,,,为什么被吓到时会尖叫？,,,https://cdn-private.sm.cn/souti-imgs-lasting/20260423_222051_dfb3b149cb_e4fc8d9b_bottomxise.jpg,神奇的世界,,身体的紧急警报,科普《吓到会尖叫》,https://cdn-private.sm.cn/souti-imgs-lasting/cover_gm_772bd5b5b0138a6b83c9885b51e8f690.jpg,https://cdn-private.sm.cn/souti-imgs-lasting/db9439d98e45d271816a451b9d21eae0.png,https://cdn-private.sm.cn/souti-imgs-lasting/db9439d98e45d271816a451b9d21eae0.jpg
32806f58402742ad9c2c29cd2d82d17e,,科普,,,,为什么觉得时间变慢了？,,,https://cdn-private.sm.cn/souti-imgs-lasting/20260423_222119_1943b55aa4_95f9bc1d_bottomxise.jpg,神奇的世界,,无聊时，一秒像一年,科普《时间变慢》,https://cdn-private.sm.cn/souti-imgs-lasting/cover_gm_1de81ac9f0385d8a65feea3283271af6.jpg,https://cdn-private.sm.cn/souti-imgs-lasting/a556954a079531a155a658007445a3e1.png,https://cdn-private.sm.cn/souti-imgs-lasting/a556954a079531a155a658007445a3e1.jpg
34bfa43fb5b94dcb921bf01daba934aa,,科普,,,,为什么记不住3岁前的事？,,,https://cdn-private.sm.cn/souti-imgs-lasting/20260423_221919_96e1e9fd33_4b37c33e_bottomxise.jpg,神奇的世界,,小时候，为什么都忘了？,科普《记不住童年》,https://cdn-private.sm.cn/souti-imgs-lasting/cover_gm_c0894e1c78ee4f406fcd17f3257b2159.jpg,https://cdn-private.sm.cn/souti-imgs-lasting/7e874ba08f9c007bdd9688373ce603ab.png,https://cdn-private.sm.cn/souti-imgs-lasting/7e874ba08f9c007bdd9688373ce603ab.jpg
91b7de54a0394eb0a713228be6262a85,,科普,,,,为什么赖床会越睡越累？,,,https://cdn-private.sm.cn/souti-imgs-lasting/20260423_222003_f2c4b447ed_a10f8a26_bottomxise.jpg,神奇的世界,,赖床，为什么越睡越累？,科普《越赖越累》,https://cdn-private.sm.cn/souti-imgs-lasting/cover_gm_84f7501347f2207c58cba853e3845ac5.jpg,https://cdn-private.sm.cn/souti-imgs-lasting/3c812ab90c3d3316fb2aa3546aa246f5.png,https://cdn-private.sm.cn/souti-imgs-lasting/3c812ab90c3d3316fb2aa3546aa246f5.jpg
85757e3db8f1490e8cf37048942aa8d4,,科普,,,,为什么越想忘越忘不掉？,,,https://cdn-private.sm.cn/souti-imgs-lasting/6950e5fde2b8988f9562b147ce08a726_bottomxise.jpg,神奇的世界,,越压它，它跳得越欢,科普《越想越忘不掉》,https://cdn-private.sm.cn/souti-imgs-lasting/cover_gm_01df9f64091775eafc2b1cf595ea85de.jpg,https://cdn-private.sm.cn/souti-imgs-lasting/bd1d30350a89b984c943d6208c44d1ae.png,https://cdn-private.sm.cn/souti-imgs-lasting/bd1d30350a89b984c943d6208c44d1ae.jpg
592ac931e2b7417996bef8e193b1825a,,科普,,,,为什么跑步时肚子会岔气？,,,https://cdn-private.sm.cn/souti-imgs-lasting/20260423_152816_8285e10a18_1ca03fae_bottomxise.jpg,神奇的世界,,呼吸肌在闹脾气,科普《跑步会岔气》,https://cdn-private.sm.cn/souti-imgs-lasting/cover_gm_2198a5fa6a49dda22eb22bb0f92da65a.jpg,https://cdn-private.sm.cn/souti-imgs-lasting/b2ce029f3d9748b688ce405b8d37860b.png,https://cdn-private.sm.cn/souti-imgs-lasting/b2ce029f3d9748b688ce405b8d37860b.jpg
90c9446b57bb4d039aa582e3d15c3ea2,,科普,,,,为什么辣不是一种味道？,,,https://cdn-private.sm.cn/souti-imgs-lasting/20260423_221627_08857d23b1_364616c7_bottomxise.jpg,神奇的世界,,辣，竟然不是味道？,科普《辣不是味道》,https://cdn-private.sm.cn/souti-imgs-lasting/cover_gm_434136794aae4231876a1285d23fb92c.jpg,https://cdn-private.sm.cn/souti-imgs-lasting/0c3617afc5d7a1a15b20a9f4fec11a21.png,https://cdn-private.sm.cn/souti-imgs-lasting/0c3617afc5d7a1a15b20a9f4fec11a21.jpg
555532c6e08e42af80fd1f1bbcfb1b92,,科普,,,,为什么运动完第二天才酸痛？,,,https://cdn-private.sm.cn/souti-imgs-lasting/20260423_221326_4ce8964863_4848e8f6_bottomxise.jpg,神奇的世界,,酸一酸，是变强了,科普《隔天才酸痛》,https://cdn-private.sm.cn/souti-imgs-lasting/cover_gm_d9a21cf50a2c7d650929d87cb092c290.jpg,https://cdn-private.sm.cn/souti-imgs-lasting/23a01e90bc8998911d71b4e4685a3c9f.png,https://cdn-private.sm.cn/souti-imgs-lasting/23a01e90bc8998911d71b4e4685a3c9f.jpg
4e69f5bbc72e4201b57e266cd0e675c7,,科普,,,,为什么闹钟响之前你就醒了？,,,https://cdn-private.sm.cn/souti-imgs-lasting/20260423_152813_08d6726e83_1bb1b023_bottomxise.jpg,神奇的世界,,身体比闹钟还准时,科普《闹钟前先醒》,https://cdn-private.sm.cn/souti-imgs-lasting/cover_gm_617b83624ff7257d8281a1c5bdced13f.jpg,https://cdn-private.sm.cn/souti-imgs-lasting/a46a4e6054fa9815ceb508ce723f804a.png,https://cdn-private.sm.cn/souti-imgs-lasting/a46a4e6054fa9815ceb508ce723f804a.jpg
8be1b04b9c564a1a9097c3c3972b3056,,科普,,,,为什么饿过头反而不饿了？,,,https://cdn-private.sm.cn/souti-imgs-lasting/20260423_221224_7e23630eeb_9ffc436d_bottomxise.jpg,神奇的世界,,身体启动了备用粮,科普《饿过头不饿》,https://cdn-private.sm.cn/souti-imgs-lasting/cover_gm_2fca35350908de4efdfb15b03a70199b.jpg,https://cdn-private.sm.cn/souti-imgs-lasting/fe5c3ebaafdb5b05c6ceb7494be97aeb.png,https://cdn-private.sm.cn/souti-imgs-lasting/fe5c3ebaafdb5b05c6ceb7494be97aeb.jpg
c533af2051b84e0fbb39e9bc6041e4fa,,科普,,,,"为何闭眼后, 眼前还有""烟花""?",,,https://cdn-private.sm.cn/souti-imgs-lasting/20260423_221400_a5751154c3_eb975169_bottomxise.jpg,神奇的世界,,眼睛自己放的烟花,科普《闭眼见烟花》,https://cdn-private.sm.cn/souti-imgs-lasting/cover_gm_7b9bb199451f584c67679fdbacb44085.jpg,https://cdn-private.sm.cn/souti-imgs-lasting/7d65e5e5a5f2fbd6c33e01a06c49298b.png,https://cdn-private.sm.cn/souti-imgs-lasting/7d65e5e5a5f2fbd6c33e01a06c49298b.jpg
d5022f69bb0a415abfa66285c5f4c37e,,科普,,,,为啥人不能同时呼吸和吞咽？,,,https://cdn-private.sm.cn/souti-imgs-lasting/20260423_224731_e90a74bc64_57c8a789_bottomxise.jpg,神奇的世界,,为什么不能边吃边喘？,科普《不能边吃边吸》,https://cdn-private.sm.cn/souti-imgs-lasting/cover_gm_1671f0d9603c65dd644466d7e6eeef48.jpg,https://cdn-private.sm.cn/souti-imgs-lasting/e5a23efca421bb3faeca58700da24f8d.png,https://cdn-private.sm.cn/souti-imgs-lasting/e5a23efca421bb3faeca58700da24f8d.jpg
548dcca6b8ae49e0bb2275ebbf3ae7b2,,科普,,,,人体bug，憋笑=更想笑？,,,https://cdn-private.sm.cn/souti-imgs-lasting/20260423_223217_94d89a7041_29d3afc7_bottomxise.jpg,神奇的世界,,笑点一来，根本憋不住,科普《憋笑更想笑》,https://cdn-private.sm.cn/souti-imgs-lasting/cover_gm_fa1c8326bc04f89a86768e6dee60f10f.jpg,https://cdn-private.sm.cn/souti-imgs-lasting/22635e274eb51ac176052a2bbc3c88ad.png,https://cdn-private.sm.cn/souti-imgs-lasting/22635e274eb51ac176052a2bbc3c88ad.jpg
2c7de8f8ac1445b7a49acc2582529a2c,,科普,,,,壁虎能再生，人凭啥不行？,,,https://cdn-private.sm.cn/souti-imgs-lasting/81fe4d6be5c78de1e1a74c669edb071c_bottomxise.jpg,神奇的世界,,真羡慕它能重来,科普《人不能再生》,https://cdn-private.sm.cn/souti-imgs-lasting/cover_gm_9a0d0e40a20b37d921598163d9a462bf.jpg,https://cdn-private.sm.cn/souti-imgs-lasting/fcde4ac0b3fb47e7a13997a7db1ebc45.png,https://cdn-private.sm.cn/souti-imgs-lasting/fcde4ac0b3fb47e7a13997a7db1ebc45.jpg
8d2c3a810f314676b9a2f332369e07cd,,科普,,,,手机:我没动! 大脑:你就动了!,,,https://cdn-private.sm.cn/souti-imgs-lasting/20260423_151214_174fa64177_c9eabd64_bottomxise.jpg,神奇的世界,,手机没震，你为什么慌？,科普《幻觉手机震》,https://cdn-private.sm.cn/souti-imgs-lasting/cover_gm_c2241824aaeb5a76386afad04b485b7d.jpg,https://cdn-private.sm.cn/souti-imgs-lasting/34c8e5482545c7367ae55b269af1b3da.png,https://cdn-private.sm.cn/souti-imgs-lasting/34c8e5482545c7367ae55b269af1b3da.jpg
edddbc84716449e389885701ffd52820,,科普,,,,救命！录音里这声音是谁？,,,https://cdn-private.sm.cn/souti-imgs-lasting/20260423_160419_7cadae64e3_032607c6_bottomxise.jpg,神奇的世界,,录音里，那是我吗？,科普《录音不像我》,https://cdn-private.sm.cn/souti-imgs-lasting/cover_gm_49d64155230edf1f46616033c7b83dd5.jpg,https://cdn-private.sm.cn/souti-imgs-lasting/99fd7fe728b53a484667f1c82f167054.png,https://cdn-private.sm.cn/souti-imgs-lasting/99fd7fe728b53a484667f1c82f167054.jpg
1ce2a32aaa874c9ba7df9ededb35081c,,科普,,,,晕车，是大脑以为你中毒了！,,,https://cdn-private.sm.cn/souti-imgs-lasting/20260423_162549_3cc593df3b_1c3d312d_bottomxise.jpg,神奇的世界,,不是矫情，是真难受,科普《为啥会晕车》,https://cdn-private.sm.cn/souti-imgs-lasting/cover_gm_6524d9f07cdd30d8535f336b9993f690.jpg,https://cdn-private.sm.cn/souti-imgs-lasting/3557a3925f70caae3c4fe37398a24dab.png,https://cdn-private.sm.cn/souti-imgs-lasting/3557a3925f70caae3c4fe37398a24dab.jpg
032c5bdb03654e128b300dfa50c6e7e4,,科普,,,,"睡觉总被""鬼""拽? 大脑:怪我咯",,,https://cdn-private.sm.cn/souti-imgs-lasting/20260423_222701_3fb3307042_1d2b8de5_bottomxise.jpg,神奇的世界,,"被""鬼压床""，真的吗？",科普《鬼压床》,https://cdn-private.sm.cn/souti-imgs-lasting/cover_gm_e12f01b707388b9ea25bf7972a9c0a12.jpg,https://cdn-private.sm.cn/souti-imgs-lasting/4c90b31b0b2c0dd87460ca87ca464166.png,https://cdn-private.sm.cn/souti-imgs-lasting/4c90b31b0b2c0dd87460ca87ca464166.jpg
8c9abb0e585e4c7db65f50afef3da3e5,,科普,,,,肚子为什么会突然咕咕叫？,,,https://cdn-private.sm.cn/souti-imgs-lasting/20260423_221120_d36175ecb5_aa7fd024_bottomxise.jpg,神奇的世界,,它在提醒你该吃啦,科普《肚子咕咕叫》,https://cdn-private.sm.cn/souti-imgs-lasting/cover_gm_d32eeb15aa00080e97bd43d3e5eddac2.jpg,https://cdn-private.sm.cn/souti-imgs-lasting/c5bd680026a298d2531feee78abee1f3.png,https://cdn-private.sm.cn/souti-imgs-lasting/c5bd680026a298d2531feee78abee1f3.jpg
be600142dc6b405597958cbb2f1eff2c,,科普,,,,谁偷走了你的梦？,,,https://cdn-private.sm.cn/souti-imgs-lasting/20260423_222520_dd86e976e6_d23c97e1_bottomxise.jpg,神奇的世界,,刚做的梦，去哪了？,科普《谁偷走梦》,https://cdn-private.sm.cn/souti-imgs-lasting/cover_gm_a4c9c6a14e340aa68ab7561b02431688.jpg,https://cdn-private.sm.cn/souti-imgs-lasting/61783472abd52bbb5595f0417a2b8a79.png,https://cdn-private.sm.cn/souti-imgs-lasting/61783472abd52bbb5595f0417a2b8a79.jpg
a877f189d7374453b72dea04a5ef0d21,,科普,,,,谁在夜里教你翻身？,,,https://cdn-private.sm.cn/souti-imgs-lasting/20260423_222441_068aaf3da6_201dd56a_bottomxise.jpg,神奇的世界,,睡着了，谁让你翻身？,科普《夜里会翻身》,https://cdn-private.sm.cn/souti-imgs-lasting/cover_gm_699ea6d3610c21eb679f52cfd761f8ca.jpg,https://cdn-private.sm.cn/souti-imgs-lasting/bdbfceabea6083af8e43dfafeee240e1.png,https://cdn-private.sm.cn/souti-imgs-lasting/bdbfceabea6083af8e43dfafeee240e1.jpg
99a4bf01c5b3430a98b93781f33e9aa0,,科普,,,,蹲久一站眼发黑? 真不是贫血!,,,https://cdn-private.sm.cn/souti-imgs-lasting/20260423_221535_4f8b462bc4_71a702e8_bottomxise.jpg,神奇的世界,,猛起身，为什么眼发黑？,科普《蹲久眼发黑》,https://cdn-private.sm.cn/souti-imgs-lasting/cover_gm_c86d82648f27b78a377ca047a7e05b35.jpg,https://cdn-private.sm.cn/souti-imgs-lasting/6e660c389f14a7122cd873a6891b7c7c.png,https://cdn-private.sm.cn/souti-imgs-lasting/6e660c389f14a7122cd873a6891b7c7c.jpg
